<?xml version="1.0" encoding="utf-8"?>
<DataFormats>	
	<DTUnits>
		<Unit NameU="Year" Local="年"></Unit>
		<Unit NameU="Quarter" Local="季"></Unit>
		<Unit NameU="Month" Local="月"></Unit>
		<Unit NameU="Week" Local="周"></Unit>
		<Unit NameU="Day" Local="天"></Unit>
		<Unit NameU="Hour" Local="小时"></Unit>
		<Unit NameU="Minute"	Local="分"></Unit>
		<Unit NameU="Second"	Local="秒"></Unit>			
	</DTUnits>				
	<Strings>
		<String NameU="Normal"	Local="正常"></String>
		<String NameU="Uppercase"	Local="大写"></String>
		<String NameU="Lowercase"	Local="小写"></String>
	</Strings>
	<Durations>
		<Unit NameU="Week"	Local="w."></Unit>
		<Unit NameU="Day"	Local="d."></Unit>		
		<Unit NameU="Hour"	Local="h."></Unit>
		<Unit NameU="Minute"	Local="m."></Unit>
		<Unit NameU="Second"	Local="s."></Unit>
		<Unit NameU="Hour&amp;Minute"	Local="h:m"></Unit>
		<Unit NameU="Minute&amp;Second"	Local="m:s"></Unit>	
	</Durations>
	<Dates Default="0">
		<Date Format="yyyy-MM-dd"></Date>
		<Date Format="yyyy/M/d"></Date>
		<Date Format="M/d/yyyy"></Date>
		<Date Format="M/d/yy"></Date>
		<Date Format="d/M/yyyy"></Date>
		<Date Format="d/M/yy"></Date>
		<Date Format="M.d.yyyy"></Date>
		<Date Format="d.M.yyyy"></Date>
		<Date Format="yy-M-d"></Date>	
		<Date Format="MM-dd-yy"></Date>		
		<Date Format="MMMM d,yyyy"></Date>
		<Date Format="dddd,MMMM dd,yyyy"></Date>
		<Date Format="d MMMM yyyy"></Date>	
		<Date Format="d-MMM-yy"></Date>	
		<Date Format="MMM.d,yy"></Date>
		<Date Format="MMMM yy"></Date>
		<Date Format="MMM-yy"></Date>
		<Date Format="yyyy"></Date>		
		<Date Format="MMM"></Date>
	</Dates>
	<Times Default="2">
		<Time Format="h:mm ap"></Time>
		<Time Format="h:mm:ss ap"></Time>
		<Time Format="hh:mm"></Time>	
		<Time Format="hh:mm:ss"></Time>
		<Time Format="hh"></Time>
		<Time Format="mm"></Time>
		<Time Format="ss"></Time>
	</Times>
	<Units Default="0">
		<Unit Show="TRUE" NameU="None" Flag="None" Local="无"></Unit>
		<Unit Show="TRUE" NameU="kilometre" Flag="km" Local="千米"></Unit>
		<Unit Show="TRUE" NameU="hectometre" Flag="hm" Local="百米"></Unit>
		<Unit Show="TRUE" NameU="decametre" Flag="dam" Local="十米"></Unit>
		<Unit Show="TRUE" NameU="metre" Flag="m" Local="米"></Unit>		
		<Unit Show="TRUE" NameU="decimetre" Flag="dm" Local="分米"></Unit>
		<Unit Show="TRUE" NameU="centimetre" Flag="cm" Local="厘米"></Unit>
		<Unit Show="TRUE" NameU="millimetre" Flag="mm" Local="毫米"></Unit>
		<Unit Show="TRUE" NameU="decimillimetre" Flag="dmm" Local="丝米"></Unit>
		<Unit Show="TRUE" NameU="centimillimetre" Flag="cmm" Local="忽米"></Unit>
		<Unit Show="TRUE" NameU="micrometre" Flag="um" Local="微米"></Unit>
		<Unit Show="TRUE" NameU="nautical mile" Flag="n.m" Local="海里"></Unit>
		<Unit Show="TRUE" NameU="mile" Flag="mi" Local="英里"></Unit>
		<Unit Show="TRUE" NameU="yard" Flag="yd" Local="码"></Unit>
		<Unit Show="TRUE" NameU="foot" Flag="ft" Local="英尺"></Unit>
		<Unit Show="TRUE" NameU="inch" Flag="in" Local="英寸"></Unit>
		<Unit Show="TRUE" NameU="square kilometre" Flag="sq.km" Local="平方公里"></Unit>
		<Unit Show="TRUE" NameU="hectare" Flag="ha" Local="公顷"></Unit>
		<Unit Show="TRUE" NameU="are" Flag="a" Local="公亩"></Unit>		
		<Unit Show="TRUE" NameU="square metre" Flag="sq.m" Local="平方米"></Unit>
		<Unit Show="TRUE" NameU="square centimetre" Flag="sq.cm" Local="平方厘米"></Unit>
		<Unit Show="TRUE" NameU="square mile" Flag="sq.mi" Local="平方英里"></Unit>
		<Unit Show="TRUE" NameU="acre" Flag="ac" Local="英亩"></Unit>
		<Unit Show="TRUE" NameU="square yard" Flag="sq.yd" Local="平方码"></Unit>
		<Unit Show="TRUE" NameU="square foot" Flag="sq.ft" Local="平方英尺"></Unit>
		<Unit Show="TRUE" NameU="square inch" Flag="sq.in" Local="平方英寸"></Unit>
		<Unit Show="TRUE" NameU="tonne" Flag="t" Local="吨"></Unit>
		<Unit Show="TRUE" NameU="quintal" Flag="q" Local="公担"></Unit>
		<Unit Show="TRUE" NameU="kilogram" Flag="kg" Local="公斤"></Unit>
		<Unit Show="TRUE" NameU="hectogramme" Flag="hg" Local="百克"></Unit>
		<Unit Show="TRUE" NameU="decagramme" Flag="dag" Local="十克"></Unit>
		<Unit Show="TRUE" NameU="gramme" Flag="g" Local="克"></Unit>
		<Unit Show="TRUE" NameU="decigramme" Flag="dg" Local="分克"></Unit>
		<Unit Show="TRUE" NameU="centigramme" Flag="cg" Local="厘克"></Unit>
		<Unit Show="TRUE" NameU="milligramme" Flag="mg" Local="毫克"></Unit>
		<Unit Show="TRUE" NameU="microgramme" Flag="ug" Local="微克"></Unit>
		<Unit Show="TRUE" NameU="long ton" Flag="l.t" Local="长吨"></Unit>
		<Unit Show="TRUE" NameU="short ton" Flag="s.t" Local="短吨"></Unit>
		<Unit Show="TRUE" NameU="hundredweight" Flag="cwt" Local="英担"></Unit>
		<Unit Show="TRUE" NameU="stone" Flag="stone" Local="英石"></Unit>
		<Unit Show="TRUE" NameU="pound" Flag="lb" Local="磅"></Unit>
		<Unit Show="TRUE" NameU="ounce" Flag="oz" Local="盎司"></Unit>
		<Unit Show="TRUE" NameU="dram" Flag="dr" Local="打兰"></Unit>
		<Unit Show="TRUE" NameU="grain" Flag="gr" Local="格令"></Unit>	
		<Unit Show="TRUE" NameU="kilolitre" Flag="kl" Local="千升"></Unit>
		<Unit Show="TRUE" NameU="hectolitre" Flag="hl" Local="百升"></Unit>
		<Unit Show="TRUE" NameU="decalitre" Flag="dal" Local="十升"></Unit>
		<Unit Show="TRUE" NameU="litre" Flag="l" Local="升"></Unit>
		<Unit Show="TRUE" NameU="decilitre" Flag="dl" Local="分升"></Unit>
		<Unit Show="TRUE" NameU="centilitre" Flag="cl" Local="厘升"></Unit>
		<Unit Show="TRUE" NameU="millilitre" Flag="ml" Local="毫升"></Unit>	
		<Unit Show="TRUE" NameU="microlitre" Flag="ul" Local="微升"></Unit>
		<Unit Show="TRUE" NameU="bushel" Flag="bsh" Local="蒲式耳"></Unit>
		<Unit Show="TRUE" NameU="peck" Flag="pk" Local="配克"></Unit>
		<Unit Show="TRUE" NameU="gallon" Flag="gal" Local="加仑"></Unit>
		<Unit Show="TRUE" NameU="quart" Flag="qt" Local="夸脱"></Unit>
		<Unit Show="TRUE" NameU="pint" Flag="p" Local="品脱"></Unit>
		<Unit Show="TRUE" NameU="ampere" Flag="A" Local="安培"></Unit>
		<Unit Show="TRUE" NameU="kelvin" Flag="K" Local="开"></Unit>
		<Unit Show="TRUE" NameU="mole" Flag="mol" Local="摩尔"></Unit>
		<Unit Show="TRUE" NameU="candela" Flag="cd" Local="坎德拉"></Unit>
		<Unit Show="TRUE" NameU="second" Flag="s" Local="秒"></Unit>
		<Unit Show="TRUE" NameU="hertz" Flag="Hz" Local="赫兹"></Unit>
		<Unit Show="TRUE" NameU="pascal" Flag="Pa" Local="帕斯卡"></Unit>
		<Unit Show="TRUE" NameU="newton" Flag="N" Local="牛顿"></Unit>
		<Unit Show="TRUE" NameU="joule" Flag="J" Local="焦耳"></Unit>
		<Unit Show="TRUE" NameU="watt" Flag="W" Local="瓦特"></Unit>
		<Unit Show="TRUE" NameU="coulomb" Flag="C" Local="库仑"></Unit>
		<Unit Show="TRUE" NameU="volt" Flag="V" Local="伏特"></Unit>
		<Unit Show="TRUE" NameU="ohm" Flag="Ω" Local="欧姆"></Unit>
		<Unit Show="TRUE" NameU="farad" Flag="F" Local="法拉"></Unit>
		<Unit Show="TRUE" NameU="henry" Flag="H" Local="亨利"></Unit>	
		<Unit Show="TRUE" NameU="centigrade" Flag="°C" Local="摄氏度"></Unit>
		<Unit Show="TRUE" NameU="radian" Flag="rad" Local="弧度"></Unit>
		<Unit Show="TRUE" NameU="steradian" Flag="sr" Local="球面度"></Unit>
		<Unit Show="TRUE" NameU="Custom" Flag="Custom" Local="自定义"></Unit>
	</Units>	
	<Currency Default="9">
		<Cur Country="None" Flag="" NewFlag="" Local="无"></Cur>
		<Cur Country="Australian" Flag="$A." NewFlag="AUD" Local="澳元"></Cur>
		<Cur Country="Canada" Flag="$" NewFlag="CAD" Local="加元"></Cur>
		<Cur Country="Denmark" Flag="D.Kr." NewFlag="DKK" Local="丹麦克朗"></Cur>		
		<Cur Country="Europe" Flag="€" NewFlag="EUR" Local="欧元"></Cur>
		<Cur Country="Hong Kong" Flag="HK$" NewFlag="HKD" Local="港币"></Cur>
		<Cur Country="Japan" Flag="¥" NewFlag="JPY" Local="日元"></Cur>
		<Cur Country="United Kiongdom" Flag="£" NewFlag="GBP" Local="英镑"></Cur>		
		<Cur Country="Sweden" Flag="S.Kr." NewFlag="SEK" Local="瑞典克朗"></Cur>				
		<Cur Country="United States" Flag="$" NewFlag="USD" Local="美元"></Cur>		
		<Cur Country="China" Flag="￥" NewFlag="CNY" Local="元"></Cur>
		<Cur Country="India" Flag="Re." NewFlag="INR" Local="卢比"></Cur>
		<Cur Country="Korea" Flag="KRW" NewFlag="KRW" Local="韩元"></Cur>
		<Cur Country="Malaysia" Flag="M.$" NewFlag="MYR" Local="马元"></Cur>
		<Cur Country="Mexico" Flag="$" NewFlag="MXN" Local="墨西哥比索"></Cur>
		<Cur Country="South Africa" Flag="R." NewFlag="ZAR" Local="兰特"></Cur>
		<Cur Country="Custom" Flag="" NewFlag="" Local="自定义"></Cur>	
	</Currency>
</DataFormats>