<?xml version="1.0" encoding="utf-8"?>
<DataFormats>	
	<DTUnits>
		<Unit NameU="Year" Local="Year"></Unit>
		<Unit NameU="Quarter" Local="Quarter"></Unit>
		<Unit NameU="Month" Local="Month"></Unit>
		<Unit NameU="Week" Local="Week"></Unit>
		<Unit NameU="Day" Local="Day"></Unit>
		<Unit NameU="Hour" Local="Hour"></Unit>
		<Unit NameU="Minute"	Local="Minute"></Unit>
		<Unit NameU="Second"	Local="Second"></Unit>			
	</DTUnits>				
	<Strings>
		<String NameU="Normal"	Local="Normal"></String>
		<String NameU="Uppercase"	Local="Uppercase"></String>
		<String NameU="Lowercase"	Local="Lowercase"></String>
	</Strings>
	<Durations>
		<Unit NameU="Week"	Local="w."></Unit>
		<Unit NameU="Day"	Local="d."></Unit>		
		<Unit NameU="Hour"	Local="h."></Unit>
		<Unit NameU="Minute"	Local="m."></Unit>
		<Unit NameU="Second"	Local="s."></Unit>
		<Unit NameU="Hour&amp;Minute"	Local="h:m"></Unit>
		<Unit NameU="Minute&amp;Second"	Local="m:s"></Unit>	
	</Durations>
	<Dates Default="0">
		<Date Format="yyyy-MM-dd"></Date>
		<Date Format="yyyy/M/d"></Date>
		<Date Format="M/d/yyyy"></Date>
		<Date Format="M/d/yy"></Date>
		<Date Format="d/M/yyyy"></Date>
		<Date Format="d/M/yy"></Date>
		<Date Format="M.d.yyyy"></Date>
		<Date Format="d.M.yyyy"></Date>
		<Date Format="yy-M-d"></Date>	
		<Date Format="MM-dd-yy"></Date>		
		<Date Format="MMMM d,yyyy"></Date>
		<Date Format="dddd,MMMM dd,yyyy"></Date>
		<Date Format="d MMMM yyyy"></Date>	
		<Date Format="d-MMM-yy"></Date>	
		<Date Format="MMM.d,yy"></Date>
		<Date Format="MMMM yy"></Date>
		<Date Format="MMM-yy"></Date>
		<Date Format="yyyy"></Date>		
		<Date Format="MMM"></Date>
	</Dates>
	<Times Default="2">
		<Time Format="h:mm ap"></Time>
		<Time Format="h:mm:ss ap"></Time>
		<Time Format="hh:mm"></Time>	
		<Time Format="hh:mm:ss"></Time>
		<Time Format="hh"></Time>
		<Time Format="mm"></Time>
		<Time Format="ss"></Time>
	</Times>
	<Units Default="0">
		<Unit NameU="None" Flag="" Local="None"></Unit>
		<Unit NameU="Page's Unit" Flag="" Local="Page's Unit"></Unit>
		<Unit NameU="kilometre" Flag="km" Local="kilometre"></Unit>
		<Unit NameU="hectometre" Flag="hm" Local="hectometre"></Unit>
		<Unit NameU="dehcametre" Flag="dam" Local="dehcametre"></Unit>
		<Unit NameU="metre" Flag="m" Local="metre"></Unit>		
		<Unit NameU="decimetre" Flag="dm" Local="decimetre"></Unit>
		<Unit NameU="centimetre" Flag="cm" Local="centimetre"></Unit>
		<Unit NameU="millimetre" Flag="mm" Local="millimetre"></Unit>
		<Unit NameU="decimillimetre" Flag="dmm" Local="decimillimetre"></Unit>
		<Unit NameU="centimillimetre" Flag="cmm" Local="centimillimetre"></Unit>
		<Unit NameU="micrometre" Flag="um" Local="micrometre"></Unit>
		<Unit NameU="nautical mile" Flag="n.m" Local="nautical mile"></Unit>
		<Unit NameU="mile" Flag="mi" Local="mile"></Unit>
		<Unit NameU="yard" Flag="yd" Local="yard"></Unit>
		<Unit NameU="foot" Flag="ft" Local="foot"></Unit>
		<Unit NameU="inch" Flag="in" Local="inch"></Unit>
		<Unit NameU="square kilometre" Flag="sq.km" Local="square kilometre"></Unit>
		<Unit NameU="hectare" Flag="ha" Local="hectare"></Unit>
		<Unit NameU="are" Flag="a" Local="are"></Unit>		
		<Unit NameU="square metre" Flag="sq.m" Local="square metre"></Unit>
		<Unit NameU="square centimetre" Flag="sq.cm" Local="square centimetre"></Unit>
		<Unit NameU="square mile" Flag="sq.mi" Local="square mile"></Unit>
		<Unit NameU="acre" Flag="ac" Local="acre"></Unit>
		<Unit NameU="square yard" Flag="sq.yd" Local="square yard"></Unit>
		<Unit NameU="square foot" Flag="sq.ft" Local="square foot"></Unit>
		<Unit NameU="square inch" Flag="sq.in" Local="square inch"></Unit>
		<Unit NameU="tonne" Flag="t" Local="tonne"></Unit>
		<Unit NameU="quintal" Flag="q" Local="quintal"></Unit>
		<Unit NameU="kilogram" Flag="kg" Local="kilogram"></Unit>
		<Unit NameU="hectogramme" Flag="hg" Local="hectogramme"></Unit>
		<Unit NameU="decagramme" Flag="dag" Local="decagramme"></Unit>
		<Unit NameU="gramme" Flag="g" Local="gramme"></Unit>
		<Unit NameU="decigramme" Flag="dg" Local="decigramme"></Unit>
		<Unit NameU="centigramme" Flag="cg" Local="centigramme"></Unit>
		<Unit NameU="milligramme" Flag="mg" Local="milligramme"></Unit>
		<Unit NameU="microgramme" Flag="ug" Local="microgramme"></Unit>
		<Unit NameU="long ton" Flag="l.t" Local="long ton"></Unit>
		<Unit NameU="short ton" Flag="s.t" Local="short ton"></Unit>
		<Unit NameU="hundredweight" Flag="cwt" Local="hundredweight"></Unit>
		<Unit NameU="stone" Flag="stone" Local="stone"></Unit>
		<Unit NameU="pound" Flag="lb" Local="pound"></Unit>
		<Unit NameU="ounce" Flag="oz" Local="ounce"></Unit>
		<Unit NameU="dram" Flag="dr" Local="dram"></Unit>
		<Unit NameU="grain" Flag="gr" Local="grain"></Unit>	
		<Unit NameU="kilolitre" Flag="kl" Local="kilolitre"></Unit>
		<Unit NameU="hectolitre" Flag="hl" Local="hectolitre"></Unit>
		<Unit NameU="decalitre" Flag="dal" Local="decalitre"></Unit>
		<Unit NameU="litre" Flag="l" Local="litre"></Unit>
		<Unit NameU="decilitre" Flag="dl" Local="decilitre"></Unit>
		<Unit NameU="centilitre" Flag="cl" Local="centilitre"></Unit>
		<Unit NameU="millilitre" Flag="ml" Local="millilitre"></Unit>	
		<Unit NameU="microlitre" Flag="ul" Local="microlitre"></Unit>
		<Unit NameU="bushel" Flag="bsh" Local="bushel"></Unit>
		<Unit NameU="peck" Flag="pk" Local="peck"></Unit>
		<Unit NameU="gallon" Flag="gal" Local="gallon"></Unit>
		<Unit NameU="quart" Flag="qt" Local="quart"></Unit>
		<Unit NameU="pint" Flag="p" Local="pint"></Unit>
		<Unit NameU="ampere" Flag="A" Local="ampere"></Unit>
		<Unit NameU="kelvin" Flag="K" Local="kelvin"></Unit>
		<Unit NameU="mole" Flag="mol" Local="mole"></Unit>
		<Unit NameU="candela" Flag="cd" Local="candela"></Unit>
		<Unit NameU="second" Flag="s" Local="second"></Unit>
		<Unit NameU="hertz" Flag="Hz" Local="hertz"></Unit>
		<Unit NameU="pascal" Flag="Pa" Local="pascal"></Unit>
		<Unit NameU="newton" Flag="N" Local="newton"></Unit>
		<Unit NameU="joule" Flag="J" Local="joule"></Unit>
		<Unit NameU="watt" Flag="W" Local="watt"></Unit>
		<Unit NameU="coulomb" Flag="C" Local="coulomb"></Unit>
		<Unit NameU="volt" Flag="V" Local="volt"></Unit>
		<Unit NameU="ohm" Flag="Ω" Local="ohm"></Unit>
		<Unit NameU="farad" Flag="F" Local="farad"></Unit>
		<Unit NameU="henry" Flag="H" Local="henry"></Unit>	
		<Unit NameU="centigrade" Flag="°C" Local="centigrade"></Unit>
		<Unit NameU="radian" Flag="rad" Local="radian"></Unit>
		<Unit NameU="steradian" Flag="sr" Local="steradian"></Unit>
		<Unit NameU="Custom" Flag="" Local="Custom"></Unit>	
	</Units>	
	<Currency Default="9">
		<Cur Country="None" Flag="" NewFlag="" Local="None"></Cur>
		<Cur Country="Australian" Flag="$A." NewFlag="AUD" Local="Australian Dollar"></Cur>
		<Cur Country="Canada" Flag="$" NewFlag="CAD" Local="Canadian Dollar"></Cur>
		<Cur Country="Denmark" Flag="D.Kr." NewFlag="DKK" Local="Danish Krone"></Cur>		
		<Cur Country="Europe" Flag="€" NewFlag="EUR" Local="Euro"></Cur>
		<Cur Country="Hong Kong" Flag="HK$" NewFlag="HKD" Local="Hong Kong Dollar"></Cur>
		<Cur Country="Japan" Flag="¥" NewFlag="JPY" Local="Japanese yen"></Cur>
		<Cur Country="United Kiongdom" Flag="£" NewFlag="GBP" Local="Pound Sterling"></Cur>		
		<Cur Country="Sweden" Flag="S.Kr." NewFlag="SEK" Local="Swedish Krona"></Cur>				
		<Cur Country="United States" Flag="$" NewFlag="USD" Local="US Dollar"></Cur>		
		<Cur Country="China" Flag="￥" NewFlag="CNY" Local="Yuan Renminbi"></Cur>
		<Cur Country="India" Flag="Re." NewFlag="INR" Local="Indian Rupee"></Cur>
		<Cur Country="Korea" Flag="KRW" NewFlag="KRW" Local="South Korean Won"></Cur>
		<Cur Country="Malaysia" Flag="M.$" NewFlag="MYR" Local="Malaysian Ringgit"></Cur>
		<Cur Country="Mexico" Flag="$" NewFlag="MXN" Local="Mexican Peso"></Cur>
		<Cur Country="South Africa" Flag="R." NewFlag="ZAR" Local="South African Rand"></Cur>
		<Cur Country="Custom" Flag="" NewFlag="" Local="Custom"></Cur>	
	</Currency>
</DataFormats>