<?xml version="1.0" encoding="utf-8"?>
<DataFormats>	
	<DTUnits>
		<Unit NameU="Year" Local="Anno"></Unit>
		<Unit NameU="Quarter" Local="Trimestre"></Unit>
		<Unit NameU="Month" Local="Mese"></Unit>
		<Unit NameU="Week" Local="Settimana"></Unit>
		<Unit NameU="Day" Local="Giorno"></Unit>
		<Unit NameU="Hour" Local="Ora"></Unit>
		<Unit NameU="Minute"	Local="Minuto"></Unit>
		<Unit NameU="Second"	Local="Secondo"></Unit>			
	</DTUnits>				
	<Strings>
		<String NameU="Normal"	Local="Normale"></String>
		<String NameU="Uppercase"	Local="Maiuscolo"></String>
		<String NameU="Lowercase"	Local="Minuscolo"></String>
	</Strings>
	<Durations>
		<Unit NameU="Week"	Local="s."></Unit>
		<Unit NameU="Day"	Local="g."></Unit>		
		<Unit NameU="Hour"	Local="o."></Unit>
		<Unit NameU="Minute"	Local="m."></Unit>
		<Unit NameU="Second"	Local="s."></Unit>
		<Unit NameU="Hour&amp;Minute"	Local="o:m"></Unit>
		<Unit NameU="Minute&amp;Second"	Local="m:s"></Unit>	
	</Durations>
	<Dates Default="0">
		<Date Format="yyyy-MM-dd"></Date>
		<Date Format="yyyy/M/d"></Date>
		<Date Format="M/d/yyyy"></Date>
		<Date Format="M/d/yy"></Date>
		<Date Format="d/M/yyyy"></Date>
		<Date Format="d/M/yy"></Date>
		<Date Format="M.d.yyyy"></Date>
		<Date Format="d.M.yyyy"></Date>
		<Date Format="yy-M-d"></Date>	
		<Date Format="MM-dd-yy"></Date>		
		<Date Format="MMMM d,yyyy"></Date>
		<Date Format="dddd,MMMM dd,yyyy"></Date>
		<Date Format="d MMMM yyyy"></Date>	
		<Date Format="d-MMM-yy"></Date>	
		<Date Format="MMM.d,yy"></Date>
		<Date Format="MMMM yy"></Date>
		<Date Format="MMM-yy"></Date>
		<Date Format="yyyy"></Date>		
		<Date Format="MMM"></Date>
	</Dates>
	<Times Default="2">
		<Time Format="h:mm ap"></Time>
		<Time Format="h:mm:ss ap"></Time>
		<Time Format="hh:mm"></Time>	
		<Time Format="hh:mm:ss"></Time>
		<Time Format="hh"></Time>
		<Time Format="mm"></Time>
		<Time Format="ss"></Time>
	</Times>
	<Units Default="0">
		<Unit NameU="None" Flag="" Local="Nessuno"></Unit>
		<Unit NameU="Page's Unit" Flag="" Local="Unità di Pagina"></Unit>
		<Unit NameU="kilometre" Flag="km" Local="chilometro"></Unit>
		<Unit NameU="hectometre" Flag="hm" Local="ettometro"></Unit>
		<Unit NameU="dehcametre" Flag="dam" Local="decametro"></Unit>
		<Unit NameU="metre" Flag="m" Local="metro"></Unit>		
		<Unit NameU="decimetre" Flag="dm" Local="decimetro"></Unit>
		<Unit NameU="centimetre" Flag="cm" Local="centimetro"></Unit>
		<Unit NameU="millimetre" Flag="mm" Local="milligrammo"></Unit>
		<Unit NameU="decimillimetre" Flag="dmm" Local="decimillimetro"></Unit>
		<Unit NameU="centimillimetre" Flag="cmm" Local="centimillimetro"></Unit>
		<Unit NameU="micrometre" Flag="um" Local="micrometro"></Unit>
		<Unit NameU="nautical mile" Flag="n.m" Local="miglio nautico"></Unit>
		<Unit NameU="mile" Flag="mi" Local="miglio"></Unit>
		<Unit NameU="yard" Flag="yd" Local="iarda"></Unit>
		<Unit NameU="foot" Flag="ft" Local="piede"></Unit>
		<Unit NameU="inch" Flag="in" Local="pollice"></Unit>
		<Unit NameU="square kilometre" Flag="sq.km" Local="chilometro quadro"></Unit>
		<Unit NameU="hectare" Flag="ha" Local="ettaro"></Unit>
		<Unit NameU="are" Flag="a" Local="ara"></Unit>		
		<Unit NameU="square metre" Flag="sq.m" Local="metro quadro"></Unit>
		<Unit NameU="square centimetre" Flag="sq.cm" Local="centimetro quadro"></Unit>
		<Unit NameU="square mile" Flag="sq.mi" Local="miglio quadro"></Unit>
		<Unit NameU="acre" Flag="ac" Local="acro"></Unit>
		<Unit NameU="square yard" Flag="sq.yd" Local="iarda quadra"></Unit>
		<Unit NameU="square foot" Flag="sq.ft" Local="piede quadro"></Unit>
		<Unit NameU="square inch" Flag="sq.in" Local="pollice quadro"></Unit>
		<Unit NameU="tonne" Flag="t" Local="tonnellata"></Unit>
		<Unit NameU="quintal" Flag="q" Local="quintale"></Unit>
		<Unit NameU="kilogram" Flag="kg" Local="chilogrammo"></Unit>
		<Unit NameU="hectogramme" Flag="hg" Local="ettogrammo"></Unit>
		<Unit NameU="decagramme" Flag="dag" Local="decagrammo"></Unit>
		<Unit NameU="gramme" Flag="g" Local="grammo"></Unit>
		<Unit NameU="decigramme" Flag="dg" Local="decigrammo"></Unit>
		<Unit NameU="centigramme" Flag="cg" Local="centigrammo"></Unit>
		<Unit NameU="milligramme" Flag="mg" Local="milligrammo"></Unit>
		<Unit NameU="microgramme" Flag="ug" Local="microgrammo"></Unit>
		<Unit NameU="long ton" Flag="l.t" Local="tonnellata lunga"></Unit>
		<Unit NameU="short ton" Flag="s.t" Local="tonnellata corta"></Unit>
		<Unit NameU="hundredweight" Flag="cwt" Local="hundredweight"></Unit>
		<Unit NameU="stone" Flag="stone" Local="stone"></Unit>
		<Unit NameU="pound" Flag="lb" Local="pound"></Unit>
		<Unit NameU="ounce" Flag="oz" Local="oncia"></Unit>
		<Unit NameU="dram" Flag="dr" Local="dramma"></Unit>
		<Unit NameU="grain" Flag="gr" Local="grano"></Unit>	
		<Unit NameU="kilolitre" Flag="kl" Local="chilolitro"></Unit>
		<Unit NameU="hectolitre" Flag="hl" Local="ettolitro"></Unit>
		<Unit NameU="decalitre" Flag="dal" Local="decalitro"></Unit>
		<Unit NameU="litre" Flag="l" Local="litro"></Unit>
		<Unit NameU="decilitre" Flag="dl" Local="decilitro"></Unit>
		<Unit NameU="centilitre" Flag="cl" Local="centilitro"></Unit>
		<Unit NameU="millilitre" Flag="ml" Local="millilitro"></Unit>	
		<Unit NameU="microlitre" Flag="ul" Local="microlitro"></Unit>
		<Unit NameU="bushel" Flag="bsh" Local="bushel"></Unit>
		<Unit NameU="peck" Flag="pk" Local="peck"></Unit>
		<Unit NameU="gallon" Flag="gal" Local="gallone"></Unit>
		<Unit NameU="quart" Flag="qt" Local="quarto"></Unit>
		<Unit NameU="pint" Flag="p" Local="pinta"></Unit>
		<Unit NameU="ampere" Flag="A" Local="ampere"></Unit>
		<Unit NameU="kelvin" Flag="K" Local="kelvin"></Unit>
		<Unit NameU="mole" Flag="mol" Local="mole"></Unit>
		<Unit NameU="candela" Flag="cd" Local="candela"></Unit>
		<Unit NameU="second" Flag="s" Local="secondo"></Unit>
		<Unit NameU="hertz" Flag="Hz" Local="hertz"></Unit>
		<Unit NameU="pascal" Flag="Pa" Local="pascal"></Unit>
		<Unit NameU="newton" Flag="N" Local="newton"></Unit>
		<Unit NameU="joule" Flag="J" Local="joule"></Unit>
		<Unit NameU="watt" Flag="W" Local="watt"></Unit>
		<Unit NameU="coulomb" Flag="C" Local="coulomb"></Unit>
		<Unit NameU="volt" Flag="V" Local="volt"></Unit>
		<Unit NameU="ohm" Flag="Ω" Local="ohm"></Unit>
		<Unit NameU="farad" Flag="F" Local="farad"></Unit>
		<Unit NameU="henry" Flag="H" Local="henry"></Unit>	
		<Unit NameU="centigrade" Flag="°C" Local="centigrado"></Unit>
		<Unit NameU="radian" Flag="rad" Local="radiante"></Unit>
		<Unit NameU="steradian" Flag="sr" Local="steradiante"></Unit>
		<Unit NameU="Custom" Flag="" Local="Personalizzato"></Unit>	
	</Units>	
	<Currency Default="9">
		<Cur Country="None" Flag="" NewFlag="" Local="Nessuno"></Cur>
		<Cur Country="Australian" Flag="$A." NewFlag="AUD" Local="Dollaro Australiano"></Cur>
		<Cur Country="Canada" Flag="$" NewFlag="CAD" Local="Dollaro Canadese"></Cur>
		<Cur Country="Denmark" Flag="D.Kr." NewFlag="DKK" Local="Corona Danese"></Cur>		
		<Cur Country="Europe" Flag="€" NewFlag="EUR" Local="Euro"></Cur>
		<Cur Country="Hong Kong" Flag="HK$" NewFlag="HKD" Local="Dollaro di Hong Kong"></Cur>
		<Cur Country="Japan" Flag="¥" NewFlag="JPY" Local="Yen Giapponese"></Cur>
		<Cur Country="United Kiongdom" Flag="£" NewFlag="GBP" Local="Sterlina Britannica"></Cur>		
		<Cur Country="Sweden" Flag="S.Kr." NewFlag="SEK" Local="Corona Svedese"></Cur>				
		<Cur Country="United States" Flag="$" NewFlag="USD" Local="Dollaro Americano"></Cur>		
		<Cur Country="China" Flag="￥" NewFlag="CNY" Local="Yuan Renminbi"></Cur>
		<Cur Country="India" Flag="Re." NewFlag="INR" Local="Rupia Indiana"></Cur>
		<Cur Country="Korea" Flag="KRW" NewFlag="KRW" Local="Won Sudcoreano"></Cur>
		<Cur Country="Malaysia" Flag="M.$" NewFlag="MYR" Local="Ringgit Malese"></Cur>
		<Cur Country="Mexico" Flag="$" NewFlag="MXN" Local="Peso Messicano"></Cur>
		<Cur Country="South Africa" Flag="R." NewFlag="ZAR" Local="Rand Sudafricano"></Cur>
		<Cur Country="Custom" Flag="" NewFlag="" Local="Personalizzato"></Cur>	
	</Currency>
</DataFormats>