<?xml version="1.0" encoding="utf-8"?>
<DataFormats>	
	<DTUnits>
		<Unit NameU="Year" Local="年"></Unit>
		<Unit NameU="Quarter" Local="四半期"></Unit>
		<Unit NameU="Month" Local="月"></Unit>
		<Unit NameU="Week" Local="週"></Unit>
		<Unit NameU="Day" Local="日"></Unit>
		<Unit NameU="Hour" Local="時"></Unit>
		<Unit NameU="Minute"	Local="分"></Unit>
		<Unit NameU="Second"	Local="秒"></Unit>			
	</DTUnits>				
	<Strings>
		<String NameU="Normal"	Local="一般的"></String>
		<String NameU="Uppercase"	Local="大文字"></String>
		<String NameU="Lowercase"	Local="小文字"></String>
	</Strings>
	<Durations>
		<Unit NameU="Week"	Local="週"></Unit>
		<Unit NameU="Day"	Local="日"></Unit>		
		<Unit NameU="Hour"	Local="時間"></Unit>
		<Unit NameU="Minute"	Local="分"></Unit>
		<Unit NameU="Second"	Local="秒"></Unit>
		<Unit NameU="Hour&amp;Minute"	Local="時間：分"></Unit>
		<Unit NameU="Minute&amp;Second"	Local="分：秒"></Unit>	
	</Durations>
	<Dates Default="0">
		<Date Format="yyyy-MM-dd"></Date>
		<Date Format="yyyy/M/d"></Date>
		<Date Format="M/d/yyyy"></Date>
		<Date Format="M/d/yy"></Date>
		<Date Format="d/M/yyyy"></Date>
		<Date Format="d/M/yy"></Date>
		<Date Format="M.d.yyyy"></Date>
		<Date Format="d.M.yyyy"></Date>
		<Date Format="yy-M-d"></Date>	
		<Date Format="MM-dd-yy"></Date>		
		<Date Format="MMMM d,yyyy"></Date>
		<Date Format="dddd,MMMM dd,yyyy"></Date>
		<Date Format="d MMMM yyyy"></Date>	
		<Date Format="d-MMM-yy"></Date>	
		<Date Format="MMM.d,yy"></Date>
		<Date Format="MMMM yy"></Date>
		<Date Format="MMM-yy"></Date>
		<Date Format="yyyy"></Date>		
		<Date Format="MMM"></Date>
	</Dates>
	<Times Default="2">
		<Time Format="h:mm ap"></Time>
		<Time Format="h:mm:ss ap"></Time>
		<Time Format="hh:mm"></Time>	
		<Time Format="hh:mm:ss"></Time>
		<Time Format="hh"></Time>
		<Time Format="mm"></Time>
		<Time Format="ss"></Time>
	</Times>
	<Units Default="0">
		<Unit Show="TRUE" NameU="None" Flag="None" Local="なし"></Unit>
		<Unit Show="TRUE" NameU="kilometre" Flag="km" Local="キロメートル"></Unit>
		<Unit Show="TRUE" NameU="hectometre" Flag="hm" Local="百メートル"></Unit>
		<Unit Show="TRUE" NameU="decametre" Flag="dam" Local="デカメートル"></Unit>
		<Unit Show="TRUE" NameU="metre" Flag="m" Local="メートル"></Unit>		
		<Unit Show="TRUE" NameU="decimetre" Flag="dm" Local="デシメートル"></Unit>
		<Unit Show="TRUE" NameU="centimetre" Flag="cm" Local="センチメートル"></Unit>
		<Unit Show="TRUE" NameU="millimetre" Flag="mm" Local="ミリメートル"></Unit>
		<Unit Show="TRUE" NameU="decimillimetre" Flag="dmm" Local="デシミリメートル"></Unit>
		<Unit Show="TRUE" NameU="centimillimetre" Flag="cmm" Local="センチミリメートル"></Unit>
		<Unit Show="TRUE" NameU="micrometre" Flag="um" Local="マイクロメートル"></Unit>
		<Unit Show="TRUE" NameU="nautical mile" Flag="n.m" Local="海里"></Unit>
		<Unit Show="TRUE" NameU="mile" Flag="mi" Local="マイル"></Unit>
		<Unit Show="TRUE" NameU="yard" Flag="yd" Local="ヤード"></Unit>
		<Unit Show="TRUE" NameU="foot" Flag="ft" Local="フィート"></Unit>
		<Unit Show="TRUE" NameU="inch" Flag="in" Local="インチ"></Unit>
		<Unit Show="TRUE" NameU="square kilometre" Flag="sq.km" Local="平方キロメートル"></Unit>
		<Unit Show="TRUE" NameU="hectare" Flag="ha" Local="ヘクタール"></Unit>
		<Unit Show="TRUE" NameU="are" Flag="a" Local="アール"></Unit>		
		<Unit Show="TRUE" NameU="square metre" Flag="sq.m" Local="平方メートル"></Unit>
		<Unit Show="TRUE" NameU="square centimetre" Flag="sq.cm" Local="平方センチメートル"></Unit>
		<Unit Show="TRUE" NameU="square mile" Flag="sq.mi" Local="平方マイル"></Unit>
		<Unit Show="TRUE" NameU="acre" Flag="ac" Local="エーカー"></Unit>
		<Unit Show="TRUE" NameU="square yard" Flag="sq.yd" Local="平方ヤード"></Unit>
		<Unit Show="TRUE" NameU="square foot" Flag="sq.ft" Local="平方フィート"></Unit>
		<Unit Show="TRUE" NameU="square inch" Flag="sq.in" Local="平方インチ"></Unit>
		<Unit Show="TRUE" NameU="tonne" Flag="t" Local="トン"></Unit>
		<Unit Show="TRUE" NameU="quintal" Flag="q" Local="キンタル"></Unit>
		<Unit Show="TRUE" NameU="kilogram" Flag="kg" Local="キログラム"></Unit>
		<Unit Show="TRUE" NameU="hectogramme" Flag="hg" Local="ヘクトグラム"></Unit>
		<Unit Show="TRUE" NameU="decagramme" Flag="dag" Local="デカグラム"></Unit>
		<Unit Show="TRUE" NameU="gramme" Flag="g" Local="グラム"></Unit>
		<Unit Show="TRUE" NameU="decigramme" Flag="dg" Local="デシグラム"></Unit>
		<Unit Show="TRUE" NameU="centigramme" Flag="cg" Local="センチグラム"></Unit>
		<Unit Show="TRUE" NameU="milligramme" Flag="mg" Local="ミリグラム"></Unit>
		<Unit Show="TRUE" NameU="microgramme" Flag="ug" Local="マイクログラム"></Unit>
		<Unit Show="TRUE" NameU="long ton" Flag="l.t" Local="ロングトン"></Unit>
		<Unit Show="TRUE" NameU="short ton" Flag="s.t" Local="ショートトン"></Unit>
		<Unit Show="TRUE" NameU="hundredweight" Flag="cwt" Local="ハンドレッドウェイト"></Unit>
		<Unit Show="TRUE" NameU="stone" Flag="stone" Local="石"></Unit>
		<Unit Show="TRUE" NameU="pound" Flag="lb" Local="ポンド"></Unit>
		<Unit Show="TRUE" NameU="ounce" Flag="oz" Local="オンス"></Unit>
		<Unit Show="TRUE" NameU="dram" Flag="dr" Local="ドラム"></Unit>
		<Unit Show="TRUE" NameU="grain" Flag="gr" Local="グレーン"></Unit>	
		<Unit Show="TRUE" NameU="kilolitre" Flag="kl" Local="キロリットル"></Unit>
		<Unit Show="TRUE" NameU="hectolitre" Flag="hl" Local="ヘクトリットル"></Unit>
		<Unit Show="TRUE" NameU="decalitre" Flag="dal" Local="デカリットル"></Unit>
		<Unit Show="TRUE" NameU="litre" Flag="l" Local="リットル"></Unit>
		<Unit Show="TRUE" NameU="decilitre" Flag="dl" Local="デシリットル"></Unit>
		<Unit Show="TRUE" NameU="centilitre" Flag="cl" Local="センチリットル"></Unit>
		<Unit Show="TRUE" NameU="millilitre" Flag="ml" Local="ミリリットル"></Unit>	
		<Unit Show="TRUE" NameU="microlitre" Flag="ul" Local="マイクロリットル"></Unit>
		<Unit Show="TRUE" NameU="bushel" Flag="bsh" Local="ブッシェル"></Unit>
		<Unit Show="TRUE" NameU="peck" Flag="pk" Local="ペック"></Unit>
		<Unit Show="TRUE" NameU="gallon" Flag="gal" Local="ガロン"></Unit>
		<Unit Show="TRUE" NameU="quart" Flag="qt" Local="クォート"></Unit>
		<Unit Show="TRUE" NameU="pint" Flag="p" Local="パイント"></Unit>
		<Unit Show="TRUE" NameU="ampere" Flag="A" Local="アンペア"></Unit>
		<Unit Show="TRUE" NameU="kelvin" Flag="K" Local="ケルビン"></Unit>
		<Unit Show="TRUE" NameU="mole" Flag="mol" Local="モル"></Unit>
		<Unit Show="TRUE" NameU="candela" Flag="cd" Local="カンデラ"></Unit>
		<Unit Show="TRUE" NameU="second" Flag="s" Local="秒"></Unit>
		<Unit Show="TRUE" NameU="hertz" Flag="Hz" Local="ヘルツ"></Unit>
		<Unit Show="TRUE" NameU="pascal" Flag="Pa" Local="パスカル"></Unit>
		<Unit Show="TRUE" NameU="newton" Flag="N" Local="ニュートン"></Unit>
		<Unit Show="TRUE" NameU="joule" Flag="J" Local="ジュール"></Unit>
		<Unit Show="TRUE" NameU="watt" Flag="W" Local="ワット"></Unit>
		<Unit Show="TRUE" NameU="coulomb" Flag="C" Local="クーロン"></Unit>
		<Unit Show="TRUE" NameU="volt" Flag="V" Local="ボルト"></Unit>
		<Unit Show="TRUE" NameU="ohm" Flag="Ω" Local="オーム"></Unit>
		<Unit Show="TRUE" NameU="farad" Flag="F" Local="ファラド"></Unit>
		<Unit Show="TRUE" NameU="henry" Flag="H" Local="ヘンリー"></Unit>	
		<Unit Show="TRUE" NameU="centigrade" Flag="°C" Local="摂氏"></Unit>
		<Unit Show="TRUE" NameU="radian" Flag="rad" Local="ラジアン"></Unit>
		<Unit Show="TRUE" NameU="steradian" Flag="sr" Local="ステラジアン"></Unit>
		<Unit Show="TRUE" NameU="Custom" Flag="" Local="カスタム"></Unit>	
	</Units>	
	<Currency Default="9">
		<Cur Show="TRUE" Country="なし" Flag="" NewFlag="" Local="なし"></Cur>
		<Cur Show="TRUE" Country="オーストラリア" Flag="$A." NewFlag="AUD" Local="豪ドル"></Cur>
		<Cur Show="TRUE" Country="カナダ" Flag="$" NewFlag="CAD" Local="カナダドル"></Cur>
		<Cur Show="TRUE" Country="デンマーク" Flag="D.Kr." NewFlag="DKK" Local="デンマーク・クローネ"></Cur>		
		<Cur Show="TRUE" Country="ヨーロッパ" Flag="€" NewFlag="EUR" Local="ユーロ"></Cur>
		<Cur Show="TRUE" Country="香港" Flag="HK$" NewFlag="HKD" Local="香港ドル"></Cur>
		<Cur Show="TRUE" Country="日本" Flag="¥" NewFlag="JPY" Local="日本円"></Cur>
		<Cur Show="TRUE" Country="イギリス" Flag="£" NewFlag="GBP" Local="英ポンド"></Cur>		
		<Cur Show="TRUE" Country="スウェーデン" Flag="S.Kr." NewFlag="SEK" Local="スウェーデン・クローナ"></Cur>				
		<Cur Show="TRUE" Country="アメリカ" Flag="$" NewFlag="USD" Local="ドル"></Cur>		
		<Cur Show="TRUE" Country="中国" Flag="￥" NewFlag="CNY" Local="人民幣"></Cur>
		<Cur Show="TRUE" Country="インド" Flag="Re." NewFlag="INR" Local="インドルピー"></Cur>
		<Cur Show="TRUE" Country="韓国" Flag="KRW" NewFlag="KRW" Local="韓国ウォン"></Cur>
		<Cur Show="TRUE" Country="マレーシア" Flag="M.$" NewFlag="MYR" Local="マレーシアリンギット"></Cur>
		<Cur Show="TRUE" Country="メキシコ" Flag="$" NewFlag="MXN" Local="メキシコペソ"></Cur>
		<Cur Show="TRUE" Country="南アフリカ" Flag="R." NewFlag="ZAR" Local="南アフリカランド"></Cur>
		<Cur Show="TRUE" Country="Custom" Flag="" NewFlag="" Local="カスタム"></Cur>
	</Currency>
</DataFormats>