<?xml version="1.0" encoding="utf-8"?>
<Lib NameU="Tourism">
    <Elem Name="Bank card" Prompt="Bank card" NameU="Bank card" PromptU="Bank card"/>
    <Elem Name="Wallet" Prompt="Wallet" NameU="Wallet" PromptU="Wallet"/>
    <Elem Name="Memo" Prompt="Memo" NameU="Memo" PromptU="Memo"/>
    <Elem Name="Clock" Prompt="Clock" NameU="Clock" PromptU="Clock"/>
    <Elem Name="Tickets" Prompt="Tickets" NameU="Tickets" PromptU="Tickets"/>
    <Elem Name="Snow mountain" Prompt="Snow mountain" NameU="Snow mountain" PromptU="Snow mountain"/>
    <Elem Name="Compass" Prompt="Compass" NameU="Compass" PromptU="Compass"/>
    <Elem Name="Shopping bags" Prompt="Shopping bags" NameU="Shopping bags" PromptU="Shopping bags"/>
    <Elem Name="Air ticket" Prompt="Air ticket" NameU="Air ticket" PromptU="Air ticket"/>
    <Elem Name="Visa" Prompt="Visa" NameU="Visa" PromptU="Visa"/>
    <Elem Name="Taxi" Prompt="Taxi" NameU="Taxi" PromptU="Taxi"/>
    <Elem Name="Camera" Prompt="Camera" NameU="Camera" PromptU="Camera"/>
    <Elem Name="Luggage" Prompt="Luggage" NameU="Luggage" PromptU="Luggage"/>
    <Elem Name="Hotel" Prompt="Hotel" NameU="Hotel" PromptU="Hotel"/>
    <Elem Name="Fruit juice" Prompt="Fruit juice" NameU="Fruit juice" PromptU="Fruit juice"/>
    <Elem Name="Coconut tree" Prompt="Coconut tree" NameU="Coconut tree" PromptU="Coconut tree"/>
    <Elem Name="Ice cream" Prompt="Ice cream" NameU="Ice cream" PromptU="Ice cream"/>
    <Elem Name="Currency conversion" Prompt="Currency conversion" NameU="Currency conversion" PromptU="Currency conversion"/>
    <Elem Name="Ice cream" Prompt="Ice cream" NameU="Ice cream" PromptU="Ice cream"/>
    <Elem Name="Map" Prompt="Map" NameU="Map" PromptU="Map"/>
    <Elem Name="Fine food" Prompt="Fine food" NameU="Fine food" PromptU="Fine food"/>
    <Elem Name="Flip-flops" Prompt="Flip-flops" NameU="Flip-flops" PromptU="Flip-flops"/>
    <Elem Name="Hot air balloon" Prompt="Hot air balloon" NameU="Hot air balloon" PromptU="Hot air balloon"/>
    <Elem Name="Guideboard" Prompt="Guideboard" NameU="Guideboard" PromptU="Guideboard"/>
    <Elem Name="Umbrella" Prompt="Umbrella" NameU="Umbrella" PromptU="Umbrella"/>
    <Elem Name="Train" Prompt="Train" NameU="Train" PromptU="Train"/>
    <Elem Name="Double-decker bus" Prompt="Double-decker bus" NameU="Double-decker bus" PromptU="Double-decker bus"/>
    <Elem Name="Sun hat" Prompt="Sun hat" NameU="Sun hat" PromptU="Sun hat"/>
    <Elem Name="Backpack" Prompt="Backpack" NameU="Backpack" PromptU="Backpack"/>
    <Elem Name="Address" Prompt="Address" NameU="Address" PromptU="Address"/>
    <Elem Name="Luggage cart" Prompt="Luggage cart" NameU="Luggage cart" PromptU="Luggage cart"/>
</Lib>
