<?xml version="1.0" encoding="utf-8"?>
<Lib NameU="Transportation">
    <Elem Name="Aircraft" Prompt="Aircraft" NameU="Aircraft" PromptU="Aircraft"/>
    <Elem Name="Electrocar" Prompt="Electrocar" NameU="Electrocar" PromptU="Electrocar"/>
    <Elem Name="Sedan" Prompt="Sedan" NameU="Sedan" PromptU="Sedan"/>
    <Elem Name="Subway" Prompt="Subway" NameU="Subway" PromptU="Subway"/>
    <Elem Name="Traffic light" Prompt="Traffic light" NameU="Traffic light" PromptU="Traffic light"/>
    <Elem Name="Bus" Prompt="Bus" NameU="Bus" PromptU="Bus"/>
    <Elem Name="Electrocar" Prompt="Electrocar" NameU="Electrocar" PromptU="Electrocar"/>
    <Elem Name="Steamship" Prompt="Steamship" NameU="Steamship" PromptU="Steamship"/>
    <Elem Name="Yacht" Prompt="Yacht" NameU="Yacht" PromptU="Yacht"/>
    <Elem Name="Truck" Prompt="Truck" NameU="Truck" PromptU="Truck"/>
    <Elem Name="Tractors" Prompt="Tractors" NameU="Tractors" PromptU="Tractors"/>
    <Elem Name="Bicycle" Prompt="Bicycle" NameU="Bicycle" PromptU="Bicycle"/>
    <Elem Name="Sailboat" Prompt="Sailboat" NameU="Sailboat" PromptU="Sailboat"/>
    <Elem Name="Logging-wheel" Prompt="Logging-wheel" NameU="Logging-wheel" PromptU="Logging-wheel"/>
    <Elem Name="Submarine" Prompt="Submarine" NameU="Submarine" PromptU="Submarine"/>
    <Elem Name="Motorcycle" Prompt="Motorcycle" NameU="Motorcycle" PromptU="Motorcycle"/>
    <Elem Name="Car" Prompt="Car" NameU="Car" PromptU="Car"/>
    <Elem Name="Battery car" Prompt="Battery car" NameU="Battery car" PromptU="Battery car"/>
    <Elem Name="Bus" Prompt="Bus" NameU="Bus" PromptU="Bus"/>
    <Elem Name="Rocket" Prompt="Rocket" NameU="Rocket" PromptU="Rocket"/>
    <Elem Name="Ambulance" Prompt="Ambulance" NameU="Ambulance" PromptU="Ambulance"/>
    <Elem Name="Automobile" Prompt="Automobile" NameU="Automobile" PromptU="Automobile"/>
    <Elem Name="Helicopter" Prompt="Helicopter" NameU="Helicopter" PromptU="Helicopter"/>
</Lib>
