<?xml version="1.0" encoding="utf-8"?>
<Lib NameU="Food">
    <Elem Name="Tableware" Prompt="Tableware" NameU="Tableware" PromptU="Tableware"/>
    <Elem Name="Pineapple" Prompt="Pineapple" NameU="Pineapple" PromptU="Pineapple"/>
    <Elem Name="Birthday Cake" Prompt="Birthday Cake" NameU="Birthday Cake" PromptU="Birthday Cake"/>
    <Elem Name="Cupcake" Prompt="Cupcake" NameU="Cupcake" PromptU="Cupcake"/>
    <Elem Name="Drinks" Prompt="Drinks" NameU="Drinks" PromptU="Drinks"/>
    <Elem Name="Hamburg" Prompt="Hamburg" NameU="Hamburg" PromptU="Hamburg"/>
    <Elem Name="Red wine" Prompt="Red wine" NameU="Red wine" PromptU="Red wine"/>
    <Elem Name="Teakettle" Prompt="Teakettle" NameU="Teakettle" PromptU="Teakettle"/>
    <Elem Name="Oranges" Prompt="Oranges" NameU="Oranges" PromptU="Oranges"/>
    <Elem Name="Roast Chicken" Prompt="Roast Chicken" NameU="Roast Chicken" PromptU="Roast Chicken"/>
    <Elem Name="Green peppers" Prompt="Green peppers" NameU="Green peppers" PromptU="Green peppers"/>
    <Elem Name="Pear" Prompt="Pear" NameU="Pear" PromptU="Pear"/>
    <Elem Name="Carrot" Prompt="Carrot" NameU="Carrot" PromptU="Carrot"/>
    <Elem Name="Kiwi fruit" Prompt="Kiwi fruit" NameU="Kiwi fruit" PromptU="Kiwi fruit"/>
    <Elem Name="Rice" Prompt="Rice" NameU="Rice" PromptU="Rice"/>
    <Elem Name="Apple" Prompt="Apple" NameU="Apple" PromptU="Apple"/>
    <Elem Name="Snow peas" Prompt="Snow peas" NameU="Snow peas" PromptU="Snow peas"/>
    <Elem Name="Bacon" Prompt="Bacon" NameU="Bacon" PromptU="Bacon"/>
    <Elem Name="Avocado" Prompt="Avocado" NameU="Avocado" PromptU="Avocado"/>
    <Elem Name="Banana" Prompt="Banana" NameU="Banana" PromptU="Banana"/>
    <Elem Name="Eggplant" Prompt="Eggplant" NameU="Eggplant" PromptU="Eggplant"/>
    <Elem Name="lemon" Prompt="lemon" NameU="lemon" PromptU="lemon"/>
    <Elem Name="Biscuits" Prompt="Biscuits" NameU="Biscuits" PromptU="Biscuits"/>
    <Elem Name="Broccoli" Prompt="Broccoli" NameU="Broccoli" PromptU="Broccoli"/>
    <Elem Name="Croissant" Prompt="Croissant" NameU="Croissant" PromptU="Croissant"/>
    <Elem Name="Candy Cane" Prompt="Candy Cane" NameU="Candy Cane" PromptU="Candy Cane"/>
    <Elem Name="Ham sausage" Prompt="Ham sausage" NameU="Ham sausage" PromptU="Ham sausage"/>
    <Elem Name="Cherry" Prompt="Cherry" NameU="Cherry" PromptU="Cherry"/>
    <Elem Name="Pineapple bread" Prompt="Pineapple bread" NameU="Pineapple bread" PromptU="Pineapple bread"/>
    <Elem Name="Egg" Prompt="Egg" NameU="Egg" PromptU="Egg"/>
    <Elem Name="Fish" Prompt="Fish" NameU="Fish" PromptU="Fish"/>
    <Elem Name="Tea" Prompt="Tea" NameU="Tea" PromptU="Tea"/>
    <Elem Name="Beer" Prompt="Beer" NameU="Beer" PromptU="Beer"/>
    <Elem Name="Candy" Prompt="Candy" NameU="Candy" PromptU="Candy"/>
    <Elem Name="Drumstick" Prompt="Drumstick" NameU="Drumstick" PromptU="Drumstick"/>
    <Elem Name="Chili" Prompt="Chili" NameU="Chili" PromptU="Chili"/>
    <Elem Name="Mango" Prompt="Mango" NameU="Mango" PromptU="Mango"/>
    <Elem Name="Yogurt" Prompt="Yogurt" NameU="Yogurt" PromptU="Yogurt"/>
    <Elem Name="Watermelon" Prompt="Watermelon" NameU="Watermelon" PromptU="Watermelon"/>
    <Elem Name="Cold Drinks" Prompt="Cold Drinks" NameU="Cold Drinks" PromptU="Cold Drinks"/>
    <Elem Name="Coffee" Prompt="Coffee" NameU="Coffee" PromptU="Coffee"/>
    <Elem Name="Mushroom" Prompt="Mushroom" NameU="Mushroom" PromptU="Mushroom"/>
    <Elem Name="Coke" Prompt="Coke" NameU="Coke" PromptU="Coke"/>
    <Elem Name="Noodles" Prompt="Noodles" NameU="Noodles" PromptU="Noodles"/>
    <Elem Name="French fries" Prompt="French fries" NameU="French fries" PromptU="French fries"/>
    <Elem Name="Pizza" Prompt="Pizza" NameU="Pizza" PromptU="Pizza"/>
    <Elem Name="Ham" Prompt="Ham" NameU="Ham" PromptU="Ham"/>
    <Elem Name="Ice cream" Prompt="Ice cream" NameU="Ice cream" PromptU="Ice cream"/>
    <Elem Name="Doughnut" Prompt="Doughnut" NameU="Doughnut" PromptU="Doughnut"/>
    <Elem Name="Grape" Prompt="Grape" NameU="Grape" PromptU="Grape"/>
    <Elem Name="Fried eggs" Prompt="Fried eggs" NameU="Fried eggs" PromptU="Fried eggs"/>
</Lib>
