<?xml version="1.0" encoding="utf-8"?>
<Lib NameU="Holiday">
    <Elem Name="Holly" Prompt="Holly" NameU="Holly" PromptU="Holly"/>
    <Elem Name="Sleigh car" Prompt="Sleigh car" NameU="Sleigh car" PromptU="Sleigh car"/>
    <Elem Name="Gift Bag" Prompt="Gift Bag" NameU="Gift Bag" PromptU="Gift Bag"/>
    <Elem Name="Gift" Prompt="Gift" NameU="Gift" PromptU="Gift"/>
    <Elem Name="Christmas tree" Prompt="Christmas tree" NameU="Christmas tree" PromptU="Christmas tree"/>
    <Elem Name="Glove" Prompt="Glove" NameU="Glove" PromptU="Glove"/>
    <Elem Name="Christmas stocking" Prompt="Christmas stocking" NameU="Christmas stocking" PromptU="Christmas stocking"/>
    <Elem Name="Santa Claus" Prompt="Santa Claus" NameU="Santa Claus" PromptU="Santa Claus"/>
    <Elem Name="Christmas hat" Prompt="Christmas hat" NameU="Christmas hat" PromptU="Christmas hat"/>
    <Elem Name="Christmas bell" Prompt="Christmas bell" NameU="Christmas bell" PromptU="Christmas bell"/>
    <Elem Name="Baubles" Prompt="Baubles" NameU="Baubles" PromptU="Baubles"/>
    <Elem Name="Lebkuchen" Prompt="Lebkuchen" NameU="Lebkuchen" PromptU="Lebkuchen"/>
    <Elem Name="Snowman" Prompt="Snowman" NameU="Snowman" PromptU="Snowman"/>
    <Elem Name="Reindeer" Prompt="Reindeer" NameU="Reindeer" PromptU="Reindeer"/>
    <Elem Name="Snowflake" Prompt="Snowflake" NameU="Snowflake" PromptU="Snowflake"/>
    <Elem Name="Cake" Prompt="Cake" NameU="Cake" PromptU="Cake"/>
    <Elem Name="Balloon" Prompt="Balloon" NameU="Balloon" PromptU="Balloon"/>
    <Elem Name="Candle" Prompt="Candle" NameU="Candle" PromptU="Candle"/>
    <Elem Name="christmas antlers" Prompt="christmas antlers" NameU="christmas antlers" PromptU="christmas antlers"/>
    <Elem Name="Firecracker" Prompt="Firecracker" NameU="Firecracker" PromptU="Firecracker"/>
    <Elem Name="Pendant" Prompt="Pendant" NameU="Pendant" PromptU="Pendant"/>
    <Elem Name="Fireworks" Prompt="Fireworks" NameU="Fireworks" PromptU="Fireworks"/>
    <Elem Name="lantern" Prompt="lantern" NameU="lantern" PromptU="lantern"/>
    <Elem Name="lantern" Prompt="lantern" NameU="lantern" PromptU="lantern"/>
    <Elem Name="Cap" Prompt="Cap" NameU="Cap" PromptU="Cap"/>
    <Elem Name="Fu character" Prompt="Fu character" NameU="Fu character" PromptU="Fu character"/>
    <Elem Name="Red Envelope" Prompt="Red Envelope" NameU="Red Envelope" PromptU="Red Envelope"/>
    <Elem Name="Heart Lock" Prompt="Heart Lock" NameU="Heart Lock" PromptU="Heart Lock"/>
    <Elem Name="Chocolate" Prompt="Chocolate" NameU="Chocolate" PromptU="Chocolate"/>
    <Elem Name="A pair of lovebirds" Prompt="A pair of lovebirds" NameU="A pair of lovebirds" PromptU="A pair of lovebirds"/>
    <Elem Name="Dialog box" Prompt="Dialog box" NameU="Dialog box" PromptU="Dialog box"/>
    <Elem Name="Wedding dress" Prompt="Wedding dress" NameU="Wedding dress" PromptU="Wedding dress"/>
    <Elem Name="A suit" Prompt="A suit" NameU="A suit" PromptU="A suit"/>
    <Elem Name="Rose" Prompt="Rose" NameU="Rose" PromptU="Rose"/>
    <Elem Name="Ring" Prompt="Ring" NameU="Ring" PromptU="Ring"/>
    <Elem Name="Necklace" Prompt="Necklace" NameU="Necklace" PromptU="Necklace"/>
    <Elem Name="love letter" Prompt="love letter" NameU="love letter" PromptU="love letter"/>
    <Elem Name="Photograph" Prompt="Photograph" NameU="Photograph" PromptU="Photograph"/>
    <Elem Name="Crown" Prompt="Crown" NameU="Crown" PromptU="Crown"/>
    <Elem Name="Pumpkin" Prompt="Pumpkin" NameU="Pumpkin" PromptU="Pumpkin"/>
    <Elem Name="Ghost" Prompt="Ghost" NameU="Ghost" PromptU="Ghost"/>
    <Elem Name="Bat" Prompt="Bat" NameU="Bat" PromptU="Bat"/>
    <Elem Name="Ghost" Prompt="Ghost" NameU="Ghost" PromptU="Ghost"/>
    <Elem Name="Grave" Prompt="Grave" NameU="Grave" PromptU="Grave"/>
    <Elem Name="Witch hat" Prompt="Witch hat" NameU="Witch hat" PromptU="Witch hat"/>
    <Elem Name="Maple leaf" Prompt="Maple leaf" NameU="Maple leaf" PromptU="Maple leaf"/>
    <Elem Name="Easter egg" Prompt="Easter egg" NameU="Easter egg" PromptU="Easter egg"/>
    <Elem Name="Mask" Prompt="Mask" NameU="Mask" PromptU="Mask"/>
    <Elem Name="Birthday wishes" Prompt="Birthday wishes" NameU="Birthday wishes" PromptU="Birthday wishes"/>
    <Elem Name="Candle" Prompt="Candle" NameU="Candle" PromptU="Candle"/>
    <Elem Name="Candle" Prompt="Candle" NameU="Candle" PromptU="Candle"/>
    <Elem Name="Candle" Prompt="Candle" NameU="Candle" PromptU="Candle"/>
    <Elem Name="Candle" Prompt="Candle" NameU="Candle" PromptU="Candle"/>
    <Elem Name="Candle" Prompt="Candle" NameU="Candle" PromptU="Candle"/>
    <Elem Name="Candle" Prompt="Candle" NameU="Candle" PromptU="Candle"/>
    <Elem Name="Candle" Prompt="Candle" NameU="Candle" PromptU="Candle"/>
    <Elem Name="Candle" Prompt="Candle" NameU="Candle" PromptU="Candle"/>
    <Elem Name="Candle" Prompt="Candle" NameU="Candle" PromptU="Candle"/>
    <Elem Name="Candle" Prompt="Candle" NameU="Candle" PromptU="Candle"/>
</Lib>
