[
    {
        "Id": "markdowneditor-marked",
        "Name": "Marked (WebEngine Markdown Editor example)",
        "QDocModule": "qtwebengine",
        "QtUsage": "Marked is used in the WebEngine MarkDown Editor example",
        "QtParts": [ "examples" ],
        "Files": "marked.min.js",
        "Description": "A full-featured markdown parser and compiler, written in JavaScript. Built for speed.",
        "Homepage": "https://github.com/chjj/marked",
        "Version": "0.3.6",
        "DownloadLocation": "https://github.com/chjj/marked/blob/v0.3.6/marked.min.js",
        "Copyright": "Copyright (c) 2011-2014, Christopher Jeffrey",
        "License": "MIT License",
        "LicenseId": "MIT",
        "LicenseFile": "MARKED-LICENSE.txt"
    },
    {
        "Id": "markdowneditor-markdowncss",
        "Name": "Markdown.css (WebEngine Markdown Editor example)",
        "QDocModule": "qtwebengine",
        "QtUsage": "markdown.css is used in the WebEngine MarkDown Editor example",
        "QtParts": [ "examples" ],
        "Files": "markdown.css",
        "Description": "Markdown.css is better default styling for your Markdown files.",
        "Homepage": "https://kevinburke.bitbucket.io/markdowncss/",
        "Version": "188530e4b5d020d7e237fc6b26be13ebf4a8def3",
        "DownloadLocation": "https://bitbucket.org/kevinburke/markdowncss/src/188530e4b5d020d7e237fc6b26be13ebf4a8def3/markdown.css",
        "Copyright": "Copyright 2011 Kevin Burke
    Copyright Twitter Inc.",
        "License": "Apache License 2.0",
        "LicenseId": "Apache-2.0",
        "LicenseFile": "MARKDOWN-LICENSE.txt"
    }
]
