<?xml version="1.0" encoding="utf-8"?>
<Examples>
    <Gallery NameU="Mind Map">
        <Template>
            <Sample Path="./examples_cn/Management/MindMaster产品介绍.emmx"/>
            <Sample Path="./examples_cn/Project Management/项目计划.emmx"/>
            <Sample Path="./examples_cn/Management/培训计划.emmx"/>
            <Sample Path="./examples_cn/New/英语词性.emmx"/>
            <Sample Path="./examples_cn/Management/六合分析法.emmx"/>
            <Sample Path="./examples_cn/Problem Solving/产品问题分析.emmx"/>
            <Sample Path="./examples_cn/New/《这样读书就够了》思维导图.emmx"/>
            <Sample Path="./examples_cn/Meeting/股东特别大会.emmx"/>
            <Sample Path="./examples_cn/Project Management/组织商务活动.emmx"/>
            <Sample Path="./examples_cn/Project Management/案例研究.emmx"/>
            <Sample Path="./examples_cn/Management/六顶思考帽.emmx"/>
            <Sample Path="./examples_cn/Management/风险管理.emmx"/>
            <Sample Path="./examples_cn/Meeting/会议管理.emmx"/>
            <Sample Path="./examples_cn/Productivity/生活计划.emmx"/>
            <Sample Path="./examples_cn/Meeting/家庭会议.emmx"/>
            <Sample Path="./examples_cn/Meeting/筹办展览会.emmx"/>
            <Sample Path="./examples_cn/New/患者宜吃的水果.emmx"/>
            <Sample Path="./examples_cn/Meeting/筹办生日派对.emmx"/>
            <Sample Path="./examples_cn/Meeting/每月计划.emmx"/>
            <Sample Path="./examples_cn/Meeting/非正式会议.emmx"/>
            <Sample Path="./examples_cn/Strategic Planning/PESTLE 商业分析.emmx"/>
            <Sample Path="./examples_cn/New/ERP上线.emmx"/>
            <Sample Path="./examples_cn/New/公司架构.emmx"/>
            <Sample Path="./examples_cn/New/订单流程.emmx"/>
            <Sample Path="./examples_cn/New/财富.emmx"/>
            <Sample Path="./examples_cn/Bubble/移动通信变革.emmx"/>
            <Sample Path="./examples_cn/Bubble/世界名人.emmx"/>
            <Sample Path="./examples_cn/Strategic Planning/DESTEP分析.emmx"/>
            <Sample Path="./examples_cn/Circle/实数分类.emmx"/>
            <Sample Path="./examples_cn/Circle/绿色食物.emmx"/>
            <Sample Path="./examples_cn/Circle/车辆分类.emmx"/>
            <Sample Path="./examples_cn/Timeline/iPad上市时间线.emmx"/>
            <Sample Path="./examples_cn/Productivity/求职历程.emmx"/>
            <Sample Path="./examples_cn/Timeline/iPhone发展时间线.emmx"/>
            <Sample Path="./examples_cn/Timeline/古印度历史时间线.emmx"/>
            <Sample Path="./examples_cn/Timeline/奥运大事件时间线.emmx"/>
            <Sample Path="./examples_cn/Timeline/婴儿1岁发育时间线.emmx"/>
            <Sample Path="./examples_cn/Timeline/英国历史时间线.emmx"/>
            <Sample Path="./examples_cn/Fishbone/低质产品原因分析鱼骨图.emmx"/>
            <Sample Path="./examples_cn/Fishbone/医疗机构诊疗隐患鱼骨图.emmx"/>
            <Sample Path="./examples_cn/Fishbone/薄弱的学术能力鱼骨图.emmx"/>
            <Sample Path="./examples_cn/Fishbone/过高的产品成本鱼骨图.emmx"/>
            <Sample Path="./examples_cn/Fishbone/较低商业效率鱼骨图.emmx"/>
            <Sample Path="./examples_cn/Fishbone/销售额下滑鱼骨图.emmx"/>
            <Sample Path="./examples_cn/Fishbone/员工流动率管理鱼骨图.emmx"/>
            <Sample Path="./examples_cn/Sector/CPA复习计划.emmx"/>
            <Sample Path="./examples_cn/Sector/孩子各阶段教育重点.emmx"/>
            <Sample Path="./examples_cn/Sector/项目管理五步骤.emmx"/>
            <Sample Path="./examples_cn/Problem Solving/全球变暖.emmx"/>
            <Sample Path="./examples_cn/Problem Solving/均衡饮食.emmx"/>
            <Sample Path="./examples_cn/New/10分钟思维导图从入门到精通.emmx"/>
            <Sample Path="./examples_cn/New/STEM菜谱.emmx"/>
            <Sample Path="./examples_cn/New/作文结构.emmx"/>
            <Sample Path="./examples_cn/New/写作宝典.emmx"/>
            <Sample Path="./examples_cn/New/元宵节.emmx"/>
            <Sample Path="./examples_cn/New/四大发明.emmx"/>
            <Sample Path="./examples_cn/New/朝花夕拾.emmx"/>
            <Sample Path="./examples_cn/New/质量结构.emmx"/>
            <Sample Path="./examples_cn/Meeting/教学研讨会.emmx"/>
            <Sample Path="./examples_cn/New/童年人物性格.emmx"/>
            <Sample Path="./examples_cn/New/西游记.emmx"/>
            <Sample Path="./examples_cn/New/读书笔记思维导图.emmx"/>
            <Sample Path="./examples_cn/Productivity/个人简历.emmx"/>
            <Sample Path="./examples_cn/Productivity/演讲.emmx"/>
            <Sample Path="./examples_cn/Productivity/自我评估.emmx"/>
            <Sample Path="./examples_cn/Meeting/谈判记录.emmx"/>
            <Sample Path="./examples_cn/Problem Solving/保护地球.emmx"/>
            <Sample Path="./examples_cn/Strategic Planning/PEST分析.emmx"/>
            <Sample Path="./examples_cn/Project Management/项目章程.emmx"/>
            <Sample Path="./examples_cn/Strategic Planning/成本效益分析.emmx"/>
            <Sample Path="./examples_cn/Management/亿图产品系列.emmx"/>
            <Sample Path="./examples_cn/Bubble/生物分类.emmx"/>
            <Sample Path="./examples_cn/Problem Solving/做决策.emmx"/>
            <Sample Path="./examples_cn/Problem Solving/团队建设.emmx"/>
            <Sample Path="./examples_cn/Meeting/婚礼筹备.emmx"/>
            <Sample Path="./examples_cn/Productivity/旅游计划.emmx"/>
            <Sample Path="./examples_cn/Productivity/目标设定.emmx"/>
            <Sample Path="./examples_cn/Timeline/霍金的出版物.emmx"/>
            <Sample Path="./examples_cn/Fishbone/保持咖啡口味鱼骨图.emmx"/>
            <Sample Path="./examples_cn/Problem Solving/问题解决.emmx"/>
            <Sample Path="./examples_cn/Strategic Planning/SWOT分析.emmx"/>
            <Sample Path="./examples_cn/Circle/宇宙分类.emmx"/>
            <Sample Path="./examples_cn/Fishbone/如何减肥鱼骨图.emmx"/>
            <Sample Path="./examples_cn/Fishbone/教育机构的能源节约鱼骨图.emmx"/>
            <Sample Path="./examples_cn/Fishbone/提升演讲技巧鱼骨图.emmx"/>
            <Sample Path="./examples_cn/New/游乐场娱乐设施.emmx"/>
            <Sample Path="./examples_cn/Timeline/人工智能发展时间线.emmx"/>
            <Sample Path="./examples_cn/Timeline/爱因斯坦生平时间线.emmx"/>
            <Sample Path="./examples_cn/Timeline/婚礼时间线.emmx"/>
            <Sample Path="./examples_cn/Timeline/联合国历史时间线.emmx"/>
            <Sample Path="./examples_cn/New/部门架构.emmx"/>
            <Sample Path="./examples_cn/Meeting/年度股东会议.emmx"/>
            <Sample Path="./examples_cn/Management/平衡计分卡.emmx"/>
            <Sample Path="./examples_cn/Problem Solving/团队凝聚力.emmx"/>
            <Sample Path="./examples_cn/New/朝花夕拾篇目.emmx"/>
            <Sample Path="./examples_cn/Meeting/会议记录.emmx"/>
            <Sample Path="./examples_cn/Project Management/项目控制.emmx"/>
            <Sample Path="./examples_cn/New/回忆鲁迅先生.emmx"/>
            <Sample Path="./examples_cn/Strategic Planning/营销计划.emmx"/>
            <Sample Path="./examples_cn/Strategic Planning/战略规划.emmx"/>
            <Sample Path="./examples_cn/Strategic Planning/商业计划.emmx"/>
            <Sample Path="./examples_cn/Strategic Planning/五种力量模型分析.emmx"/>
            <Sample Path="./examples_cn/Strategic Planning/SWOT商业分析.emmx"/>
            <Sample Path="./examples_cn/Project Management/项目进展报告.emmx"/>
            <Sample Path="./examples_cn/Productivity/如何分析一本书.emmx"/>
            <Sample Path="./examples_cn/Productivity/写作流程.emmx"/>
            <Sample Path="./examples_cn/Problem Solving/增强企业竞争力.emmx"/>
            <Sample Path="./examples_cn/Meeting/谈判管理.emmx"/>
            <Sample Path="./examples_cn/Meeting/活动策划.emmx"/>
            <Sample Path="./examples_cn/Meeting/每周计划.emmx"/>
            <Sample Path="./examples_cn/Meeting/暑期规划.emmx"/>
            <Sample Path="./examples_cn/Meeting/新员工迎新活动.emmx"/>
            <Sample Path="./examples_cn/Management/教学备案.emmx"/>
            <Sample Path="./examples_cn/Meeting/信息分享例会.emmx"/>
        </Template>
    </Gallery>
</Examples>
