<?xml version="1.0" encoding="utf-8"?>
<Examples>
    <Gallery NameU="Mind Map">
        <Template>
            <Sample Path="./examples/Mind Map/Business/MindMaster Introduction.emmx"/>
            <Sample Path="./examples/Mind Map/Business/5W1H Mind Map.emmx"/>
            <Sample Path="./examples/Mind Map/Business/Cost-Benefits Analysis.emmx"/>
            <Sample Path="./examples/Mind Map/Education/English Part Of Speech.emmx"/>
            <Sample Path="./examples/Mind Map/Business/Case Study.emmx"/>
            <Sample Path="./examples/Mind Map/Education/Avoid Fragmentation.emmx"/>
            <Sample Path="./examples/Mind Map/Business/ERP Launching.emmx"/>
            <Sample Path="./examples/Mind Map/Business/Bananced Scorecard.emmx"/>
            <Sample Path="./examples/Mind Map/Daily Life/Life Plan.emmx"/>
            <Sample Path="./examples/Mind Map/Business/Enhance Competivitness.emmx"/>
            <Sample Path="./examples/Mind Map/Business/Self Evaluation.emmx"/>
            <Sample Path="./examples/Mind Map/Business/Prepare Job Interview.emmx"/>
            <Sample Path="./examples/Mind Map/Business/Project Charter.emmx"/>
            <Sample Path="./examples/Mind Map/Business/Market Plan.emmx"/>
            <Sample Path="./examples/Mind Map/Education/Middle Ages.emmx"/>
            <Sample Path="./examples/Mind Map/Business/Risk Management.emmx"/>
            <Sample Path="./examples/Mind Map/Business/PEST Analysis.emmx"/>
            <Sample Path="./examples/Mind Map/Business/Project Plan.emmx"/>
            <Sample Path="./examples/Mind Map/Education/Make Teaching Plan.emmx"/>
            <Sample Path="./examples/New/Modern Art.emmx"/>
            <Sample Path="./examples/New/Product Marketing.emmx"/>
            <Sample Path="./examples/New/Main Kinds of Plants.emmx"/>
            <Sample Path="./examples/Mind Map/Education/Basic Sentence Patterns.emmx"/>
            <Sample Path="./examples/Mind Map/Business/Content Marketing.emmx"/>
            <Sample Path="./examples/New/Healthy vs Unhealthy Condiments.emmx"/>
            <Sample Path="./examples/New/Top 15 musical instruments you can easily learn play.emmx"/>
            <Sample Path="./examples/New/Types of Cells in the Human Body.emmx"/>
            <Sample Path="./examples/Special/Fruit for Patient.emmx"/>
            <Sample Path="./examples/Special/Order Process.emmx"/>
            <Sample Path="./examples/Mind Map/Business/Company Hierarchy.emmx"/>
            <Sample Path="./examples/Special/Wealth.emmx"/>
            <Sample Path="./examples/Timeline/Olympic History Timeline.emmx"/>
            <Sample Path="./examples/Timeline/Baby's Fisrt Year Timeline.emmx"/>
            <Sample Path="./examples/Timeline/Iphone History Timeline.emmx"/>
            <Sample Path="./examples/Timeline/Ancient India History Timelime.emmx"/>
            <Sample Path="./examples/Timeline/British History Timeline.emmx"/>
            <Sample Path="./examples/Timeline/iPad History Timeline.emmx"/>
            <Sample Path="./examples/Fishbone/Academic Ability Fishbone Diagram.emmx"/>
            <Sample Path="./examples/Fishbone/Diagnosis Fishbone Diagram.emmx"/>
            <Sample Path="./examples/Fishbone/High Product Costs Fishbone.emmx"/>
            <Sample Path="./examples/Fishbone/Low Quality Output Fishbone.emmx"/>
            <Sample Path="./examples/Fishbone/Business Productivity Fishbone Diagram.emmx"/>
            <Sample Path="./examples/Fishbone/Turnover Rate Fishbone Diagram.emmx"/>
            <Sample Path="./examples/Fishbone/Sales Decline Fishbone.emmx"/>
            <Sample Path="./examples/New/Psychology.emmx"/>
            <Sample Path="./examples/New/Photography.emmx"/>
            <Sample Path="./examples/New/Industry Name List.emmx"/>
            <Sample Path="./examples/Mind Map/Daily Life/Wedding Ceremony.emmx"/>
            <Sample Path="./examples/Mind Map/Business/Goal Setting.emmx"/>
            <Sample Path="./examples/Mind Map/Business/Informal Meeting.emmx"/>
            <Sample Path="./examples/Mind Map/Business/Job Research.emmx"/>
            <Sample Path="./examples/Mind Map/Business/DESTEP Analysis.emmx"/>
            <Sample Path="./examples/Mind Map/Business/More Effective at Work.emmx"/>
            <Sample Path="./examples/Mind Map/Business/Negotiation.emmx"/>
            <Sample Path="./examples/Mind Map/Business/New Hire Orientation.emmx"/>
            <Sample Path="./examples/Mind Map/Business/Organise a Business Event.emmx"/>
            <Sample Path="./examples/Mind Map/Business/Personal CVs.emmx"/>
            <Sample Path="./examples/Mind Map/Business/Product Execution Plan.emmx"/>
            <Sample Path="./examples/Mind Map/Business/Product Planning.emmx"/>
            <Sample Path="./examples/Mind Map/Business/Project Control.emmx"/>
            <Sample Path="./examples/Mind Map/Business/Project Management.emmx"/>
            <Sample Path="./examples/Mind Map/Business/Seminar Mind Map.emmx"/>
            <Sample Path="./examples/Mind Map/Business/Six Thinking Hats Mind Map.emmx"/>
            <Sample Path="./examples/Mind Map/Business/Strategy Planning.emmx"/>
            <Sample Path="./examples/Mind Map/Business/The 8 Ms.emmx"/>
            <Sample Path="./examples/Mind Map/Business/Training Plan.emmx"/>
            <Sample Path="./examples/Mind Map/Daily Life/Family Meeting.emmx"/>
            <Sample Path="./examples/Mind Map/Daily Life/Keep a Balanced Diet.emmx"/>
            <Sample Path="./examples/Mind Map/Daily Life/Mental Health Mind Map.emmx"/>
            <Sample Path="./examples/Mind Map/Daily Life/Protect Earth Mind Map.emmx"/>
            <Sample Path="./examples/Mind Map/Daily Life/Reducing Global Warming.emmx"/>
            <Sample Path="./examples/Mind Map/Daily Life/Social Media Types.emmx"/>
            <Sample Path="./examples/Mind Map/Education/Book Analysis Mind Map.emmx"/>
            <Sample Path="./examples/Mind Map/Education/Global Warming.emmx"/>
            <Sample Path="./examples/Mind Map/Education/Scientific Research.emmx"/>
            <Sample Path="./examples/Mind Map/Education/Lesson Plan Mind Map.emmx"/>
            <Sample Path="./examples/Mind Map/Education/Know Yourself.emmx"/>
            <Sample Path="./examples/Mind Map/Business/Innovations For Startups.emmx"/>
            <Sample Path="./examples/Timeline/Facebook Timeline.emmx"/>
            <Sample Path="./examples/Timeline/SNS Timeline.emmx"/>
            <Sample Path="./examples/Mind Map/Daily Life/Travel Plan.emmx"/>
            <Sample Path="./examples/Mind Map/Education/Read Book.emmx"/>
            <Sample Path="./examples/Mind Map/Daily Life/Birthday Party.emmx"/>
            <Sample Path="./examples/Mind Map/Daily Life/Apple and Health.emmx"/>
            <Sample Path="./examples/Mind Map/Business/Agile PM Process.emmx"/>
            <Sample Path="./examples/Mind Map/Business/Event Planning Mind Map.emmx"/>
            <Sample Path="./examples/Mind Map/Business/Business Plan.emmx"/>
            <Sample Path="./examples/Mind Map/Business/Monthly Plan Mind Map.emmx"/>
            <Sample Path="./examples/Fishbone/Market Share Fishbone Diagram.emmx"/>
            <Sample Path="./examples/Fishbone/Good Coffee Taste Fishbone.emmx"/>
            <Sample Path="./examples/Timeline/Hawking Publication Timeline.emmx"/>
            <Sample Path="./examples/Fishbone/School Energy Saving Fishbone.emmx"/>
            <Sample Path="./examples/Mind Map/Daily Life/Healthy Grocery.emmx"/>
            <Sample Path="./examples/New/Forms of Energy.emmx"/>
            <Sample Path="./examples/New/Biosphere.emmx"/>
            <Sample Path="./examples/New/Writing Genres.emmx"/>
            <Sample Path="./examples/Timeline/UN History Timeline.emmx"/>
            <Sample Path="./examples/Timeline/AI History Timeline.emmx"/>
            <Sample Path="./examples/Timeline/Wedding Day Timeline.emmx"/>
            <Sample Path="./examples/Timeline/Einstein's Life Timeline.emmx"/>
            <Sample Path="./examples/Fishbone/Lose Weight Fishbone.emmx"/>
            <Sample Path="./examples/Fishbone/Good Presentation Fishbone Diagram.emmx"/>
            <Sample Path="./examples/Special/Amusement Rides.emmx"/>
            <Sample Path="./examples/Mind Map/Education/Electricity Mind Map.emmx"/>
            <Sample Path="./examples/Mind Map/Education/Color Education.emmx"/>
            <Sample Path="./examples/Mind Map/Daily Life/New Students Orientation.emmx"/>
            <Sample Path="./examples/Mind Map/Daily Life/Weekly Plan.emmx"/>
            <Sample Path="./examples/Mind Map/Business/Company Structure.emmx"/>
            <Sample Path="./examples/Mind Map/Daily Life/Common Food Groups.emmx"/>
            <Sample Path="./examples/Mind Map/Daily Life/Beauty Tips.emmx"/>
            <Sample Path="./examples/Mind Map/Business/Sales Promotion.emmx"/>
            <Sample Path="./examples/Mind Map/Business/Summer Plan.emmx"/>
            <Sample Path="./examples/Mind Map/Business/Resume.emmx"/>
            <Sample Path="./examples/Mind Map/Business/Project Status.emmx"/>
            <Sample Path="./examples/Mind Map/Business/Problems Solving.emmx"/>
            <Sample Path="./examples/Mind Map/Business/Annual General Meeting Mind Map.emmx"/>
            <Sample Path="./examples/Mind Map/Business/Presentation.emmx"/>
            <Sample Path="./examples/Mind Map/Business/Negotiation Record.emmx"/>
            <Sample Path="./examples/Mind Map/Business/Linux Distribution.emmx"/>
            <Sample Path="./examples/Mind Map/Business/Five Forces Analysis.emmx"/>
            <Sample Path="./examples/Mind Map/Business/Extraordinary General Meeting Mind Map.emmx"/>
            <Sample Path="./examples/Mind Map/Business/Exhibition Planning Mind Map.emmx"/>
            <Sample Path="./examples/Mind Map/Business/Building Group Cohension Mind Map.emmx"/>
        </Template>
    </Gallery>
</Examples>
