<?xml version="1.0" encoding="utf-8"?>
<MarkSheet Version="1.0">
	<MarkGroup Name="priority" Display="優先度" Mutex="1" Text="0" Predefine="1">
		<Mark Name="priority1" Display="優先度 1" Path="/marks/priority/1.png"/>
		<Mark Name="priority2" Display="優先度 2" Path="/marks/priority/2.png"/>
		<Mark Name="priority3" Display="優先度 3" Path="/marks/priority/3.png"/>
		<Mark Name="priority4" Display="優先度 4" Path="/marks/priority/4.png"/>
		<Mark Name="priority5" Display="優先度 5" Path="/marks/priority/5.png"/>
		<Mark Name="priority6" Display="優先度 6" Path="/marks/priority/6.png"/>
		<Mark Name="priority7" Display="優先度 7" Path="/marks/priority/7.png"/>
		<Mark Name="priority8" Display="優先度 8" Path="/marks/priority/8.png"/>	
		<Mark Name="priority9" Display="優先度 9" Path="/marks/priority/9.png"/>
	</MarkGroup>
	<MarkGroup Name="progress" Display="進行状況" Mutex="1" Text="0" Predefine="1">
		<Mark Name="nostart" Display="0%" Path="/marks/progress/notstart.png"/>
		<Mark Name="125" Display="12.5%" Path="/marks/progress/125.png"/>
		<Mark Name="250" Display="25%" Path="/marks/progress/250.png"/>
		<Mark Name="375" Display="37.5%" Path="/marks/progress/375.png"/>
		<Mark Name="500" Display="50%" Path="/marks/progress/500.png"/>
		<Mark Name="625" Display="62.5%" Path="/marks/progress/625.png"/>
		<Mark Name="750" Display="75%" Path="/marks/progress/750.png"/>
		<Mark Name="875" Display="87.5%" Path="/marks/progress/875.png"/>		
		<Mark Name="finished" Display="完了" Path="/marks/progress/finished.png"/>
	</MarkGroup>
	<MarkGroup Name="face" Display="顔文字" Mutex="1" Text="0" Predefine="1">
		<Mark Name="happy" Display="笑い" Path="/marks/face/happy.png"/>
		<Mark Name="smile" Display="微笑み" Path="/marks/face/smile.png"/>
		<Mark Name="nofeel" Display="無関心" Path="/marks/face/nofeel.png"/>
		<Mark Name="sad" Display="悲しみ" Path="/marks/face/sad.png"/>
		<Mark Name="fury" Display="怒り" Path="/marks/face/fury.png"/>
		<Mark Name="tears" Display="泣き" Path="/marks/face/tears.png"/>
		<Mark Name="horrible" Display="恐れ" Path="/marks/face/horrible.png"/>
		<Mark Name="query" Display="疑い" Path="/marks/face/query.png"/>
		<Mark Name="embarrassed" Display="お困り" Path="/marks/face/embarrassed.png"/>
		<Mark Name="exhaustion" Display="疲れ" Path="/marks/face/exhaustion.png"/>
		<Mark Name="hush" Display="しーっ" Path="/marks/face/hush.png"/>
		<Mark Name="funny" Display="面白い" Path="/marks/face/funny.png"/>
		<Mark Name="giddy" Display="まぶしい" Path="/marks/face/giddy.png"/>							
		<Mark Name="anthomaniac" Display="好き" Path="/marks/face/anthomaniac.png"/>
	</MarkGroup>
	<MarkGroup Name="arrow" Display="矢印" Mutex="1" Text="0" Predefine="1">
		<Mark Name="arrow1" Display="上" Path="/marks/arrow/1.png"/>
		<Mark Name="arrow2" Display="下" Path="/marks/arrow/2.png"/>
		<Mark Name="arrow3" Display="左" Path="/marks/arrow/3.png"/>
		<Mark Name="arrow4" Display="右" Path="/marks/arrow/4.png"/>
		<Mark Name="arrow5" Display="左上" Path="/marks/arrow/5.png"/>
		<Mark Name="arrow6" Display="右上" Path="/marks/arrow/6.png"/>
		<Mark Name="arrow7" Display="左下" Path="/marks/arrow/7.png"/>
		<Mark Name="arrow8" Display="右下" Path="/marks/arrow/8.png"/>		
	</MarkGroup>
	<MarkGroup Name="flag" Display="フラッグ" Mutex="1" Text="0" Predefine="1">
		<Mark Name="flag1" Display="フラッグ 1" Path="/marks/flag/flag1.png"/>
		<Mark Name="flag2" Display="フラッグ 2" Path="/marks/flag/flag2.png"/>
		<Mark Name="flag3" Display="フラッグ 3" Path="/marks/flag/flag3.png"/>
		<Mark Name="flag4" Display="フラッグ 4" Path="/marks/flag/flag4.png"/>
		<Mark Name="flag5" Display="フラッグ 5" Path="/marks/flag/flag5.png"/>
		<Mark Name="flag6" Display="フラッグ 6" Path="/marks/flag/flag6.png"/>
		<Mark Name="flag7" Display="フラッグ 7" Path="/marks/flag/flag7.png"/>
	</MarkGroup>
	<MarkGroup Name="star" Display="スター" Mutex="1" Text="0" Predefine="1">
		<Mark Name="star1" Display="スター 1" Path="/marks/star/star1.png"/>
		<Mark Name="star2" Display="スター 2" Path="/marks/star/star2.png"/>
		<Mark Name="star3" Display="スター 3" Path="/marks/star/star3.png"/>
		<Mark Name="star4" Display="スター 4" Path="/marks/star/star4.png"/>
		<Mark Name="star5" Display="スター 5" Path="/marks/star/star5.png"/>
		<Mark Name="star6" Display="スター 6" Path="/marks/star/star6.png"/>
		<Mark Name="star7" Display="スター 7" Path="/marks/star/star7.png"/>
	</MarkGroup>
	<MarkGroup Name="symbol" Display="記号" Mutex="0" Text="0" Predefine="1">
		<Mark Name="Boy" Display="男子" Path="/marks/symbol/1boy.png"/>
		<Mark Name="Girl" Display="女子" Path="/marks/symbol/2girl.png"/>
		<Mark Name="People" Display="人" Path="/marks/symbol/3people.png"/>
		<Mark Name="Peoples" Display="人たち" Path="/marks/symbol/4peoples.png"/>
		<Mark Name="Alarm" Display="アラーム" Path="/marks/symbol/5alarm.png"/>
		<Mark Name="Bomb" Display="爆弾" Path="/marks/symbol/6bomb.png"/>
		<Mark Name="Handshake" Display="握手" Path="/marks/symbol/9handshake.png"/>
		<Mark Name="Approve" Display="良い" Path="/marks/symbol/10approve.png"/>
		<Mark Name="Disapprove" Display="悪い" Path="/marks/symbol/11disapprove.png"/>
		<Mark Name="Medal" Display="メダル" Path="/marks/symbol/12medal.png"/>
		<Mark Name="Trophy" Display="トロフィー" Path="/marks/symbol/13trophy.png"/>
		<Mark Name="Balance" Display="バランス" Path="/marks/symbol/14balance.png"/>
		<Mark Name="Judge" Display="裁判" Path="/marks/symbol/15judge.png"/>
		<Mark Name="Goal" Display="目標" Path="/marks/symbol/16goal.png"/>
		<Mark Name="Globe" Display="地球" Path="/marks/symbol/17globe.png"/>
		<Mark Name="Shopping" Display="買い物" Path="/marks/symbol/18shopping.png"/>
		<Mark Name="Rocket" Display="ロケット" Path="/marks/symbol/19rocket.png"/>
		<Mark Name="Calendar" Display="カレンダー" Path="/marks/symbol/20calendar.png"/>
		<Mark Name="Table" Display="表" Path="/marks/symbol/21table.png"/>
		<Mark Name="Bar" Display="棒グラフ" Path="/marks/symbol/22bar.png"/>
		<Mark Name="Pie" Display="円グラフ" Path="/marks/symbol/23pie.png"/>
		<Mark Name="Line" Display="折れ線グラフ" Path="/marks/symbol/24line.png"/>
		<Mark Name="Area" Display="面グラフ" Path="/marks/symbol/25area.png"/>
		<Mark Name="Dollar" Display="ドル" Path="/marks/symbol/26dollar.png"/>
		<Mark Name="Euro" Display="ユーロ" Path="/marks/symbol/27euro.png"/>
		<Mark Name="RMB" Display="人民幣" Path="/marks/symbol/28RMB.png"/>		
		<Mark Name="Question" Display="疑問" Path="/marks/symbol/30question.png"/>
		<Mark Name="Attention" Display="注意" Path="/marks/symbol/31attention.png"/>
		<Mark Name="Correct" Display="正確" Path="/marks/symbol/32correct.png"/>
		<Mark Name="Error" Display="間違い" Path="/marks/symbol/33error.png"/>
		<Mark Name="idea" Display="アイデア" Path="/marks/symbol/34idea.png"/>
		<Mark Name="Data" Display="データ" Path="/marks/symbol/35data.png"/>
		<Mark Name="File" Display="ファイル" Path="/marks/symbol/40file.png"/>
		<Mark Name="Mail" Display="メール" Path="/marks/symbol/41mail.png"/>
		<Mark Name="Phone" Display="電話" Path="/marks/symbol/42phone.png"/>
		<Mark Name="Note" Display="メモ帳" Path="/marks/symbol/43note.png"/>
		<Mark Name="Pen" Display="ペン" Path="/marks/symbol/44pen.png"/>
		<Mark Name="Lock" Display="ロック" Path="/marks/symbol/45lock.png"/>
		<Mark Name="Unlock" Display="アンロック" Path="/marks/symbol/46unlock.png"/>
		<Mark Name="Home" Display="ホームページ" Path="/marks/symbol/50house.png"/>
		<Mark Name="Search" Display="検索" Path="/marks/symbol/51search.png"/>
		<Mark Name="Internet" Display="インターネット" Path="/marks/symbol/52internet.png"/>
		<Mark Name="Link" Display="リンク" Path="/marks/symbol/53link.png"/>
		<Mark Name="Plus" Display="プラス" Path="/marks/symbol/54plus.png"/>
		<Mark Name="Minus" Display="マイナス" Path="/marks/symbol/55minus.png"/>
		<Mark Name="Start" Display="開始" Path="/marks/symbol/56start.png"/>
		<Mark Name="Pause" Display="一時停止" Path="/marks/symbol/57pause.png"/>
		<Mark Name="Stop" Display="終了" Path="/marks/symbol/58stop.png"/>
		<Mark Name="Airplane" Display="飛行機" Path="/marks/symbol/70airplane.png"/>
		<Mark Name="Coffee" Display="コーヒー" Path="/marks/symbol/71coffee.png"/>
		<Mark Name="Battery" Display="電源" Path="/marks/symbol/72battery.png"/>
		<Mark Name="Gift" Display="ギフト" Path="/marks/symbol/73gift.png"/>
		<Mark Name="Lightning" Display="いなずま" Path="/marks/symbol/74lightning.png"/>
		<Mark Name="Drizzle" Display="雨" Path="/marks/symbol/75drizzle.png"/>
		<Mark Name="Sunny" Display="晴れ" Path="/marks/symbol/76sunny.png"/>
		<Mark Name="Thunder" Display="雷" Path="/marks/symbol/77thunder.png"/>
		<Mark Name="Tornado" Display="竜巻" Path="/marks/symbol/78tornado.png"/>
		<Mark Name="Love" Display="ハート" Path="/marks/symbol/80love.png"/>
		<Mark Name="Music" Display="音楽" Path="/marks/symbol/81music.png"/>
		<Mark Name="Gear" Display="設定" Path="/marks/symbol/82gear.png"/>
	</MarkGroup>
	<MarkGroup Name="resource" Display="リソース" Mutex="0" Text="1" Predefine="1" Resource="1">
    </MarkGroup>
</MarkSheet>