<?xml version="1.0" encoding="utf-8"?>
<MarkSheet Version="1.0">
	<MarkGroup Name="priority" Display="Priority" Mutex="1" Text="0" Predefine="1">
		<Mark Name="priority1" Display="Priority 1" Path="/marks/priority/1.png"/>
		<Mark Name="priority2" Display="Priority 2" Path="/marks/priority/2.png"/>
		<Mark Name="priority3" Display="Priority 3" Path="/marks/priority/3.png"/>
		<Mark Name="priority4" Display="Priority 4" Path="/marks/priority/4.png"/>
		<Mark Name="priority5" Display="Priority 5" Path="/marks/priority/5.png"/>
		<Mark Name="priority6" Display="Priority 6" Path="/marks/priority/6.png"/>
		<Mark Name="priority7" Display="Priority 7" Path="/marks/priority/7.png"/>
		<Mark Name="priority8" Display="Priority 8" Path="/marks/priority/8.png"/>	
		<Mark Name="priority9" Display="Priority 9" Path="/marks/priority/9.png"/>
	</MarkGroup>
	<MarkGroup Name="progress" Display="Progress" Mutex="1" Text="0" Predefine="1">
		<Mark Name="nostart" Display="Not Started" Path="/marks/progress/notstart.png"/>
		<Mark Name="125" Display="12.5%" Path="/marks/progress/125.png"/>
		<Mark Name="250" Display="25%" Path="/marks/progress/250.png"/>
		<Mark Name="375" Display="37.5%" Path="/marks/progress/375.png"/>
		<Mark Name="500" Display="50%" Path="/marks/progress/500.png"/>
		<Mark Name="625" Display="62.5%" Path="/marks/progress/625.png"/>
		<Mark Name="750" Display="75%" Path="/marks/progress/750.png"/>
		<Mark Name="875" Display="87.5%" Path="/marks/progress/875.png"/>		
		<Mark Name="finished" Display="Finished" Path="/marks/progress/finished.png"/>
	</MarkGroup>
	<MarkGroup Name="face" Display="Face" Mutex="1" Text="0" Predefine="1">
		<Mark Name="happy" Display="Happy" Path="/marks/face/happy.png"/>
		<Mark Name="smile" Display="Smile" Path="/marks/face/smile.png"/>
		<Mark Name="nofeel" Display="No feel" Path="/marks/face/nofeel.png"/>
		<Mark Name="sad" Display="Sad" Path="/marks/face/sad.png"/>
		<Mark Name="fury" Display="Fury" Path="/marks/face/fury.png"/>
		<Mark Name="tears" Display="Tears" Path="/marks/face/tears.png"/>
		<Mark Name="horrible" Display="Horrible" Path="/marks/face/horrible.png"/>
		<Mark Name="query" Display="Query" Path="/marks/face/query.png"/>
		<Mark Name="embarrassed" Display="Embarrassed" Path="/marks/face/embarrassed.png"/>
		<Mark Name="exhaustion" Display="Exhaustion" Path="/marks/face/exhaustion.png"/>
		<Mark Name="hush" Display="Hush" Path="/marks/face/hush.png"/>
		<Mark Name="funny" Display="Funny" Path="/marks/face/funny.png"/>
		<Mark Name="giddy" Display="Giddy" Path="/marks/face/giddy.png"/>							
		<Mark Name="anthomaniac" Display="Anthomaniac" Path="/marks/face/anthomaniac.png"/>
	</MarkGroup>
	<MarkGroup Name="arrow" Display="Arrow" Mutex="1" Text="0" Predefine="1">
		<Mark Name="arrow1" Display="Up" Path="/marks/arrow/1.png"/>
		<Mark Name="arrow2" Display="Down" Path="/marks/arrow/2.png"/>
		<Mark Name="arrow3" Display="Left" Path="/marks/arrow/3.png"/>
		<Mark Name="arrow4" Display="Right" Path="/marks/arrow/4.png"/>
		<Mark Name="arrow5" Display="North West" Path="/marks/arrow/5.png"/>
		<Mark Name="arrow6" Display="North East" Path="/marks/arrow/6.png"/>
		<Mark Name="arrow7" Display="South East" Path="/marks/arrow/7.png"/>
		<Mark Name="arrow8" Display="South West" Path="/marks/arrow/8.png"/>		
	</MarkGroup>
	<MarkGroup Name="flag" Display="Flag" Mutex="1" Text="0" Predefine="1">
		<Mark Name="flag1" Display="Flag 1" Path="/marks/flag/flag1.png"/>
		<Mark Name="flag2" Display="Flag 2" Path="/marks/flag/flag2.png"/>
		<Mark Name="flag3" Display="Flag 3" Path="/marks/flag/flag3.png"/>
		<Mark Name="flag4" Display="Flag 4" Path="/marks/flag/flag4.png"/>
		<Mark Name="flag5" Display="Flag 5" Path="/marks/flag/flag5.png"/>
		<Mark Name="flag6" Display="Flag 6" Path="/marks/flag/flag6.png"/>
		<Mark Name="flag7" Display="Flag 7" Path="/marks/flag/flag7.png"/>
	</MarkGroup>
	<MarkGroup Name="star" Display="Star" Mutex="1" Text="0" Predefine="1">
		<Mark Name="star1" Display="Star 1" Path="/marks/star/star1.png"/>
		<Mark Name="star2" Display="Star 2" Path="/marks/star/star2.png"/>
		<Mark Name="star3" Display="Star 3" Path="/marks/star/star3.png"/>
		<Mark Name="star4" Display="Star 4" Path="/marks/star/star4.png"/>
		<Mark Name="star5" Display="Star 5" Path="/marks/star/star5.png"/>
		<Mark Name="star6" Display="Star 6" Path="/marks/star/star6.png"/>
		<Mark Name="star7" Display="Star 7" Path="/marks/star/star7.png"/>
	</MarkGroup>
	<MarkGroup Name="symbol" Display="Symbol" Mutex="0" Text="0" Predefine="1">
		<Mark Name="Boy" Display="Boy" Path="/marks/symbol/1boy.png"/>
		<Mark Name="Girl" Display="Girl" Path="/marks/symbol/2girl.png"/>
		<Mark Name="People" Display="People" Path="/marks/symbol/3people.png"/>
		<Mark Name="Peoples" Display="Peoples" Path="/marks/symbol/4peoples.png"/>
		<Mark Name="Alarm" Display="Alarm" Path="/marks/symbol/5alarm.png"/>
		<Mark Name="Bomb" Display="Bomb" Path="/marks/symbol/6bomb.png"/>
		<Mark Name="Handshake" Display="Handshake" Path="/marks/symbol/9handshake.png"/>
		<Mark Name="Approve" Display="Approve" Path="/marks/symbol/10approve.png"/>
		<Mark Name="Disapprove" Display="Disapprove" Path="/marks/symbol/11disapprove.png"/>
		<Mark Name="Medal" Display="Medal" Path="/marks/symbol/12medal.png"/>
		<Mark Name="Trophy" Display="Trophy" Path="/marks/symbol/13trophy.png"/>
		<Mark Name="Balance" Display="Balance" Path="/marks/symbol/14balance.png"/>
		<Mark Name="Judge" Display="Judge" Path="/marks/symbol/15judge.png"/>
		<Mark Name="Goal" Display="Goal" Path="/marks/symbol/16goal.png"/>
		<Mark Name="Globe" Display="Globe" Path="/marks/symbol/17globe.png"/>
		<Mark Name="Shopping" Display="Shopping" Path="/marks/symbol/18shopping.png"/>
		<Mark Name="Rocket" Display="Rocket" Path="/marks/symbol/19rocket.png"/>
		<Mark Name="Calendar" Display="Calendar" Path="/marks/symbol/20calendar.png"/>
		<Mark Name="Table" Display="Table" Path="/marks/symbol/21table.png"/>
		<Mark Name="Bar" Display="Bar" Path="/marks/symbol/22bar.png"/>
		<Mark Name="Pie" Display="Pie" Path="/marks/symbol/23pie.png"/>
		<Mark Name="Line" Display="Line" Path="/marks/symbol/24line.png"/>
		<Mark Name="Area" Display="Area" Path="/marks/symbol/25area.png"/>
		<Mark Name="Dollar" Display="Dollar" Path="/marks/symbol/26dollar.png"/>
		<Mark Name="Euro" Display="Euro" Path="/marks/symbol/27euro.png"/>
		<Mark Name="RMB" Display="RMB" Path="/marks/symbol/28RMB.png"/>		
		<Mark Name="Question" Display="Question" Path="/marks/symbol/30question.png"/>
		<Mark Name="Attention" Display="Attention" Path="/marks/symbol/31attention.png"/>
		<Mark Name="Correct" Display="Correct" Path="/marks/symbol/32correct.png"/>
		<Mark Name="Error" Display="Error" Path="/marks/symbol/33error.png"/>
		<Mark Name="idea" Display="Idea" Path="/marks/symbol/34idea.png"/>
		<Mark Name="Data" Display="Data" Path="/marks/symbol/35data.png"/>
		<Mark Name="File" Display="File" Path="/marks/symbol/40file.png"/>
		<Mark Name="Mail" Display="Mail" Path="/marks/symbol/41mail.png"/>
		<Mark Name="Phone" Display="Phone" Path="/marks/symbol/42phone.png"/>
		<Mark Name="Note" Display="Note" Path="/marks/symbol/43note.png"/>
		<Mark Name="Pen" Display="Pen" Path="/marks/symbol/44pen.png"/>
		<Mark Name="Lock" Display="Lock" Path="/marks/symbol/45lock.png"/>
		<Mark Name="Unlock" Display="Unlock" Path="/marks/symbol/46unlock.png"/>
		<Mark Name="Home" Display="Home" Path="/marks/symbol/50house.png"/>
		<Mark Name="Search" Display="Search" Path="/marks/symbol/51search.png"/>
		<Mark Name="Internet" Display="Internet" Path="/marks/symbol/52internet.png"/>
		<Mark Name="Link" Display="Link" Path="/marks/symbol/53link.png"/>
		<Mark Name="Plus" Display="Plus" Path="/marks/symbol/54plus.png"/>
		<Mark Name="Minus" Display="Minus" Path="/marks/symbol/55minus.png"/>
		<Mark Name="Start" Display="Start" Path="/marks/symbol/56start.png"/>
		<Mark Name="Pause" Display="Pause" Path="/marks/symbol/57pause.png"/>
		<Mark Name="Stop" Display="Stop" Path="/marks/symbol/58stop.png"/>
		<Mark Name="Airplane" Display="Airplane" Path="/marks/symbol/70airplane.png"/>
		<Mark Name="Coffee" Display="Coffee" Path="/marks/symbol/71coffee.png"/>
		<Mark Name="Battery" Display="Battery" Path="/marks/symbol/72battery.png"/>
		<Mark Name="Gift" Display="Gift" Path="/marks/symbol/73gift.png"/>
		<Mark Name="Lightning" Display="Lightning" Path="/marks/symbol/74lightning.png"/>
		<Mark Name="Drizzle" Display="Drizzle" Path="/marks/symbol/75drizzle.png"/>
		<Mark Name="Sunny" Display="Sunny" Path="/marks/symbol/76sunny.png"/>
		<Mark Name="Thunder" Display="Thunder" Path="/marks/symbol/77thunder.png"/>
		<Mark Name="Tornado" Display="Tornado" Path="/marks/symbol/78tornado.png"/>
		<Mark Name="Love" Display="Love" Path="/marks/symbol/80love.png"/>
		<Mark Name="Music" Display="Music" Path="/marks/symbol/81music.png"/>
		<Mark Name="Gear" Display="Gear" Path="/marks/symbol/82gear.png"/>
	</MarkGroup>
	<MarkGroup Name="resource" Display="Resources" Mutex="0" Text="1" Predefine="1" Resource="1">
    </MarkGroup>
</MarkSheet>