<?xml version="1.0" encoding="utf-8"?>
<MarkSheet Version="1.0">
	<MarkGroup Name="priority" Display="Priorità" Mutex="1" Text="0" Predefine="1">
		<Mark Name="priority1" Display="Priorità 1" Path="/marks/priority/1.png"/>
		<Mark Name="priority2" Display="Priorità 2" Path="/marks/priority/2.png"/>
		<Mark Name="priority3" Display="Priorità 3" Path="/marks/priority/3.png"/>
		<Mark Name="priority4" Display="Priorità 4" Path="/marks/priority/4.png"/>
		<Mark Name="priority5" Display="Priorità 5" Path="/marks/priority/5.png"/>
		<Mark Name="priority6" Display="Priorità 6" Path="/marks/priority/6.png"/>
		<Mark Name="priority7" Display="Priorità 7" Path="/marks/priority/7.png"/>
		<Mark Name="priority8" Display="Priorità 8" Path="/marks/priority/8.png"/>	
		<Mark Name="priority9" Display="Priorità 9" Path="/marks/priority/9.png"/>
	</MarkGroup>
	<MarkGroup Name="progress" Display="Avanzamento" Mutex="1" Text="0" Predefine="1">
		<Mark Name="nostart" Display="Non Iniziato" Path="/marks/progress/notstart.png"/>
		<Mark Name="125" Display="12.5%" Path="/marks/progress/125.png"/>
		<Mark Name="250" Display="25%" Path="/marks/progress/250.png"/>
		<Mark Name="375" Display="37.5%" Path="/marks/progress/375.png"/>
		<Mark Name="500" Display="50%" Path="/marks/progress/500.png"/>
		<Mark Name="625" Display="62.5%" Path="/marks/progress/625.png"/>
		<Mark Name="750" Display="75%" Path="/marks/progress/750.png"/>
		<Mark Name="875" Display="87.5%" Path="/marks/progress/875.png"/>		
		<Mark Name="finished" Display="Terminato" Path="/marks/progress/finished.png"/>
	</MarkGroup>
	<MarkGroup Name="face" Display="Volto" Mutex="1" Text="0" Predefine="1">
		<Mark Name="happy" Display="Felice" Path="/marks/face/happy.png"/>
		<Mark Name="smile" Display="Sorriso" Path="/marks/face/smile.png"/>
		<Mark Name="nofeel" Display="Inespressivo" Path="/marks/face/nofeel.png"/>
		<Mark Name="sad" Display="Triste" Path="/marks/face/sad.png"/>
		<Mark Name="fury" Display="Arrabbiato" Path="/marks/face/fury.png"/>
		<Mark Name="tears" Display="Lacrime" Path="/marks/face/tears.png"/>
		<Mark Name="horrible" Display="Orribile" Path="/marks/face/horrible.png"/>
		<Mark Name="query" Display="Coda" Path="/marks/face/query.png"/>
		<Mark Name="embarrassed" Display="Imbarazzato" Path="/marks/face/embarrassed.png"/>
		<Mark Name="exhaustion" Display="Esausto" Path="/marks/face/exhaustion.png"/>
		<Mark Name="hush" Display="Silenzio" Path="/marks/face/hush.png"/>
		<Mark Name="funny" Display="Divertente" Path="/marks/face/funny.png"/>
		<Mark Name="giddy" Display="Frivolo" Path="/marks/face/giddy.png"/>							
		<Mark Name="anthomaniac" Display="Innamorato" Path="/marks/face/anthomaniac.png"/>
	</MarkGroup>
	<MarkGroup Name="arrow" Display="Freccia" Mutex="1" Text="0" Predefine="1">
		<Mark Name="arrow1" Display="Su" Path="/marks/arrow/1.png"/>
		<Mark Name="arrow2" Display="Giù" Path="/marks/arrow/2.png"/>
		<Mark Name="arrow3" Display="Sinistra" Path="/marks/arrow/3.png"/>
		<Mark Name="arrow4" Display="Destra" Path="/marks/arrow/4.png"/>
		<Mark Name="arrow5" Display="Nord-Ovest" Path="/marks/arrow/5.png"/>
		<Mark Name="arrow6" Display="Nord-Est" Path="/marks/arrow/6.png"/>
		<Mark Name="arrow7" Display="Sud-Est" Path="/marks/arrow/7.png"/>
		<Mark Name="arrow8" Display="Sud-Ovest" Path="/marks/arrow/8.png"/>		
	</MarkGroup>
	<MarkGroup Name="flag" Display="Bandiera" Mutex="1" Text="0" Predefine="1">
		<Mark Name="flag1" Display="Bandiera 1" Path="/marks/flag/flag1.png"/>
		<Mark Name="flag2" Display="Bandiera 2" Path="/marks/flag/flag2.png"/>
		<Mark Name="flag3" Display="Bandiera 3" Path="/marks/flag/flag3.png"/>
		<Mark Name="flag4" Display="Bandiera 4" Path="/marks/flag/flag4.png"/>
		<Mark Name="flag5" Display="Bandiera 5" Path="/marks/flag/flag5.png"/>
		<Mark Name="flag6" Display="Bandiera 6" Path="/marks/flag/flag6.png"/>
		<Mark Name="flag7" Display="Bandiera 7" Path="/marks/flag/flag7.png"/>
	</MarkGroup>
	<MarkGroup Name="star" Display="Stella" Mutex="1" Text="0" Predefine="1">
		<Mark Name="star1" Display="Stella 1" Path="/marks/star/star1.png"/>
		<Mark Name="star2" Display="Stella 2" Path="/marks/star/star2.png"/>
		<Mark Name="star3" Display="Stella 3" Path="/marks/star/star3.png"/>
		<Mark Name="star4" Display="Stella 4" Path="/marks/star/star4.png"/>
		<Mark Name="star5" Display="Stella 5" Path="/marks/star/star5.png"/>
		<Mark Name="star6" Display="Stella 6" Path="/marks/star/star6.png"/>
		<Mark Name="star7" Display="Stella 7" Path="/marks/star/star7.png"/>
	</MarkGroup>
	<MarkGroup Name="symbol" Display="Simbolo" Mutex="0" Text="0" Predefine="1">
		<Mark Name="Boy" Display="Bambino" Path="/marks/symbol/1boy.png"/>
		<Mark Name="Girl" Display="Bambina" Path="/marks/symbol/2girl.png"/>
		<Mark Name="People" Display="Persone" Path="/marks/symbol/3people.png"/>
		<Mark Name="Peoples" Display="Persone 2" Path="/marks/symbol/4peoples.png"/>
		<Mark Name="Alarm" Display="Allarme" Path="/marks/symbol/5alarm.png"/>
		<Mark Name="Bomb" Display="Bomba" Path="/marks/symbol/6bomb.png"/>
		<Mark Name="Handshake" Display="Stretta di Mano" Path="/marks/symbol/9handshake.png"/>
		<Mark Name="Approve" Display="Approvazione" Path="/marks/symbol/10approve.png"/>
		<Mark Name="Disapprove" Display="Disapprovazione" Path="/marks/symbol/11disapprove.png"/>
		<Mark Name="Medal" Display="Medaglia" Path="/marks/symbol/12medal.png"/>
		<Mark Name="Trophy" Display="Trofeo" Path="/marks/symbol/13trophy.png"/>
		<Mark Name="Balance" Display="Bilancia" Path="/marks/symbol/14balance.png"/>
		<Mark Name="Judge" Display="Giudice" Path="/marks/symbol/15judge.png"/>
		<Mark Name="Goal" Display="Obiettivo" Path="/marks/symbol/16goal.png"/>
		<Mark Name="Globe" Display="Globo" Path="/marks/symbol/17globe.png"/>
		<Mark Name="Shopping" Display="Shopping" Path="/marks/symbol/18shopping.png"/>
		<Mark Name="Rocket" Display="Missile" Path="/marks/symbol/19rocket.png"/>
		<Mark Name="Calendar" Display="Calendario" Path="/marks/symbol/20calendar.png"/>
		<Mark Name="Table" Display="Tabella" Path="/marks/symbol/21table.png"/>
		<Mark Name="Bar" Display="Barra" Path="/marks/symbol/22bar.png"/>
		<Mark Name="Pie" Display="Torta" Path="/marks/symbol/23pie.png"/>
		<Mark Name="Line" Display="Linea" Path="/marks/symbol/24line.png"/>
		<Mark Name="Area" Display="Area" Path="/marks/symbol/25area.png"/>
		<Mark Name="Dollar" Display="Dollaro" Path="/marks/symbol/26dollar.png"/>
		<Mark Name="Euro" Display="Euro" Path="/marks/symbol/27euro.png"/>
		<Mark Name="RMB" Display="RMB" Path="/marks/symbol/28RMB.png"/>		
		<Mark Name="Question" Display="Domanda" Path="/marks/symbol/30question.png"/>
		<Mark Name="Attention" Display="Attenzione" Path="/marks/symbol/31attention.png"/>
		<Mark Name="Correct" Display="Corretto" Path="/marks/symbol/32correct.png"/>
		<Mark Name="Error" Display="Sbagliato" Path="/marks/symbol/33error.png"/>
		<Mark Name="idea" Display="Idea" Path="/marks/symbol/34idea.png"/>
		<Mark Name="Data" Display="Dati" Path="/marks/symbol/35data.png"/>
		<Mark Name="File" Display="File" Path="/marks/symbol/40file.png"/>
		<Mark Name="Mail" Display="Mail" Path="/marks/symbol/41mail.png"/>
		<Mark Name="Phone" Display="Telefono" Path="/marks/symbol/42phone.png"/>
		<Mark Name="Note" Display="Nota" Path="/marks/symbol/43note.png"/>
		<Mark Name="Pen" Display="Penna" Path="/marks/symbol/44pen.png"/>
		<Mark Name="Lock" Display="Bloccato" Path="/marks/symbol/45lock.png"/>
		<Mark Name="Unlock" Display="Sbloccato" Path="/marks/symbol/46unlock.png"/>
		<Mark Name="Home" Display="Casa" Path="/marks/symbol/50house.png"/>
		<Mark Name="Search" Display="Cerca" Path="/marks/symbol/51search.png"/>
		<Mark Name="Internet" Display="Internet" Path="/marks/symbol/52internet.png"/>
		<Mark Name="Link" Display="Collegamento" Path="/marks/symbol/53link.png"/>
		<Mark Name="Plus" Display="Più" Path="/marks/symbol/54plus.png"/>
		<Mark Name="Minus" Display="Meno" Path="/marks/symbol/55minus.png"/>
		<Mark Name="Start" Display="Inizio" Path="/marks/symbol/56start.png"/>
		<Mark Name="Pause" Display="Pausa" Path="/marks/symbol/57pause.png"/>
		<Mark Name="Stop" Display="Interruzione" Path="/marks/symbol/58stop.png"/>
		<Mark Name="Airplane" Display="Aeroplano" Path="/marks/symbol/70airplane.png"/>
		<Mark Name="Coffee" Display="Caffè" Path="/marks/symbol/71coffee.png"/>
		<Mark Name="Battery" Display="Batteria" Path="/marks/symbol/72battery.png"/>
		<Mark Name="Gift" Display="Regalo" Path="/marks/symbol/73gift.png"/>
		<Mark Name="Lightning" Display="Fulmine" Path="/marks/symbol/74lightning.png"/>
		<Mark Name="Drizzle" Display="Pioggerella" Path="/marks/symbol/75drizzle.png"/>
		<Mark Name="Sunny" Display="Soleggiato" Path="/marks/symbol/76sunny.png"/>
		<Mark Name="Thunder" Display="Tuono" Path="/marks/symbol/77thunder.png"/>
		<Mark Name="Tornado" Display="Tornado" Path="/marks/symbol/78tornado.png"/>
		<Mark Name="Love" Display="Amore" Path="/marks/symbol/80love.png"/>
		<Mark Name="Music" Display="Musica" Path="/marks/symbol/81music.png"/>
		<Mark Name="Gear" Display="Ingranaggio" Path="/marks/symbol/82gear.png"/>
	</MarkGroup>
	<MarkGroup Name="resource" Display="Risorse" Mutex="0" Text="1" Predefine="1" Resource="1">
    </MarkGroup>
</MarkSheet>