<?xml version="1.0" encoding="utf-8"?>
<MarkSheet Version="1.0">
	<MarkGroup Name="priority" Display="Prioridad" Mutex="1" Text="0" Predefine="1">
		<Mark Name="priority1" Display="Prioridad 1" Path="/marks/priority/1.png"/>
		<Mark Name="priority2" Display="Prioridad 2" Path="/marks/priority/2.png"/>
		<Mark Name="priority3" Display="Prioridad 3" Path="/marks/priority/3.png"/>
		<Mark Name="priority4" Display="Prioridad 4" Path="/marks/priority/4.png"/>
		<Mark Name="priority5" Display="Prioridad 5" Path="/marks/priority/5.png"/>
		<Mark Name="priority6" Display="Prioridad 6" Path="/marks/priority/6.png"/>
		<Mark Name="priority7" Display="Prioridad 7" Path="/marks/priority/7.png"/>
		<Mark Name="priority8" Display="Prioridad 8" Path="/marks/priority/8.png"/>	
		<Mark Name="priority9" Display="Prioridad 9" Path="/marks/priority/9.png"/>
	</MarkGroup>
	<MarkGroup Name="progress" Display="Progreso" Mutex="1" Text="0" Predefine="1">
		<Mark Name="nostart" Display="0%" Path="/marks/progress/notstart.png"/>
		<Mark Name="125" Display="12.5%" Path="/marks/progress/125.png"/>
		<Mark Name="250" Display="25%" Path="/marks/progress/250.png"/>
		<Mark Name="375" Display="37.5%" Path="/marks/progress/375.png"/>
		<Mark Name="500" Display="50%" Path="/marks/progress/500.png"/>
		<Mark Name="625" Display="62.5%" Path="/marks/progress/625.png"/>
		<Mark Name="750" Display="75%" Path="/marks/progress/750.png"/>
		<Mark Name="875" Display="87.5%" Path="/marks/progress/875.png"/>		
		<Mark Name="finished" Display="terminado" Path="/marks/progress/finished.png"/>
	</MarkGroup>
	<MarkGroup Name="face" Display="Cara" Mutex="1" Text="0" Predefine="1">
		<Mark Name="happy" Display="Contento" Path="/marks/face/happy.png"/>
		<Mark Name="smile" Display="Sonrisa" Path="/marks/face/smile.png"/>
		<Mark Name="nofeel" Display="Sin emoción" Path="/marks/face/nofeel.png"/>
		<Mark Name="sad" Display="Triste" Path="/marks/face/sad.png"/>
		<Mark Name="fury" Display="Furia" Path="/marks/face/fury.png"/>
		<Mark Name="tears" Display="Lágrimas" Path="/marks/face/tears.png"/>
		<Mark Name="horrible" Display="Horrible" Path="/marks/face/horrible.png"/>
		<Mark Name="query" Display="Interrogante" Path="/marks/face/query.png"/>
		<Mark Name="embarrassed" Display="Desconcertado" Path="/marks/face/embarrassed.png"/>
		<Mark Name="exhaustion" Display="Agotamiento" Path="/marks/face/exhaustion.png"/>
		<Mark Name="hush" Display="Silencio" Path="/marks/face/hush.png"/>
		<Mark Name="funny" Display="Gracioso" Path="/marks/face/funny.png"/>
		<Mark Name="giddy" Display="Mareado" Path="/marks/face/giddy.png"/>							
		<Mark Name="anthomaniac" Display="Anthomaniac" Path="/marks/face/anthomaniac.png"/>
	</MarkGroup>
	<MarkGroup Name="arrow" Display="Flecha" Mutex="1" Text="0" Predefine="1">
		<Mark Name="arrow1" Display="Arriba" Path="/marks/arrow/1.png"/>
		<Mark Name="arrow2" Display="Abajo" Path="/marks/arrow/2.png"/>
		<Mark Name="arrow3" Display="Izquierda" Path="/marks/arrow/3.png"/>
		<Mark Name="arrow4" Display="Derecha" Path="/marks/arrow/4.png"/>
		<Mark Name="arrow5" Display="Arriba izquierda" Path="/marks/arrow/5.png"/>
		<Mark Name="arrow6" Display="Arriba derecha" Path="/marks/arrow/6.png"/>
		<Mark Name="arrow7" Display="Abajo izquierda" Path="/marks/arrow/7.png"/>
		<Mark Name="arrow8" Display="Abajo derecha" Path="/marks/arrow/8.png"/>		
	</MarkGroup>
	<MarkGroup Name="flag" Display="Bandera" Mutex="1" Text="0" Predefine="1">
		<Mark Name="flag1" Display="Bandera 1" Path="/marks/flag/flag1.png"/>
		<Mark Name="flag2" Display="Bandera 2" Path="/marks/flag/flag2.png"/>
		<Mark Name="flag3" Display="Bandera 3" Path="/marks/flag/flag3.png"/>
		<Mark Name="flag4" Display="Bandera 4" Path="/marks/flag/flag4.png"/>
		<Mark Name="flag5" Display="Bandera 5" Path="/marks/flag/flag5.png"/>
		<Mark Name="flag6" Display="Bandera 6" Path="/marks/flag/flag6.png"/>
		<Mark Name="flag7" Display="Bandera 7" Path="/marks/flag/flag7.png"/>
	</MarkGroup>
	<MarkGroup Name="star" Display="Estrella" Mutex="1" Text="0" Predefine="1">
		<Mark Name="star1" Display="Estrella 1" Path="/marks/star/star1.png"/>
		<Mark Name="star2" Display="Estrella 2" Path="/marks/star/star2.png"/>
		<Mark Name="star3" Display="Estrella 3" Path="/marks/star/star3.png"/>
		<Mark Name="star4" Display="Estrella 4" Path="/marks/star/star4.png"/>
		<Mark Name="star5" Display="Estrella 5" Path="/marks/star/star5.png"/>
		<Mark Name="star6" Display="Estrella 6" Path="/marks/star/star6.png"/>
		<Mark Name="star7" Display="Estrella 7" Path="/marks/star/star7.png"/>
	</MarkGroup>
	<MarkGroup Name="symbol" Display="Símbolo" Mutex="0" Text="0" Predefine="1">
		<Mark Name="Boy" Display="Chico" Path="/marks/symbol/1boy.png"/>
		<Mark Name="Girl" Display="Chica" Path="/marks/symbol/2girl.png"/>
		<Mark Name="People" Display="Gente" Path="/marks/symbol/3people.png"/>
		<Mark Name="Peoples" Display="Persona" Path="/marks/symbol/4peoples.png"/>
		<Mark Name="Alarm" Display="Alarma" Path="/marks/symbol/5alarm.png"/>
		<Mark Name="Bomb" Display="Bomba" Path="/marks/symbol/6bomb.png"/>
		<Mark Name="Handshake" Display="Apretón de manos" Path="/marks/symbol/9handshake.png"/>
		<Mark Name="Approve" Display="Aprobar" Path="/marks/symbol/10approve.png"/>
		<Mark Name="Disapprove" Display="Desaprobar" Path="/marks/symbol/11disapprove.png"/>
		<Mark Name="Medal" Display="Medalla" Path="/marks/symbol/12medal.png"/>
		<Mark Name="Trophy" Display="Trofeo" Path="/marks/symbol/13trophy.png"/>
		<Mark Name="Balance" Display="Equilibrar" Path="/marks/symbol/14balance.png"/>
		<Mark Name="Judge" Display="Juez" Path="/marks/symbol/15judge.png"/>
		<Mark Name="Goal" Display="Gol" Path="/marks/symbol/16goal.png"/>
		<Mark Name="Globe" Display="Globo" Path="/marks/symbol/17globe.png"/>
		<Mark Name="Shopping" Display="Compras" Path="/marks/symbol/18shopping.png"/>
		<Mark Name="Rocket" Display="Cohete" Path="/marks/symbol/19rocket.png"/>
		<Mark Name="Calendar" Display="Calendario" Path="/marks/symbol/20calendar.png"/>
		<Mark Name="Table" Display="Tabla" Path="/marks/symbol/21table.png"/>
		<Mark Name="Bar" Display="Barra" Path="/marks/symbol/22bar.png"/>
		<Mark Name="Pie" Display="Circular" Path="/marks/symbol/23pie.png"/>
		<Mark Name="Line" Display="Línea" Path="/marks/symbol/24line.png"/>
		<Mark Name="Area" Display="Área" Path="/marks/symbol/25area.png"/>
		<Mark Name="Dollar" Display="Dólar" Path="/marks/symbol/26dollar.png"/>
		<Mark Name="Euro" Display="Euro" Path="/marks/symbol/27euro.png"/>
		<Mark Name="RMB" Display="RMB" Path="/marks/symbol/28RMB.png"/>		
		<Mark Name="Question" Display="Problema" Path="/marks/symbol/30question.png"/>
		<Mark Name="Attention" Display="Atención" Path="/marks/symbol/31attention.png"/>
		<Mark Name="Correct" Display="Correcto" Path="/marks/symbol/32correct.png"/>
		<Mark Name="Error" Display="Error" Path="/marks/symbol/33error.png"/>
		<Mark Name="idea" Display="idea" Path="/marks/symbol/34idea.png"/>
		<Mark Name="Data" Display="Data" Path="/marks/symbol/35data.png"/>
		<Mark Name="File" Display="Archivo" Path="/marks/symbol/40file.png"/>
		<Mark Name="Mail" Display="Correo" Path="/marks/symbol/41mail.png"/>
		<Mark Name="Phone" Display="Teléfono" Path="/marks/symbol/42phone.png"/>
		<Mark Name="Note" Display="Nota" Path="/marks/symbol/43note.png"/>
		<Mark Name="Pen" Display="Bolígrafo" Path="/marks/symbol/44pen.png"/>
		<Mark Name="Lock" Display="Bloquear" Path="/marks/symbol/45lock.png"/>
		<Mark Name="Unlock" Display="Desbloquear" Path="/marks/symbol/46unlock.png"/>
		<Mark Name="Home" Display="Inicio" Path="/marks/symbol/50house.png"/>
		<Mark Name="Search" Display="Buscar" Path="/marks/symbol/51search.png"/>
		<Mark Name="Internet" Display="Internet" Path="/marks/symbol/52internet.png"/>
		<Mark Name="Link" Display="Enlace" Path="/marks/symbol/53link.png"/>
		<Mark Name="Plus" Display="Más" Path="/marks/symbol/54plus.png"/>
		<Mark Name="Minus" Display="Menos" Path="/marks/symbol/55minus.png"/>
		<Mark Name="Start" Display="Comenzar" Path="/marks/symbol/56start.png"/>
		<Mark Name="Pause" Display="Pausa" Path="/marks/symbol/57pause.png"/>
		<Mark Name="Stop" Display="Detener" Path="/marks/symbol/58stop.png"/>
		<Mark Name="Airplane" Display="Aeropuerto" Path="/marks/symbol/70airplane.png"/>
		<Mark Name="Coffee" Display="Café" Path="/marks/symbol/71coffee.png"/>
		<Mark Name="Battery" Display="Batería" Path="/marks/symbol/72battery.png"/>
		<Mark Name="Gift" Display="Regalo" Path="/marks/symbol/73gift.png"/>
		<Mark Name="Lightning" Display="Relámpago" Path="/marks/symbol/74lightning.png"/>
		<Mark Name="Drizzle" Display="Llovizna" Path="/marks/symbol/75drizzle.png"/>
		<Mark Name="Sunny" Display="Soleado" Path="/marks/symbol/76sunny.png"/>
		<Mark Name="Thunder" Display="Trueno" Path="/marks/symbol/77thunder.png"/>
		<Mark Name="Tornado" Display="Tornado" Path="/marks/symbol/78tornado.png"/>
		<Mark Name="Love" Display="Amor" Path="/marks/symbol/80love.png"/>
		<Mark Name="Music" Display="Música" Path="/marks/symbol/81music.png"/>
		<Mark Name="Gear" Display="Engranaje" Path="/marks/symbol/82gear.png"/>
	</MarkGroup>
	<MarkGroup Name="resource" Display="Recurso" Mutex="0" Text="1" Predefine="1" Resource="1">
    </MarkGroup>
</MarkSheet>