<?xml version="1.0" encoding="utf-8"?>
<MarkSheet Version="1.0">
	<MarkGroup Name="priority" Display="Priorität" Mutex="1" Text="0" Predefine="1">
		<Mark Name="priority1" Display="Priorität 1" Path="/marks/priority/1.png"/>
		<Mark Name="priority2" Display="Priorität 2" Path="/marks/priority/2.png"/>
		<Mark Name="priority3" Display="Priorität 3" Path="/marks/priority/3.png"/>
		<Mark Name="priority4" Display="Priorität 4" Path="/marks/priority/4.png"/>
		<Mark Name="priority5" Display="Priorität 5" Path="/marks/priority/5.png"/>
		<Mark Name="priority6" Display="Priorität 6" Path="/marks/priority/6.png"/>
		<Mark Name="priority7" Display="Priorität 7" Path="/marks/priority/7.png"/>
		<Mark Name="priority8" Display="Priorität 8" Path="/marks/priority/8.png"/>
		<Mark Name="priority9" Display="Priorität 9" Path="/marks/priority/9.png"/>
	</MarkGroup>
	<MarkGroup Name="progress" Display="Aufgabenfortschritt" Mutex="1" Text="0" Predefine="1">
		<Mark Name="nostart" Display="0%" Path="/marks/progress/notstart.png"/>
		<Mark Name="125" Display="12.5%" Path="/marks/progress/125.png"/>
		<Mark Name="250" Display="25%" Path="/marks/progress/250.png"/>
		<Mark Name="375" Display="37.5%" Path="/marks/progress/375.png"/>
		<Mark Name="500" Display="50%" Path="/marks/progress/500.png"/>
		<Mark Name="625" Display="62.5%" Path="/marks/progress/625.png"/>
		<Mark Name="750" Display="75%" Path="/marks/progress/750.png"/>
		<Mark Name="875" Display="87.5%" Path="/marks/progress/875.png"/>		
		<Mark Name="finished" Display="Aufgaben erledigt" Path="/marks/progress/finished.png"/>
	</MarkGroup>
	<MarkGroup Name="face" Display="Gesichter" Mutex="1" Text="0" Predefine="1">
		<Mark Name="happy" Display="Lachend" Path="/marks/face/happy.png"/>
		<Mark Name="smile" Display="Lächelnd" Path="/marks/face/smile.png"/>
		<Mark Name="nofeel" Display="Ohner Gesicht" Path="/marks/face/nofeel.png"/>
		<Mark Name="sad" Display="Sauer" Path="/marks/face/sad.png"/>
		<Mark Name="fury" Display="Ärgerlich" Path="/marks/face/fury.png"/>
		<Mark Name="tears" Display="Weinend" Path="/marks/face/tears.png"/>
		<Mark Name="horrible" Display="Angst haben" Path="/marks/face/horrible.png"/>
		<Mark Name="query" Display="Zweifel" Path="/marks/face/query.png"/>
		<Mark Name="embarrassed" Display="Verlegenheit" Path="/marks/face/embarrassed.png"/>
		<Mark Name="exhaustion" Display="Erschöpfung" Path="/marks/face/exhaustion.png"/>
		<Mark Name="hush" Display="Stille" Path="/marks/face/hush.png"/>
		<Mark Name="funny" Display="Lustig" Path="/marks/face/funny.png"/>
		<Mark Name="giddy" Display="Schwindlig" Path="/marks/face/giddy.png"/>							
		<Mark Name="anthomaniac" Display="Es mir gefallen." Path="/marks/face/anthomaniac.png"/>
	</MarkGroup>
	<MarkGroup Name="arrow" Display="Pfeil" Mutex="1" Text="0" Predefine="1">
		<Mark Name="arrow1" Display="Oben" Path="/marks/arrow/1.png"/>
		<Mark Name="arrow2" Display="Unten" Path="/marks/arrow/2.png"/>
		<Mark Name="arrow3" Display="Links" Path="/marks/arrow/3.png"/>
		<Mark Name="arrow4" Display="Rechts" Path="/marks/arrow/4.png"/>
		<Mark Name="arrow5" Display="Links Oben" Path="/marks/arrow/5.png"/>
		<Mark Name="arrow6" Display="Rechts Oben" Path="/marks/arrow/6.png"/>
		<Mark Name="arrow7" Display="Links Unten" Path="/marks/arrow/7.png"/>
		<Mark Name="arrow8" Display="Rechts Unten" Path="/marks/arrow/8.png"/>		
	</MarkGroup>
	<MarkGroup Name="flag" Display="Flagge" Mutex="1" Text="0" Predefine="1">
		<Mark Name="flag1" Display="Flagge 1" Path="/marks/flag/flag1.png"/>
		<Mark Name="flag2" Display="Flagge 2" Path="/marks/flag/flag2.png"/>
		<Mark Name="flag3" Display="Flagge 3" Path="/marks/flag/flag3.png"/>
		<Mark Name="flag4" Display="Flagge 4" Path="/marks/flag/flag4.png"/>
		<Mark Name="flag5" Display="Flagge 5" Path="/marks/flag/flag5.png"/>
		<Mark Name="flag6" Display="Flagge 6" Path="/marks/flag/flag6.png"/>
		<Mark Name="flag7" Display="Flagge 7" Path="/marks/flag/flag7.png"/>
	</MarkGroup>
	<MarkGroup Name="star" Display="Stern" Mutex="1" Text="0" Predefine="1">
		<Mark Name="star1" Display="Stern 1" Path="/marks/star/star1.png"/>
		<Mark Name="star2" Display="Stern 2" Path="/marks/star/star2.png"/>
		<Mark Name="star3" Display="Stern 3" Path="/marks/star/star3.png"/>
		<Mark Name="star4" Display="Stern 4" Path="/marks/star/star4.png"/>
		<Mark Name="star5" Display="Stern 5" Path="/marks/star/star5.png"/>
		<Mark Name="star6" Display="Stern 6" Path="/marks/star/star6.png"/>
		<Mark Name="star7" Display="Stern 7" Path="/marks/star/star7.png"/>
	</MarkGroup>
	<MarkGroup Name="symbol" Display="Symbol" Mutex="0" Text="0" Predefine="1">
		<Mark Name="Boy" Display="Mann" Path="/marks/symbol/1boy.png"/>
		<Mark Name="Girl" Display="Frau" Path="/marks/symbol/2girl.png"/>
		<Mark Name="People" Display="Man" Path="/marks/symbol/3people.png"/>
		<Mark Name="Peoples" Display="Personen" Path="/marks/symbol/4peoples.png"/>
		<Mark Name="Alarm" Display="Wecker" Path="/marks/symbol/5alarm.png"/>
		<Mark Name="Bomb" Display="Bombe" Path="/marks/symbol/6bomb.png"/>
		<Mark Name="Handshake" Display="Händedruck" Path="/marks/symbol/9handshake.png"/>
		<Mark Name="Approve" Display="Zustimmen" Path="/marks/symbol/10approve.png"/>
		<Mark Name="Disapprove" Display="Missbilligen" Path="/marks/symbol/11disapprove.png"/>
		<Mark Name="Medal" Display="Medaille" Path="/marks/symbol/12medal.png"/>
		<Mark Name="Trophy" Display="Trophäe" Path="/marks/symbol/13trophy.png"/>
		<Mark Name="Balance" Display="Balance" Path="/marks/symbol/14balance.png"/>
		<Mark Name="Judge" Display="Richter" Path="/marks/symbol/15judge.png"/>
		<Mark Name="Goal" Display="Ziel" Path="/marks/symbol/16goal.png"/>
		<Mark Name="Globe" Display="Erde" Path="/marks/symbol/17globe.png"/>
		<Mark Name="Shopping" Display="Einkaufen" Path="/marks/symbol/18shopping.png"/>
		<Mark Name="Rocket" Display="Rakete" Path="/marks/symbol/19rocket.png"/>
		<Mark Name="Calendar" Display="Kalender" Path="/marks/symbol/20calendar.png"/>
		<Mark Name="Table" Display="Tabelle" Path="/marks/symbol/21table.png"/>
		<Mark Name="Bar" Display="Bar" Path="/marks/symbol/22bar.png"/>
		<Mark Name="Pie" Display="Torte Diagramm" Path="/marks/symbol/23pie.png"/>
		<Mark Name="Line" Display="Linie" Path="/marks/symbol/24line.png"/>
		<Mark Name="Area" Display="Fläche Diagramm" Path="/marks/symbol/25area.png"/>
		<Mark Name="Dollar" Display="Dollar" Path="/marks/symbol/26dollar.png"/>
		<Mark Name="Euro" Display="Euro" Path="/marks/symbol/27euro.png"/>
		<Mark Name="RMB" Display="RMB" Path="/marks/symbol/28RMB.png"/>		
		<Mark Name="Question" Display="Frage" Path="/marks/symbol/30question.png"/>
		<Mark Name="Attention" Display="Ausrufezeichen" Path="/marks/symbol/31attention.png"/>
		<Mark Name="Correct" Display="Richtig" Path="/marks/symbol/32correct.png"/>
		<Mark Name="Error" Display="Fehler" Path="/marks/symbol/33error.png"/>
		<Mark Name="idea" Display="Gedanke" Path="/marks/symbol/34idea.png"/>
		<Mark Name="Data" Display="Daten" Path="/marks/symbol/35data.png"/>
		<Mark Name="File" Display="Dateien" Path="/marks/symbol/40file.png"/>
		<Mark Name="Mail" Display="Mail" Path="/marks/symbol/41mail.png"/>
		<Mark Name="Phone" Display="Telefon" Path="/marks/symbol/42phone.png"/>
		<Mark Name="Note" Display="Notebuch" Path="/marks/symbol/43note.png"/>
		<Mark Name="Pen" Display="Stift" Path="/marks/symbol/44pen.png"/>
		<Mark Name="Lock" Display="Sperren" Path="/marks/symbol/45lock.png"/>
		<Mark Name="Unlock" Display="Entsperren" Path="/marks/symbol/46unlock.png"/>
		<Mark Name="Home" Display="Startseite" Path="/marks/symbol/50house.png"/>
		<Mark Name="Search" Display="Suchen" Path="/marks/symbol/51search.png"/>
		<Mark Name="Internet" Display="Internet" Path="/marks/symbol/52internet.png"/>
		<Mark Name="Link" Display="Link" Path="/marks/symbol/53link.png"/>
		<Mark Name="Plus" Display="Plus" Path="/marks/symbol/54plus.png"/>
		<Mark Name="Minus" Display="Minus" Path="/marks/symbol/55minus.png"/>
		<Mark Name="Start" Display="Start" Path="/marks/symbol/56start.png"/>
		<Mark Name="Pause" Display="Pause" Path="/marks/symbol/57pause.png"/>
		<Mark Name="Stop" Display="Halt" Path="/marks/symbol/58stop.png"/>
		<Mark Name="Airplane" Display="Flugzeug" Path="/marks/symbol/70airplane.png"/>
		<Mark Name="Coffee" Display="Kaffee" Path="/marks/symbol/71coffee.png"/>
		<Mark Name="Battery" Display="Batterie" Path="/marks/symbol/72battery.png"/>
		<Mark Name="Gift" Display="Geschenk" Path="/marks/symbol/73gift.png"/>
		<Mark Name="Lightning" Display="Blitz" Path="/marks/symbol/74lightning.png"/>
		<Mark Name="Drizzle" Display="Regen" Path="/marks/symbol/75drizzle.png"/>
		<Mark Name="Sunny" Display="Sonnig" Path="/marks/symbol/76sunny.png"/>
		<Mark Name="Thunder" Display="Donner" Path="/marks/symbol/77thunder.png"/>
		<Mark Name="Tornado" Display="Orkan" Path="/marks/symbol/78tornado.png"/>
		<Mark Name="Love" Display="Herz" Path="/marks/symbol/80love.png"/>
		<Mark Name="Music" Display="Musik" Path="/marks/symbol/81music.png"/>
		<Mark Name="Gear" Display="Zahnrad" Path="/marks/symbol/82gear.png"/>
	</MarkGroup>
	<MarkGroup Name="resource" Display="Ressource" Mutex="0" Text="1" Predefine="1" Resource="1">
    </MarkGroup>
</MarkSheet>