<?xml version="1.0" encoding="utf-8"?>
<MarkSheet Version="1.0">
	<MarkGroup Name="priority" Display="Priorité" Mutex="1" Text="0" Predefine="1">
		<Mark Name="priority1" Display="Priorité 1" Path="/marks/priority/1.png"/>
		<Mark Name="priority2" Display="Priorité 2" Path="/marks/priority/2.png"/>
		<Mark Name="priority3" Display="Priorité 3" Path="/marks/priority/3.png"/>
		<Mark Name="priority4" Display="Priorité 4" Path="/marks/priority/4.png"/>
		<Mark Name="priority5" Display="Priorité 5" Path="/marks/priority/5.png"/>
		<Mark Name="priority6" Display="Priorité 6" Path="/marks/priority/6.png"/>
		<Mark Name="priority7" Display="Priorité 7" Path="/marks/priority/7.png"/>
		<Mark Name="priority8" Display="Priorité 8" Path="/marks/priority/8.png"/>	
		<Mark Name="priority9" Display="Priorité 9" Path="/marks/priority/9.png"/>
	</MarkGroup>
	<MarkGroup Name="progress" Display="Progression" Mutex="1" Text="0" Predefine="1">
		<Mark Name="nostart" Display="Démarrage" Path="/marks/progress/notstart.png"/>
		<Mark Name="125" Display="12.5%" Path="/marks/progress/125.png"/>
		<Mark Name="250" Display="25%" Path="/marks/progress/250.png"/>
		<Mark Name="375" Display="37.5%" Path="/marks/progress/375.png"/>
		<Mark Name="500" Display="50%" Path="/marks/progress/500.png"/>
		<Mark Name="625" Display="62.5%" Path="/marks/progress/625.png"/>
		<Mark Name="750" Display="75%" Path="/marks/progress/750.png"/>
		<Mark Name="875" Display="87.5%" Path="/marks/progress/875.png"/>		
		<Mark Name="finished" Display="Complet" Path="/marks/progress/finished.png"/>
	</MarkGroup>
	<MarkGroup Name="face" Display="Visage" Mutex="1" Text="0" Predefine="1">
		<Mark Name="happy" Display="Satisfaire" Path="/marks/face/happy.png"/>
		<Mark Name="smile" Display="Rire" Path="/marks/face/smile.png"/>
		<Mark Name="nofeel" Display="Calme" Path="/marks/face/nofeel.png"/>
		<Mark Name="sad" Display="Triste" Path="/marks/face/sad.png"/>
		<Mark Name="fury" Display="Fureur" Path="/marks/face/fury.png"/>
		<Mark Name="tears" Display="Pleurs" Path="/marks/face/tears.png"/>
		<Mark Name="horrible" Display="Horrible" Path="/marks/face/horrible.png"/>
		<Mark Name="query" Display="Doute" Path="/marks/face/query.png"/>
		<Mark Name="embarrassed" Display="Gêné" Path="/marks/face/embarrassed.png"/>
		<Mark Name="exhaustion" Display="Épuisé" Path="/marks/face/exhaustion.png"/>
		<Mark Name="hush" Display="Silence" Path="/marks/face/hush.png"/>
		<Mark Name="funny" Display="Drôle" Path="/marks/face/funny.png"/>
		<Mark Name="giddy" Display="Étourdi" Path="/marks/face/giddy.png"/>							
		<Mark Name="anthomaniac" Display="Anthomaniaque" Path="/marks/face/anthomaniac.png"/>
	</MarkGroup>
	<MarkGroup Name="arrow" Display="Flèche" Mutex="1" Text="0" Predefine="1">
		<Mark Name="arrow1" Display="Haut" Path="/marks/arrow/1.png"/>
		<Mark Name="arrow2" Display="Bas" Path="/marks/arrow/2.png"/>
		<Mark Name="arrow3" Display="Gauche" Path="/marks/arrow/3.png"/>
		<Mark Name="arrow4" Display="Droit" Path="/marks/arrow/4.png"/>
		<Mark Name="arrow5" Display="Nord Ouest" Path="/marks/arrow/5.png"/>
		<Mark Name="arrow6" Display="Nord Est" Path="/marks/arrow/6.png"/>
		<Mark Name="arrow7" Display="Sud-Est" Path="/marks/arrow/7.png"/>
		<Mark Name="arrow8" Display="Sud Ouest" Path="/marks/arrow/8.png"/>	
	</MarkGroup>
	<MarkGroup Name="flag" Display="Drapeau" Mutex="1" Text="0" Predefine="1">
		<Mark Name="flag1" Display="Drapeau 1" Path="/marks/flag/flag1.png"/>
		<Mark Name="flag2" Display="Drapeau 2" Path="/marks/flag/flag2.png"/>
		<Mark Name="flag3" Display="Drapeau 3" Path="/marks/flag/flag3.png"/>
		<Mark Name="flag4" Display="Drapeau 4" Path="/marks/flag/flag4.png"/>
		<Mark Name="flag5" Display="Drapeau 5" Path="/marks/flag/flag5.png"/>
		<Mark Name="flag6" Display="Drapeau 6" Path="/marks/flag/flag6.png"/>
		<Mark Name="flag7" Display="Drapeau 7" Path="/marks/flag/flag7.png"/>
	</MarkGroup>
	<MarkGroup Name="star" Display="Étoile" Mutex="1" Text="0" Predefine="1">
		<Mark Name="star1" Display="Étoile 1" Path="/marks/star/star1.png"/>
		<Mark Name="star2" Display="Étoile 2" Path="/marks/star/star2.png"/>
		<Mark Name="star3" Display="Étoile 3" Path="/marks/star/star3.png"/>
		<Mark Name="star4" Display="Étoile 4" Path="/marks/star/star4.png"/>
		<Mark Name="star5" Display="Étoile 5" Path="/marks/star/star5.png"/>
		<Mark Name="star6" Display="Étoile 6" Path="/marks/star/star6.png"/>
		<Mark Name="star7" Display="Étoile 7" Path="/marks/star/star7.png"/>
	</MarkGroup>
	<MarkGroup Name="symbol" Display="Symbole" Mutex="0" Text="0" Predefine="1">
		<Mark Name="Boy" Display="Garçon" Path="/marks/symbol/1boy.png"/>
		<Mark Name="Girl" Display="Fille" Path="/marks/symbol/2girl.png"/>
		<Mark Name="People" Display="Gens" Path="/marks/symbol/3people.png"/>
		<Mark Name="Peoples" Display="Les gens" Path="/marks/symbol/4peoples.png"/>
		<Mark Name="Alarm" Display="Alarme" Path="/marks/symbol/5alarm.png"/>
		<Mark Name="Bomb" Display="Bombe" Path="/marks/symbol/6bomb.png"/>
		<Mark Name="Handshake" Display="Serrement des mains" Path="/marks/symbol/9handshake.png"/>
		<Mark Name="Approve" Display="Approuver" Path="/marks/symbol/10approve.png"/>
		<Mark Name="Disapprove" Display="Désapprouve" Path="/marks/symbol/11disapprove.png"/>
		<Mark Name="Medal" Display="Médaille" Path="/marks/symbol/12medal.png"/>
		<Mark Name="Trophy" Display="Trophée" Path="/marks/symbol/13trophy.png"/>
		<Mark Name="Balance" Display="Équilibre" Path="/marks/symbol/14balance.png"/>
		<Mark Name="Judge" Display="Juge" Path="/marks/symbol/15judge.png"/>
		<Mark Name="Goal" Display="Objectif" Path="/marks/symbol/16goal.png"/>
		<Mark Name="Globe" Display="Globe" Path="/marks/symbol/17globe.png"/>
		<Mark Name="Shopping" Display="Shopping" Path="/marks/symbol/18shopping.png"/>
		<Mark Name="Rocket" Display="Fusée" Path="/marks/symbol/19rocket.png"/>
		<Mark Name="Calendar" Display="Calendrier" Path="/marks/symbol/20calendar.png"/>
		<Mark Name="Table" Display="Tableau" Path="/marks/symbol/21table.png"/>
		<Mark Name="Bar" Display="Barre" Path="/marks/symbol/22bar.png"/>
		<Mark Name="Pie" Display="Secteur" Path="/marks/symbol/23pie.png"/>
		<Mark Name="Line" Display="Courbe" Path="/marks/symbol/24line.png"/>
		<Mark Name="Area" Display="Aires" Path="/marks/symbol/25area.png"/>
		<Mark Name="Dollar" Display="Dollars" Path="/marks/symbol/26dollar.png"/>
		<Mark Name="Euro" Display="Euro" Path="/marks/symbol/27euro.png"/>
		<Mark Name="RMB" Display="RMB" Path="/marks/symbol/28RMB.png"/>		
		<Mark Name="Question" Display="Question" Path="/marks/symbol/30question.png"/>
		<Mark Name="Attention" Display="Attention" Path="/marks/symbol/31attention.png"/>
		<Mark Name="Correct" Display="Correcte" Path="/marks/symbol/32correct.png"/>
		<Mark Name="Error" Display="Erreur" Path="/marks/symbol/33error.png"/>
		<Mark Name="Idea" Display="Idée" Path="/marks/symbol/34idea.png"/>
		<Mark Name="Data" Display="Données" Path="/marks/symbol/35data.png"/>
		<Mark Name="File" Display="Fichier" Path="/marks/symbol/40file.png"/>
		<Mark Name="Mail" Display="Courrier" Path="/marks/symbol/41mail.png"/>
		<Mark Name="Phone" Display="Phone" Path="/marks/symbol/42phone.png"/>
		<Mark Name="Note" Display="Note" Path="/marks/symbol/43note.png"/>
		<Mark Name="Pen" Display="Stylo" Path="/marks/symbol/44pen.png"/>
		<Mark Name="Lock" Display="Verrouiller" Path="/marks/symbol/45lock.png"/>
		<Mark Name="Unlock" Display="Déverrouiller" Path="/marks/symbol/46unlock.png"/>
		<Mark Name="Home" Display="Maison" Path="/marks/symbol/50house.png"/>
		<Mark Name="Search" Display="Recherche" Path="/marks/symbol/51search.png"/>
		<Mark Name="Internet" Display="Internet" Path="/marks/symbol/52internet.png"/>
		<Mark Name="Link" Display="Lien" Path="/marks/symbol/53link.png"/>
		<Mark Name="Plus" Display="Plus" Path="/marks/symbol/54plus.png"/>
		<Mark Name="Minus" Display="Moins" Path="/marks/symbol/55minus.png"/>
		<Mark Name="Start" Display="Commencer" Path="/marks/symbol/56start.png"/>
		<Mark Name="Pause" Display="Pause" Path="/marks/symbol/57pause.png"/>
		<Mark Name="Stop" Display="Arrêter" Path="/marks/symbol/58stop.png"/>
		<Mark Name="Airplane" Display="Avion" Path="/marks/symbol/70airplane.png"/>
		<Mark Name="Coffee" Display="Café" Path="/marks/symbol/71coffee.png"/>
		<Mark Name="Battery" Display="Batterie" Path="/marks/symbol/72battery.png"/>
		<Mark Name="Gift" Display="Cadeau" Path="/marks/symbol/73gift.png"/>
		<Mark Name="Lightning" Display="Lumière" Path="/marks/symbol/74lightning.png"/>
		<Mark Name="Drizzle" Display="Bruine" Path="/marks/symbol/75drizzle.png"/>
		<Mark Name="Sunny" Display="Ensoleillé" Path="/marks/symbol/76sunny.png"/>
		<Mark Name="Thunder" Display="Tonnerre" Path="/marks/symbol/77thunder.png"/>
		<Mark Name="Tornado" Display="Tornade" Path="/marks/symbol/78tornado.png"/>
		<Mark Name="Love" Display="Amour" Path="/marks/symbol/80love.png"/>
		<Mark Name="Music" Display="Musique" Path="/marks/symbol/81music.png"/>
		<Mark Name="Gear" Display="Réglage" Path="/marks/symbol/82gear.png"/>
	</MarkGroup>
	<MarkGroup Name="resource" Display="Ressource" Mutex="0" Text="1" Predefine="1" Resource="1">
    </MarkGroup>
</MarkSheet>