<?xml version="1.0" encoding="utf-8"?>
<MarkSheet Version="1.0">
	<MarkGroup Name="priority" Display="Prioridade" Mutex="1" Text="0" Predefine="1">
		<Mark Name="priority1" Display="Prioridade 1" Path="/marks/priority/1.png"/>
		<Mark Name="priority2" Display="Prioridade 2" Path="/marks/priority/2.png"/>
		<Mark Name="priority3" Display="Prioridade 3" Path="/marks/priority/3.png"/>
		<Mark Name="priority4" Display="Prioridade 4" Path="/marks/priority/4.png"/>
		<Mark Name="priority5" Display="Prioridade 5" Path="/marks/priority/5.png"/>
		<Mark Name="priority6" Display="Prioridade 6" Path="/marks/priority/6.png"/>
		<Mark Name="priority7" Display="Prioridade 7" Path="/marks/priority/7.png"/>
		<Mark Name="priority8" Display="Prioridade 8" Path="/marks/priority/8.png"/>	
		<Mark Name="priority9" Display="Prioridade 9" Path="/marks/priority/9.png"/>
	</MarkGroup>
	<MarkGroup Name="progress" Display="Progresso" Mutex="1" Text="0" Predefine="1">
		<Mark Name="nostart" Display="Não Iniciado" Path="/marks/progress/notstart.png"/>
		<Mark Name="125" Display="12.5%" Path="/marks/progress/125.png"/>
		<Mark Name="250" Display="25%" Path="/marks/progress/250.png"/>
		<Mark Name="375" Display="37.5%" Path="/marks/progress/375.png"/>
		<Mark Name="500" Display="50%" Path="/marks/progress/500.png"/>
		<Mark Name="625" Display="62.5%" Path="/marks/progress/625.png"/>
		<Mark Name="750" Display="75%" Path="/marks/progress/750.png"/>
		<Mark Name="875" Display="87.5%" Path="/marks/progress/875.png"/>		
		<Mark Name="finished" Display="Terminado" Path="/marks/progress/finished.png"/>
	</MarkGroup>
	<MarkGroup Name="face" Display="Face" Mutex="1" Text="0" Predefine="1">
		<Mark Name="happy" Display="Feliz" Path="/marks/face/happy.png"/>
		<Mark Name="smile" Display="Sorriso" Path="/marks/face/smile.png"/>
		<Mark Name="nofeel" Display="Nenhum sentimento" Path="/marks/face/nofeel.png"/>
		<Mark Name="sad" Display="Triste" Path="/marks/face/sad.png"/>
		<Mark Name="fury" Display="Fúria" Path="/marks/face/fury.png"/>
		<Mark Name="tears" Display="Lágrimas" Path="/marks/face/tears.png"/>
		<Mark Name="horrible" Display="Horrível" Path="/marks/face/horrible.png"/>
		<Mark Name="query" Display="Questão" Path="/marks/face/query.png"/>
		<Mark Name="embarrassed" Display="Envergonhado" Path="/marks/face/embarrassed.png"/>
		<Mark Name="exhaustion" Display="Exausto" Path="/marks/face/exhaustion.png"/>
		<Mark Name="hush" Display="Silêncio" Path="/marks/face/hush.png"/>
		<Mark Name="funny" Display="Divertido" Path="/marks/face/funny.png"/>
		<Mark Name="giddy" Display="Vertiginoso" Path="/marks/face/giddy.png"/>							
		<Mark Name="anthomaniac" Display="Antomaníaco" Path="/marks/face/anthomaniac.png"/>
	</MarkGroup>
	<MarkGroup Name="arrow" Display="Seta" Mutex="1" Text="0" Predefine="1">
		<Mark Name="arrow1" Display="Cima" Path="/marks/arrow/1.png"/>
		<Mark Name="arrow2" Display="Baixo" Path="/marks/arrow/2.png"/>
		<Mark Name="arrow3" Display="Esquerda" Path="/marks/arrow/3.png"/>
		<Mark Name="arrow4" Display="Direita" Path="/marks/arrow/4.png"/>
		<Mark Name="arrow5" Display="Noroeste" Path="/marks/arrow/5.png"/>
		<Mark Name="arrow6" Display="Nordeste" Path="/marks/arrow/6.png"/>
		<Mark Name="arrow7" Display="Sudeste" Path="/marks/arrow/7.png"/>
		<Mark Name="arrow8" Display="Sudoeste" Path="/marks/arrow/8.png"/>		
	</MarkGroup>
	<MarkGroup Name="flag" Display="Bandeira" Mutex="1" Text="0" Predefine="1">
		<Mark Name="flag1" Display="Bandeira 1" Path="/marks/flag/flag1.png"/>
		<Mark Name="flag2" Display="Bandeira 2" Path="/marks/flag/flag2.png"/>
		<Mark Name="flag3" Display="Bandeira 3" Path="/marks/flag/flag3.png"/>
		<Mark Name="flag4" Display="Bandeira 4" Path="/marks/flag/flag4.png"/>
		<Mark Name="flag5" Display="Bandeira 5" Path="/marks/flag/flag5.png"/>
		<Mark Name="flag6" Display="Bandeira 6" Path="/marks/flag/flag6.png"/>
		<Mark Name="flag7" Display="Bandeira 7" Path="/marks/flag/flag7.png"/>
	</MarkGroup>
	<MarkGroup Name="star" Display="Estrela" Mutex="1" Text="0" Predefine="1">
		<Mark Name="star1" Display="Estrela 1" Path="/marks/star/star1.png"/>
		<Mark Name="star2" Display="Estrela 2" Path="/marks/star/star2.png"/>
		<Mark Name="star3" Display="Estrela 3" Path="/marks/star/star3.png"/>
		<Mark Name="star4" Display="Estrela 4" Path="/marks/star/star4.png"/>
		<Mark Name="star5" Display="Estrela 5" Path="/marks/star/star5.png"/>
		<Mark Name="star6" Display="Estrela 6" Path="/marks/star/star6.png"/>
		<Mark Name="star7" Display="Estrela 7" Path="/marks/star/star7.png"/>
	</MarkGroup>
	<MarkGroup Name="symbol" Display="Símbolo" Mutex="0" Text="0" Predefine="1">
		<Mark Name="Boy" Display="Rapaz" Path="/marks/symbol/1boy.png"/>
		<Mark Name="Girl" Display="Menina" Path="/marks/symbol/2girl.png"/>
		<Mark Name="People" Display="Pessoas" Path="/marks/symbol/3people.png"/>
		<Mark Name="Peoples" Display="Povos" Path="/marks/symbol/4peoples.png"/>
		<Mark Name="Alarm" Display="Alarme" Path="/marks/symbol/5alarm.png"/>
		<Mark Name="Bomb" Display="Bomba" Path="/marks/symbol/6bomb.png"/>
		<Mark Name="Handshake" Display="Aperto de Mão" Path="/marks/symbol/9handshake.png"/>
		<Mark Name="Approve" Display="Aprovar" Path="/marks/symbol/10approve.png"/>
		<Mark Name="Disapprove" Display="Desaprovar" Path="/marks/symbol/11disapprove.png"/>
		<Mark Name="Medal" Display="Medalha" Path="/marks/symbol/12medal.png"/>
		<Mark Name="Trophy" Display="Troféu" Path="/marks/symbol/13trophy.png"/>
		<Mark Name="Balance" Display="Balanço" Path="/marks/symbol/14balance.png"/>
		<Mark Name="Judge" Display="Juíz" Path="/marks/symbol/15judge.png"/>
		<Mark Name="Goal" Display="Golo" Path="/marks/symbol/16goal.png"/>
		<Mark Name="Globe" Display="Globo" Path="/marks/symbol/17globe.png"/>
		<Mark Name="Shopping" Display="Shopping" Path="/marks/symbol/18shopping.png"/>
		<Mark Name="Rocket" Display="Foguete" Path="/marks/symbol/19rocket.png"/>
		<Mark Name="Calendar" Display="Calendário" Path="/marks/symbol/20calendar.png"/>
		<Mark Name="Table" Display="Mesa" Path="/marks/symbol/21table.png"/>
		<Mark Name="Bar" Display="Bar" Path="/marks/symbol/22bar.png"/>
		<Mark Name="Pie" Display="Torta" Path="/marks/symbol/23pie.png"/>
		<Mark Name="Line" Display="Linha" Path="/marks/symbol/24line.png"/>
		<Mark Name="Area" Display="Área" Path="/marks/symbol/25area.png"/>
		<Mark Name="Dollar" Display="Dólar" Path="/marks/symbol/26dollar.png"/>
		<Mark Name="Euro" Display="Euro" Path="/marks/symbol/27euro.png"/>
		<Mark Name="RMB" Display="RMB" Path="/marks/symbol/28RMB.png"/>		
		<Mark Name="Question" Display="Questão" Path="/marks/symbol/30question.png"/>
		<Mark Name="Attention" Display="Atenção" Path="/marks/symbol/31attention.png"/>
		<Mark Name="Correct" Display="Correto" Path="/marks/symbol/32correct.png"/>
		<Mark Name="Error" Display="Erro" Path="/marks/symbol/33error.png"/>
		<Mark Name="idea" Display="Ideia" Path="/marks/symbol/34idea.png"/>
		<Mark Name="Data" Display="Dados" Path="/marks/symbol/35data.png"/>
		<Mark Name="File" Display="Ficheiro" Path="/marks/symbol/40file.png"/>
		<Mark Name="Mail" Display="Mail" Path="/marks/symbol/41mail.png"/>
		<Mark Name="Phone" Display="Telefone" Path="/marks/symbol/42phone.png"/>
		<Mark Name="Note" Display="Nota" Path="/marks/symbol/43note.png"/>
		<Mark Name="Pen" Display="Caneta" Path="/marks/symbol/44pen.png"/>
		<Mark Name="Lock" Display="Bloquear" Path="/marks/symbol/45lock.png"/>
		<Mark Name="Unlock" Display="Desbloquear" Path="/marks/symbol/46unlock.png"/>
		<Mark Name="Home" Display="Iniciar" Path="/marks/symbol/50house.png"/>
		<Mark Name="Search" Display="Pesquisar" Path="/marks/symbol/51search.png"/>
		<Mark Name="Internet" Display="Internet" Path="/marks/symbol/52internet.png"/>
		<Mark Name="Link" Display="Link" Path="/marks/symbol/53link.png"/>
		<Mark Name="Plus" Display="Mais" Path="/marks/symbol/54plus.png"/>
		<Mark Name="Minus" Display="Menos" Path="/marks/symbol/55minus.png"/>
		<Mark Name="Start" Display="Iniciar" Path="/marks/symbol/56start.png"/>
		<Mark Name="Pause" Display="Pausar" Path="/marks/symbol/57pause.png"/>
		<Mark Name="Stop" Display="Parar" Path="/marks/symbol/58stop.png"/>
		<Mark Name="Airplane" Display="Avião" Path="/marks/symbol/70airplane.png"/>
		<Mark Name="Coffee" Display="Café" Path="/marks/symbol/71coffee.png"/>
		<Mark Name="Battery" Display="Bateria" Path="/marks/symbol/72battery.png"/>
		<Mark Name="Gift" Display="Presente" Path="/marks/symbol/73gift.png"/>
		<Mark Name="Lightning" Display="Raio" Path="/marks/symbol/74lightning.png"/>
		<Mark Name="Drizzle" Display="Garoa" Path="/marks/symbol/75drizzle.png"/>
		<Mark Name="Sunny" Display="Ensolarado" Path="/marks/symbol/76sunny.png"/>
		<Mark Name="Thunder" Display="Tempestade" Path="/marks/symbol/77thunder.png"/>
		<Mark Name="Tornado" Display="Tornado" Path="/marks/symbol/78tornado.png"/>
		<Mark Name="Love" Display="Amor" Path="/marks/symbol/80love.png"/>
		<Mark Name="Music" Display="Música" Path="/marks/symbol/81music.png"/>
		<Mark Name="Gear" Display="Engrenagem" Path="/marks/symbol/82gear.png"/>
	</MarkGroup>
	<MarkGroup Name="resource" Display="Recursos" Mutex="0" Text="1" Predefine="1" Resource="1">
    </MarkGroup>
</MarkSheet>