<?xml version="1.0" encoding="utf-8"?>
<Themes Version="6.5">
    <Theme ID="31" Rainbow="0" Name="Edraw" Effect="0">
        <ThemeColor V="3"/>
        <ThemeEffect V="31"/>
        <ThemeText V="8"/>
        <ThemeShape V="31"/>
    </Theme>
    <Theme ID="32" Rainbow="0" Name="Edraw" Effect="0">
        <ThemeColor V="20"/>
        <ThemeEffect V="32"/>
        <ThemeText V="8"/>
        <ThemeShape V="32"/>
    </Theme>
    <Theme ID="33" Rainbow="1" Name="Edraw" Effect="0">
        <ThemeColor V="6"/>
        <ThemeEffect V="33"/>
        <ThemeText V="8"/>
        <ThemeShape V="33"/>
    </Theme>
    <Theme ID="1" Rainbow="0" Name="Edraw" Effect="0">
        <ThemeColor V="8"/>
        <ThemeEffect V="1"/>
        <ThemeText V="1"/>
        <ThemeShape V="1"/>
    </Theme>
    <Theme ID="2" Rainbow="1" Name="Edraw" Effect="0">
        <ThemeColor V="2"/>
        <ThemeEffect V="2"/>
        <ThemeText V="1"/>
        <ThemeShape V="2"/>
    </Theme>
    <Theme ID="3" Rainbow="1" Name="Edraw" Effect="0">
        <ThemeColor V="1"/>
        <ThemeEffect V="3"/>
        <ThemeText V="8"/>
        <ThemeShape V="3"/>
    </Theme>
    <Theme ID="4" Rainbow="0" Name="Edraw" Effect="0">
        <ThemeColor V="11"/>
        <ThemeEffect V="4"/>
        <ThemeText V="8"/>
        <ThemeShape V="4"/>
    </Theme>
    <Theme ID="5" Rainbow="1" Name="Edraw" Effect="0">
        <ThemeColor V="9"/>
        <ThemeEffect V="5"/>
        <ThemeText V="1"/>
        <ThemeShape V="5"/>
    </Theme>
    <Theme ID="6" Rainbow="0" Name="Edraw" Effect="0">
        <ThemeColor V="4"/>
        <ThemeEffect V="6"/>
        <ThemeText V="8"/>
        <ThemeShape V="6"/>
    </Theme>
    <Theme ID="7" Rainbow="0" Name="Edraw" Effect="0">
        <ThemeColor V="22"/>
        <ThemeEffect V="7"/>
        <ThemeText V="3"/>
        <ThemeShape V="7"/>
    </Theme>
    <Theme ID="8" Rainbow="1" Name="Edraw" Effect="0">
        <ThemeColor V="5"/>
        <ThemeEffect V="8"/>
        <ThemeText V="1"/>
        <ThemeShape V="8"/>
    </Theme>
    <Theme ID="9" Rainbow="1" Name="Edraw" Effect="0">
        <ThemeColor V="2"/>
        <ThemeEffect V="9"/>
        <ThemeText V="8"/>
        <ThemeShape V="9"/>
    </Theme>
    <Theme ID="10" Rainbow="0" Name="Edraw" Effect="0">
        <ThemeColor V="11"/>
        <ThemeEffect V="10"/>
        <ThemeText V="1"/>
        <ThemeShape V="10"/>
    </Theme>
    <Theme ID="11" Rainbow="0" Name="Edraw" Effect="0">
        <ThemeColor V="35"/>
        <ThemeEffect V="11"/>
        <ThemeText V="3"/>
        <ThemeShape V="11"/>
    </Theme>
    <Theme ID="12" Rainbow="0" Name="Edraw" Effect="1">
        <ThemeColor V="1"/>
        <ThemeEffect V="12"/>
        <ThemeText V="8"/>
        <ThemeShape V="12"/>
    </Theme>
    <Theme ID="13" Rainbow="0" Name="Edraw" Effect="0">
        <ThemeColor V="29"/>
        <ThemeEffect V="13"/>
        <ThemeText V="1"/>
        <ThemeShape V="13"/>
    </Theme>
    <Theme ID="14" Rainbow="1" Name="Edraw" Effect="0">
        <ThemeColor V="11"/>
        <ThemeEffect V="14"/>
        <ThemeText V="1"/>
        <ThemeShape V="14"/>
    </Theme>
    <Theme ID="15" Rainbow="0" Name="Edraw" Effect="0">
        <ThemeColor V="24"/>
        <ThemeEffect V="15"/>
        <ThemeText V="8"/>
        <ThemeShape V="15"/>
    </Theme>
    <Theme ID="16" Rainbow="2" Name="Edraw" Effect="0">
        <ThemeColor V="8"/>
        <ThemeEffect V="16"/>
        <ThemeText V="1"/>
        <ThemeShape V="16"/>
    </Theme>
    <Theme ID="17" Rainbow="2" Name="Edraw" Effect="0">
        <ThemeColor V="4"/>
        <ThemeEffect V="17"/>
        <ThemeText V="3"/>
        <ThemeShape V="17"/>
    </Theme>
    <Theme ID="18" Rainbow="1" Name="Edraw" Effect="0">
        <ThemeColor V="8"/>
        <ThemeEffect V="18"/>
        <ThemeText V="8"/>
        <ThemeShape V="18"/>
    </Theme>
    <Theme ID="19" Rainbow="0" Name="Edraw" Effect="0">
        <ThemeColor V="29"/>
        <ThemeEffect V="19"/>
        <ThemeText V="1"/>
        <ThemeShape V="19"/>
    </Theme>
    <Theme ID="20" Rainbow="0" Name="Edraw" Effect="0">
        <ThemeColor V="31"/>
        <ThemeEffect V="20"/>
        <ThemeText V="1"/>
        <ThemeShape V="20"/>
    </Theme>
    <Theme ID="21" Rainbow="0" Name="Edraw" Effect="0">
        <ThemeColor V="31"/>
        <ThemeEffect V="21"/>
        <ThemeText V="8"/>
        <ThemeShape V="21"/>
    </Theme>
    <Theme ID="22" Rainbow="1" Name="Edraw" Effect="0">
        <ThemeColor V="22"/>
        <ThemeEffect V="22"/>
        <ThemeText V="1"/>
        <ThemeShape V="22"/>
    </Theme>
    <Theme ID="23" Rainbow="1" Name="Edraw" Effect="0">
        <ThemeColor V="2"/>
        <ThemeEffect V="23"/>
        <ThemeText V="1"/>
        <ThemeShape V="23"/>
    </Theme>
    <Theme ID="24" Rainbow="0" Name="Edraw" Effect="0">
        <ThemeColor V="1"/>
        <ThemeEffect V="24"/>
        <ThemeText V="8"/>
        <ThemeShape V="24"/>
    </Theme>
    <Theme ID="25" Rainbow="0" Name="Edraw" Effect="0">
        <ThemeColor V="1"/>
        <ThemeEffect V="25"/>
        <ThemeText V="1"/>
        <ThemeShape V="25"/>
    </Theme>
    <Theme ID="26" Rainbow="0" Name="Edraw" Effect="0">
        <ThemeColor V="30"/>
        <ThemeEffect V="26"/>
        <ThemeText V="1"/>
        <ThemeShape V="26"/>
    </Theme>
    <Theme ID="27" Rainbow="0" Name="Edraw" Effect="0">
        <ThemeColor V="8"/>
        <ThemeEffect V="27"/>
        <ThemeText V="8"/>
        <ThemeShape V="27"/>
    </Theme>
    <Theme ID="28" Rainbow="0" Name="Edraw" Effect="0">
        <ThemeColor V="20"/>
        <ThemeEffect V="28"/>
        <ThemeText V="1"/>
        <ThemeShape V="28"/>
    </Theme>
    <Theme ID="29" Rainbow="0" Name="Edraw" Effect="0">
        <ThemeColor V="4"/>
        <ThemeEffect V="29"/>
        <ThemeText V="1"/>
        <ThemeShape V="29"/>
    </Theme>
    <Theme ID="30" Rainbow="0" Name="Edraw" Effect="0">
        <ThemeColor V="33"/>
        <ThemeEffect V="30"/>
        <ThemeText V="1"/>
        <ThemeShape V="30"/>
    </Theme>
</Themes>
