<?xml version="1.0" encoding="utf-8"?>
<ThemeShapes Version="6.1">
	<ThemeShape ID="31" Name="Edraw">
        <ConntScheme>
            <Connector Thickness="0" Style="2"/>
            <Connector Thickness="0" Style="2"/>
            <Connector Thickness="0" Style="2"/>
        </ConntScheme>
        <ShapeScheme>
            <Topic Fish="401" Style="1"/>
            <Topic Style="1"/>
            <Topic Style="5"/>
            <Topic Style="5"/>
            <Relationship Style="101" PathText="0"/>
            <Boundary Style="201"/>
            <Summary Style="256"/>
            <Callout Style="306"/>
            <Floating Fish="401" Style="1"/>
            <SummaryTopic Style="1"/>
        </ShapeScheme>
    </ThemeShape>
    <ThemeShape ID="32" Name="Edraw">
        <ConntScheme>
            <Connector Thickness="0" Style="4"/>
            <Connector Thickness="0" Style="4"/>
            <Connector Thickness="0" Style="4"/>
        </ConntScheme>
        <ShapeScheme>
            <Topic Fish="404" Style="1"/>
            <Topic Style="1"/>
            <Topic Style="5"/>
            <Topic Style="5"/>
            <Relationship Style="101" PathText="0"/>
            <Boundary Style="205"/>
            <Summary Style="256"/>
            <Callout Style="301"/>
            <Floating Fish="404" Style="1"/>
            <SummaryTopic Style="11"/>
        </ShapeScheme>
    </ThemeShape>
    <ThemeShape ID="33" Name="Edraw">
        <ConntScheme>
            <Connector Thickness="1" Style="2"/>
            <Connector Thickness="0" Style="2"/>
            <Connector Thickness="0" Style="2"/>
        </ConntScheme>
        <ShapeScheme>
            <Topic Fish="403" Style="11"/>
            <Topic Style="5"/>
            <Topic Style="5"/>
            <Topic Style="5"/>
            <Relationship Style="101" PathText="0"/>
            <Boundary Style="201"/>
            <Summary Style="256"/>
            <Callout Style="301"/>
            <Floating Fish="403" Style="1"/>
            <SummaryTopic Style="11"/>
        </ShapeScheme>
    </ThemeShape>
    <ThemeShape ID="1" Name="Edraw">
        <ConntScheme>
            <Connector Thickness="0" Style="2"/>
            <Connector Thickness="0" Style="2"/>
            <Connector Thickness="0" Style="2"/>
        </ConntScheme>
        <ShapeScheme>
            <Topic Style="1" Fish="401" Time="1"/>
            <Topic Style="1" Time="1"/>
            <Topic Style="5"/>
            <Topic Style="5"/>
            <Relationship Style="101" PathText="0"/>
            <Boundary Style="201"/>
            <Summary Style="256"/>
            <Callout Style="301"/>
            <Floating Style="1"/>
            <SummaryTopic Style="11"/>
        </ShapeScheme>
    </ThemeShape>
    <ThemeShape ID="2" Name="Edraw">
        <ConntScheme>
            <Connector Thickness="1" Style="2"/>
            <Connector Thickness="0" Style="2"/>
            <Connector Thickness="0" Style="2"/>
        </ConntScheme>
        <ShapeScheme>
            <Topic Style="5" Fish="402" Time="1"/>
            <Topic Style="5"/>
            <Topic Style="5"/>
            <Topic Style="5"/>
            <Relationship Style="101" PathText="0"/>
            <Boundary Style="201"/>
            <Summary Style="256"/>
            <Callout Style="302"/>
            <Floating Style="5"/>
            <SummaryTopic Style="10"/>
        </ShapeScheme>
    </ThemeShape>
    <ThemeShape ID="3" Name="Edraw">
        <ConntScheme>
            <Connector Thickness="0" Style="2"/>
            <Connector Thickness="0" Style="6"/>
            <Connector Thickness="0" Style="6"/>
        </ConntScheme>
        <ShapeScheme>
            <Topic Style="7" Fish="403" Time="1"/>
            <Topic Style="8" Time="1"/>
            <Topic Style="6"/>
            <Topic Style="6"/>
            <Relationship Style="101" PathText="0"/>
            <Boundary Style="205"/>
            <Summary Style="256"/>
            <Callout Style="301"/>
            <Floating Style="1"/>
            <SummaryTopic Style="1"/>
        </ShapeScheme>
    </ThemeShape>
    <ThemeShape ID="4" Name="Edraw">
        <ConntScheme>
            <Connector Thickness="0" Style="4"/>
            <Connector Thickness="0" Style="4"/>
            <Connector Thickness="0" Style="4"/>
        </ConntScheme>
        <ShapeScheme>
            <Topic Style="1" Fish="404" Time="28"/>
            <Topic Style="1" Time="28"/>
            <Topic Style="5"/>
            <Topic Style="5"/>
            <Relationship Style="101" PathText="0"/>
            <Boundary Style="201"/>
            <Summary Style="255"/>
            <Callout Style="301"/>
            <Floating Style="1"/>
            <SummaryTopic Style="1"/>
        </ShapeScheme>
    </ThemeShape>
    <ThemeShape ID="5" Name="Edraw">
        <ConntScheme>
            <Connector Thickness="3" Style="5"/>
            <Connector Thickness="0" Style="5"/>
            <Connector Thickness="0" Style="5"/>
        </ConntScheme>
        <ShapeScheme>
            <Topic Style="16" Fish="405" Time="28"/>
            <Topic Style="3" Time="28"/>
            <Topic Style="5"/>
            <Topic Style="5"/>
            <Relationship Style="101" PathText="0"/>
            <Boundary Style="209"/>
            <Summary Style="256"/>
            <Callout Style="301"/>
            <Floating Style="10" Fish="405"/>
            <SummaryTopic Style="11"/>
        </ShapeScheme>
    </ThemeShape>
    <ThemeShape ID="6" Name="Edraw">
        <ConntScheme>
            <Connector Thickness="1" Style="2"/>
            <Connector Thickness="0" Style="6"/>
            <Connector Thickness="0" Style="6"/>
        </ConntScheme>
        <ShapeScheme>
            <Topic Style="13" Fish="406" Time="28"/>
            <Topic Style="2" Time="28"/>
            <Topic Style="5"/>
            <Topic Style="5"/>
            <Relationship Style="101" PathText="0"/>
            <Boundary Style="207"/>
            <Summary Style="256"/>
            <Callout Style="301"/>
            <Floating Style="2"/>
            <SummaryTopic Style="1"/>
        </ShapeScheme>
    </ThemeShape>
    <ThemeShape ID="7" Name="Edraw">
        <ConntScheme>
            <Connector Thickness="0" Style="1"/>
            <Connector Thickness="0" Style="3"/>
            <Connector Thickness="0" Style="3"/>
        </ConntScheme>
        <ShapeScheme>
            <Topic Style="7" Fish="407"/>
            <Topic Style="8"/>
            <Topic Style="2"/>
            <Topic Style="5"/>
            <Relationship Style="101" PathText="0"/>
            <Boundary Style="205"/>
            <Summary Style="255"/>
            <Callout Style="302"/>
            <Floating Style="2"/>
            <SummaryTopic Style="2"/>
        </ShapeScheme>
    </ThemeShape>
    <ThemeShape ID="8" Name="Edraw">
        <ConntScheme>
            <Connector Thickness="0" Style="5"/>
            <Connector Thickness="0" Style="4"/>
            <Connector Thickness="0" Style="4"/>
        </ConntScheme>
        <ShapeScheme>
            <Topic Style="11" Fish="408"/>
            <Topic Style="11"/>
            <Topic Style="6"/>
            <Topic Style="6"/>
            <Relationship Style="101" PathText="0"/>
            <Boundary Style="200"/>
            <Summary Style="256"/>
            <Callout Style="310"/>
            <Floating Style="1"/>
            <SummaryTopic Style="1"/>
        </ShapeScheme>
    </ThemeShape>
    <ThemeShape ID="9" Name="Edraw">
        <ConntScheme>
            <Connector Thickness="0" Style="2"/>
            <Connector Thickness="0" Style="4"/>
            <Connector Thickness="0" Style="4"/>
        </ConntScheme>
        <ShapeScheme>
            <Topic Style="1" Fish="401"/>
            <Topic Style="1"/>
            <Topic Style="5"/>
            <Topic Style="5"/>
            <Relationship Style="101" PathText="0"/>
            <Boundary Style="201"/>
            <Summary Style="255"/>
            <Callout Style="301"/>
            <Floating Style="1"/>
            <SummaryTopic Style="11"/>
        </ShapeScheme>
    </ThemeShape>
    <ThemeShape ID="10" Name="Edraw">
        <ConntScheme>
            <Connector Thickness="0" Style="4"/>
            <Connector Thickness="0" Style="4"/>
            <Connector Thickness="0" Style="4"/>
        </ConntScheme>
        <ShapeScheme>
            <Topic Style="1" Fish="410"/>
            <Topic Style="9" Time="25"/>
            <Topic Style="5"/>
            <Topic Style="5"/>
            <Relationship Style="101" PathText="0"/>
            <Boundary Style="206"/>
            <Summary Style="255"/>
            <Callout Style="306"/>
            <Floating Style="9"/>
            <SummaryTopic Style="6"/>
        </ShapeScheme>
    </ThemeShape>
    <ThemeShape ID="11" Name="Edraw">
        <ConntScheme>
            <Connector Style="4" Thickness="0"/>
            <Connector Style="4" Thickness="0"/>
            <Connector Style="4" Thickness="0"/>
        </ConntScheme>
        <ShapeScheme>
            <Topic Style="2" Fish="401"/>
            <Topic Style="2"/>
            <Topic Style="6"/>
            <Topic Style="5"/>
            <Relationship Style="101" PathText="0"/>
            <Boundary Style="201"/>
            <Summary Style="252"/>
            <Callout Style="308"/>
            <Floating Style="1"/>
            <SummaryTopic Style="11"/>
        </ShapeScheme>
    </ThemeShape>
    <ThemeShape ID="12" Name="Edraw">
        <ConntScheme>
            <Connector Thickness="0" Style="2"/>
            <Connector Thickness="0" Style="6"/>
            <Connector Thickness="0" Style="6"/>
        </ConntScheme>
        <ShapeScheme>
            <Topic Style="2" Fish="402" Time="2"/>
            <Topic Style="2"/>
            <Topic Style="5"/>
            <Topic Style="5"/>
            <Relationship Style="101" PathText="0"/>
            <Boundary Style="203"/>
            <Summary Style="255"/>
            <Callout Style="303"/>
            <Floating Style="1"/>
            <SummaryTopic Style="1"/>
        </ShapeScheme>
    </ThemeShape>
    <ThemeShape ID="13" Name="Edraw">
        <ConntScheme>
            <Connector Thickness="0" Style="5"/>
            <Connector Thickness="0" Style="5"/>
            <Connector Thickness="0" Style="5"/>
        </ConntScheme>
        <ShapeScheme>
            <Topic Style="1" Fish="402"/>
            <Topic Style="1"/>
            <Topic Style="5"/>
            <Topic Style="5"/>
            <Relationship Style="101" PathText="0"/>
            <Boundary Style="205"/>
            <Summary Style="255"/>
            <Callout Style="301"/>
            <Floating Style="1"  Fish="402"/>
            <SummaryTopic Style="11"/>
        </ShapeScheme>
    </ThemeShape>    
    <ThemeShape ID="14" Name="Edraw">
        <ConntScheme>
            <Connector Thickness="0" Style="2"/>
            <Connector Thickness="0" Style="2"/>
            <Connector Thickness="0" Style="5"/>
        </ConntScheme>
        <ShapeScheme>
            <Topic Style="11" Fish="404"/>
            <Topic Style="11"/>
            <Topic Style="11"/>
            <Topic Style="11"/>
            <Relationship Style="101" PathText="0"/>
            <Boundary Style="202"/>
            <Summary Style="256"/>
            <Callout Style="301"/>
            <Floating Style="11"/>
            <SummaryTopic Style="1"/>
        </ShapeScheme>
    </ThemeShape>
    <ThemeShape ID="15" Name="Edraw">
        <ConntScheme>
            <Connector Thickness="0" Style="2"/>
            <Connector Thickness="0" Style="2"/>
            <Connector Thickness="0" Style="2"/>
        </ConntScheme>
        <ShapeScheme>
            <Topic Style="1" Fish="403" Time="1"/>
            <Topic Style="5" Time="1"/>
            <Topic Style="5"/>
            <Topic Style="5"/>
            <Relationship Style="101" PathText="0"/>
            <Boundary Style="201"/>
            <Summary Style="255"/>
            <Callout Style="301"/>
            <Floating Style="1"/>
            <SummaryTopic Style="11"/>
        </ShapeScheme>
    </ThemeShape>
    <ThemeShape ID="16" Name="Edraw">
        <ConntScheme>
            <Connector Thickness="0" Style="2"/>
            <Connector Thickness="0" Style="2"/>
            <Connector Thickness="0" Style="2"/>
        </ConntScheme>
        <ShapeScheme>
            <Topic Style="6" Fish="406" Time="1"/>
            <Topic Style="5"/>
            <Topic Style="5"/>
            <Topic Style="5"/>
            <Relationship Style="101" PathText="0"/>
            <Boundary Style="201"/>
            <Summary Style="255"/>
            <Callout Style="301"/>
            <Floating Style="11"/>
            <SummaryTopic Style="11"/>
        </ShapeScheme>
    </ThemeShape>
    <ThemeShape ID="17" Name="Edraw">
        <ConntScheme>
            <Connector Thickness="0" Style="2"/>
            <Connector Thickness="0" Style="5"/>
            <Connector Thickness="0" Style="5"/>
        </ConntScheme>
        <ShapeScheme>
            <Topic Style="9" Fish="407"/>
            <Topic Style="9"/>
            <Topic Style="5"/>
            <Topic Style="5"/>
            <Relationship Style="101" PathText="0"/>
            <Boundary Style="201"/>
            <Summary Style="252"/>
            <Callout Style="301"/>
            <Floating Style="9"/>
            <SummaryTopic Style="9"/>
        </ShapeScheme>
    </ThemeShape>
    <ThemeShape ID="18" Name="Edraw">
        <ConntScheme>
            <Connector Thickness="1" Style="1"/>
            <Connector Thickness="0" Style="2"/>
            <Connector Thickness="0" Style="2"/>
        </ConntScheme>
        <ShapeScheme>
            <Topic Style="14" Fish="408" Time="28"/>
            <Topic Style="9"  Time="28"/>
            <Topic Style="6"/>
            <Topic Style="6"/>
            <Relationship Style="101" PathText="0"/>
            <Boundary Style="209"/>
            <Summary Style="256"/>
            <Callout Style="309"/>
            <Floating Style="1"/>
            <SummaryTopic Style="3"/>
        </ShapeScheme>
    </ThemeShape>
    <ThemeShape ID="19" Name="Edraw">
        <ConntScheme>
            <Connector Style="2" Thickness="0"/>
            <Connector Style="2" Thickness="0"/>
            <Connector Style="2" Thickness="0"/>
        </ConntScheme>
        <ShapeScheme>
            <Topic Style="11" Fish="401"/>
            <Topic Style="5"/>
            <Topic Style="5"/>
            <Topic Style="5"/>
            <Relationship Style="101" PathText="0"/>
            <Boundary Style="201"/>
            <Summary Style="252"/>
            <Callout Style="308"/>
            <Floating Style="9"/>
            <SummaryTopic Style="5"/>
        </ShapeScheme>
    </ThemeShape>
    <ThemeShape ID="20" Name="Edraw">
        <ConntScheme>
            <Connector Thickness="0" Style="4"/>
            <Connector Thickness="0" Style="4"/>
            <Connector Thickness="0" Style="4"/>
        </ConntScheme>
        <ShapeScheme>
            <Topic Style="1" Fish="410"/>
            <Topic Style="1"/>
            <Topic Style="5"/>
            <Topic Style="5"/>
            <Relationship Style="101" PathText="0"/>
            <Boundary Style="201"/>
            <Summary Style="255"/>
            <Callout Style="301"/>
            <Floating Style="1"/>
            <SummaryTopic Style="11"/>
        </ShapeScheme>
    </ThemeShape>
    <ThemeShape ID="21" Name="Edraw">
        <ConntScheme>
            <Connector Style="5" Thickness="0"/>
            <Connector Style="5" Thickness="0"/>
            <Connector Style="5" Thickness="0"/>
        </ConntScheme>
        <ShapeScheme>
            <Topic Style="11" Fish="401"/>
            <Topic Style="11"/>
            <Topic Style="5"/>
            <Topic Style="5"/>
            <Relationship Style="101" PathText="0"/>
            <Boundary Style="201"/>
            <Summary Style="255"/>
            <Callout Style="308"/>
            <Floating Style="11"/>
            <SummaryTopic Style="11"/>
        </ShapeScheme>
    </ThemeShape>
    <ThemeShape ID="22" Name="Edraw">
        <ConntScheme>
            <Connector Thickness="2" Style="2"/>
            <Connector Thickness="0" Style="2"/>
            <Connector Thickness="0" Style="2"/>
        </ConntScheme>
        <ShapeScheme>
            <Topic Fish="402" Style="11"/>
            <Topic Style="1"/>
            <Topic Style="5"/>
            <Topic Style="5"/>
            <Relationship Style="101" PathText="0"/>
            <Boundary Style="201"/>
            <Summary Style="255"/>
            <Callout Style="301"/>
            <Floating Style="11"/>
            <SummaryTopic Style="11"/>
        </ShapeScheme>
    </ThemeShape>
    <ThemeShape ID="23" Name="Edraw">
        <ConntScheme>
            <Connector Thickness="0" Style="5"/>
            <Connector Thickness="0" Style="5"/>
            <Connector Thickness="0" Style="5"/>
        </ConntScheme>
        <ShapeScheme>
            <Topic Style="1" Fish="403"/>
            <Topic Style="1"/>
            <Topic Style="5"/>
            <Topic Style="5"/>
            <Relationship Style="101" PathText="0"/>
            <Boundary Style="202"/>
            <Summary Style="255"/>
            <Callout Style="301"/>
            <Floating Style="1"/>
            <SummaryTopic Style="1"/>
        </ShapeScheme>
    </ThemeShape>
    <ThemeShape ID="24" Name="Edraw">
        <ConntScheme>
            <Connector Thickness="1" Style="2"/>
            <Connector Thickness="0" Style="2"/>
            <Connector Thickness="0" Style="2"/>
        </ConntScheme>
        <ShapeScheme>
            <Topic Style="1" Fish="401"/>
            <Topic Style="1"/>
            <Topic Style="6"/>
            <Topic Style="6"/>
            <Relationship Style="101" PathText="0"/>
            <Boundary Style="201"/>
            <Summary Style="256"/>
            <Callout Style="301"/>
            <Floating Style="1"/>
            <SummaryTopic Style="1"/>
        </ShapeScheme>
    </ThemeShape>
    <ThemeShape ID="25" Name="Edraw">
        <ConntScheme>
            <Connector Thickness="0" Style="4"/>
            <Connector Thickness="0" Style="4"/>
            <Connector Thickness="0" Style="4"/>
        </ConntScheme>
        <ShapeScheme>
            <Topic Style="1" Fish="401"/>
            <Topic Style="1"/>
            <Topic Style="5"/>
            <Topic Style="5"/>
            <Relationship Style="101" PathText="0"/>
            <Boundary Style="205"/>
            <Summary Style="255"/>
            <Callout Style="301"/>
            <Floating Style="1"  Fish="404"/>
            <SummaryTopic Style="11"/>
        </ShapeScheme>
    </ThemeShape>
    <ThemeShape ID="26" Name="Edraw">
        <ConntScheme>
            <Connector Style="2" Thickness="0"/>
            <Connector Style="2" Thickness="0"/>
            <Connector Style="2" Thickness="0"/>
        </ConntScheme>
        <ShapeScheme>
            <Topic Style="9" Fish="406"/>
            <Topic Style="9"/>
            <Topic Style="6"/>
            <Topic Style="6"/>
            <Relationship Style="101" PathText="0"/>
            <Boundary Style="205"/>
            <Summary Style="255"/>
            <Callout Style="306"/>
            <Floating Style="9"/>
            <SummaryTopic Style="9"/>
        </ShapeScheme>
    </ThemeShape>
    <ThemeShape ID="27" Name="Edraw">
        <ConntScheme>
            <Connector Thickness="0" Style="6"/>
            <Connector Thickness="0" Style="6"/>
            <Connector Thickness="0" Style="6"/>
        </ConntScheme>
        <ShapeScheme>
            <Topic Style="1" Fish="402" Time="1"/>
            <Topic Style="6" Time="1"/>
            <Topic Style="5"/>
            <Topic Style="5"/>
            <Relationship Style="101" PathText="0"/>
            <Boundary Style="201"/>
            <Summary Style="256"/>
            <Callout Style="301"/>
            <Floating Style="1"  Fish="403"/>
            <SummaryTopic Style="11"/>
        </ShapeScheme>
    </ThemeShape>
    <ThemeShape ID="28" Name="Edraw">
        <ConntScheme>
            <Connector Thickness="0" Style="2"/>
            <Connector Thickness="0" Style="2"/>
            <Connector Thickness="0" Style="2"/>
        </ConntScheme>
        <ShapeScheme>
            <Topic Style="11" Fish="401"/>
            <Topic Style="11"/>
            <Topic Style="5"/>
            <Topic Style="5"/>
            <Relationship Style="101" PathText="0"/>
            <Boundary Style="207"/>
            <Summary Style="256"/>
            <Callout Style="308"/>
            <Floating Style="11" Fish="401"/>
            <SummaryTopic Style="11"/>
        </ShapeScheme>
    </ThemeShape> 
    <ThemeShape Name="Edraw" ID="29">
        <ConntScheme>
            <Connector Style="2" Thickness="0"/>
            <Connector Style="2" Thickness="0"/>
            <Connector Style="2" Thickness="0"/>
        </ConntScheme>
        <ShapeScheme>
            <Topic Style="1" Fish="407"/>
            <Topic Style="1"/>
            <Topic Style="5"/>
            <Topic Style="5"/>
            <Relationship PathText="0" Style="101"/>
            <Boundary Style="202"/>
            <Summary Style="256"/>
            <Callout Style="311"/>
            <Floating Style="1"/>
            <SummaryTopic Style="11"/>
        </ShapeScheme>
    </ThemeShape>
    <ThemeShape Name="Edraw" ID="30">
        <ConntScheme>
            <Connector Thickness="1" Style="6"/>
            <Connector Thickness="0" Style="2"/>
            <Connector Thickness="0" Style="2"/>
        </ConntScheme>
        <ShapeScheme>
            <Topic Fish="405" Style="11"/>
            <Topic Style="1"/>
            <Topic Style="5"/>
            <Topic Style="5"/>
            <Relationship PathText="0" Style="101"/>
            <Boundary Style="205"/>
            <Summary Style="256"/>
            <Callout Style="301"/>
            <Floating Style="1"/>
            <SummaryTopic Style="11"/>
        </ShapeScheme>
    </ThemeShape>                         
</ThemeShapes>
