<?xml version="1.0" encoding="utf-8"?>
<ThemeColors Version="6.0">
    <ThemeColor ID="1" Name="Waves" Shadow="#21000000">
        <ColorScheme Accent6="#ffffaf00" Accent1="#ff96a6a6" Accent7="#ffdd7195" Accent3="#ff3498db" Accent5="#ffee7c31" Accent2="#ff1bbc9d" Accent4="#ff2da2bf" Accent8="#ff527294" Accent9="#ffeb6d71" Accent10="#ffb296b8"/>
    </ThemeColor>
    <ThemeColor ID="2" Name="Dream" Shadow="#21000000">
        <ColorScheme Accent1="#ff50bec1" Accent5="#ff7dbd8d" Accent3="#ff70bdf2" Accent7="#ff4badd0" Accent2="#ffe0a7d3" Accent4="#ffe38d76" Accent9="#ffa5c44c" Accent8="#ffeb88b3" Accent6="#ffffcc56" Accent10="#ffd8bd94"/>
    </ThemeColor>    
    <ThemeColor ID="3" Name="Angel" Shadow="#21000000">
        <ColorScheme Accent1="#ff5e84ff" Accent5="#ff6b74b7" Accent3="#ffcc7eb0" Accent7="#ff4badd0" Accent2="#ff5c9dff" Accent4="#ffef6653" Accent6="#fff8ae1a" Accent8="#ff00af54" Accent9="#fff38590" Accent10="#ff4dc7bc"/>
    </ThemeColor>
    <ThemeColor ID="4" Name="Reflection" Shadow="#21000000">
        <ColorScheme Accent1="#ffdd7e7a" Accent5="#ffec5e6c" Accent3="#ff3e5370" Accent7="#ff5c617e" Accent2="#ff85acbd" Accent4="#ffc6b198" Accent6="#ffac7281" Accent8="#ff949293" Accent9="#ffd9b985" Accent10="#ff884550"/>
    </ThemeColor>
    <ThemeColor ID="5" Name="Prosperity" Shadow="#21000000">
        <ColorScheme Accent1="#fff56481" Accent5="#ffed9548" Accent2="#ff57c1f4" Accent7="#ff918edd" Accent3="#ff32c5c4" Accent4="#ff58a8d0" Accent6="#ffa3cf62" Accent8="#ffefab94" Accent9="#ffc6a5c8" Accent10="#ff7ecb83"/>
    </ThemeColor>
    <ThemeColor ID="6" Name="Polish" Shadow="#21000000">
        <ColorScheme Accent1="#ff2d99ec" Accent5="#fff1a3dc" Accent3="#ff5fb7f1" Accent7="#ff80cf70" Accent2="#ffff7575" Accent4="#ffffcd55" Accent6="#ff6cc9e5" Accent8="#fffa8556" Accent9="#ffa98ae7" Accent10="#ff58d5d5"/>
    </ThemeColor>
    <ThemeColor ID="7" Name="Peace" Shadow="#21000000">
        <ColorScheme Accent1="#ff76c1f3" Accent5="#ffb6c4ec" Accent3="#ff66d8c7" Accent7="#ff62bc85" Accent2="#ffefd0b3" Accent4="#fface4ce" Accent6="#fff7b9b7" Accent8="#ff87be2d" Accent9="#ffb3d04b" Accent10="#ffc2bba9"/>
    </ThemeColor>
    <ThemeColor ID="8" Name="Reality" Shadow="#21000000">
        <ColorScheme Accent1="#ffc4b1ad" Accent5="#ffdda3cf" Accent3="#ff5fb7f1" Accent7="#ff98bc25" Accent2="#fff78181" Accent4="#ffffcd55" Accent6="#ffa284dd" Accent8="#ff9fbbc7" Accent9="#ff50bec1" Accent10="#ffe37557"/>
    </ThemeColor>
    <ThemeColor ID="9" Name="Dulcet" Shadow="#21000000">
        <ColorScheme Accent1="#ff6bdd98" Accent5="#ff0fd4c7" Accent3="#fff68ac8" Accent7="#ff9acc3d" Accent2="#ff35d0e6" Accent4="#ffa284dc" Accent8="#fff1af43" Accent6="#ffe8ab88" Accent9="#fff87d90" Accent10="#ff5fb5f0"/>
    </ThemeColor>
    <ThemeColor ID="10" Name="Opulent" Shadow="#21000000">
        <ColorScheme Accent1="#ffcf366b" Accent5="#fffe6d01" Accent3="#ff3d3fa6" Accent7="#ff92d401" Accent2="#ff0089d1" Accent4="#ff02ae3d" Accent6="#ffc50084" Accent8="#ff6f2388" Accent9="#ffd00f3b" Accent10="#ffffa434"/>
    </ThemeColor>
    <ThemeColor ID="11" Name="Hope" Shadow="#21000000">
        <ColorScheme Accent1="#ff3598db" Accent3="#fff56b85" Accent6="#fff3c250" Accent7="#ffaa92ce" Accent2="#ff517293" Accent4="#ff30a3c0" Accent5="#ffcc7eb0" Accent8="#ff5383c3" Accent9="#ff00ae9d" Accent10="#ff79af0d"/>
    </ThemeColor>
    <ThemeColor ID="12" Name="Blossom" Shadow="#21000000">
        <ColorScheme Accent1="#fff47487" Accent5="#ffde82c8" Accent3="#fff07da7" Accent7="#ffd086e3" Accent2="#fff77b9a" Accent4="#ffe580bb" Accent6="#ffd884d4" Accent8="#ffd18bef" Accent9="#ffcc8cf7" Accent10="#ffc78cfe"/>
    </ThemeColor>
    <ThemeColor ID="13" Name="Grace" Shadow="#21000000">
        <ColorScheme Accent1="#ffccb8b3" Accent5="#ff78cbb3" Accent3="#ffc1bba8" Accent7="#ffd3aedc" Accent2="#fffed58a" Accent4="#ffecb7d8" Accent6="#ff94d3dc" Accent8="#ff88b3eb" Accent9="#fffab477" Accent10="#ff5cb6dc"/>
    </ThemeColor>
    <ThemeColor ID="14" Name="Passion" Shadow="#21000000">
        <ColorScheme Accent1="#ff2526a9" Accent5="#ffc7632d" Accent3="#ff7c007c" Accent7="#ff0c8f8b" Accent2="#fffd0200" Accent4="#ff020086" Accent6="#ff048004" Accent8="#fffe6d01" Accent9="#ffdd5987" Accent10="#ff77982b"/>
    </ThemeColor>
    <ThemeColor ID="15" Name="Tranquil" Shadow="#21000000">
        <ColorScheme Accent1="#ff828e9f" Accent5="#ffc1b09d" Accent3="#ffa9c54e" Accent7="#ff65c5a0" Accent2="#ffe1b2cb" Accent4="#ffefcd64" Accent6="#ffefa086" Accent8="#ff32b5e4" Accent9="#ff9aaf65" Accent10="#ffeba1a5"/>
    </ThemeColor>
    <ThemeColor ID="16" Name="Flow" Shadow="#21000000">
        <ColorScheme Accent1="#ff2e9bde" Accent5="#ff34cce6" Accent3="#ff32b5e4" Accent7="#ff36dce7" Accent2="#ff30a4e4" Accent4="#ff33bfe5" Accent6="#ff35d0e6" Accent8="#ff36dfd4" Accent9="#ff37e4c8" Accent10="#ff53eecd"/>
    </ThemeColor>
    <ThemeColor ID="17" Name="Ombre" Shadow="#21000000">
        <ColorScheme Accent1="#ff00679e" Accent5="#ff0087cf" Accent3="#ff0076b6" Accent7="#ff0097dd" Accent2="#ff006fab" Accent4="#ff007dc1" Accent6="#ff008fd6" Accent8="#ff009be3" Accent9="#ff00a7ee" Accent10="#ff00adf7"/>
    </ThemeColor>
    <ThemeColor ID="18" Name="Quebrada" Shadow="#21000000">
        <ColorScheme Accent1="#ff005b5c" Accent5="#ff47827c" Accent3="#ff6ab5ae" Accent7="#ff89aea4" Accent2="#ff03838c" Accent4="#ff85c1bf" Accent6="#ff569793" Accent8="#ff79998e" Accent9="#ffa3b2ab" Accent10="#ffcfe2dc"/>
    </ThemeColor>
    <ThemeColor ID="19" Name="Mundane" Shadow="#21000000">
        <ColorScheme Accent1="#ff789262" Accent5="#ff9ec813" Accent3="#ff89b2c6" Accent7="#ffc3262d" Accent2="#ff8ad9b8" Accent4="#ff75878b" Accent6="#ffb25c43" Accent8="#ff6960b0" Accent9="#ff1cd1a6" Accent10="#fff2a282"/>
    </ThemeColor>
    <ThemeColor ID="20" Name="Vintage" Shadow="#21000000">
        <ColorScheme Accent1="#ff2ca2be" Accent5="#ff34c2c3" Accent3="#ff1bbc9d" Accent7="#ffa0c3bd" Accent2="#ff365b88" Accent4="#ff7cb9e6" Accent6="#ffaa92ce" Accent8="#fff9a5a5" Accent9="#ffb9947b" Accent10="#ff3c7c86"/>
    </ThemeColor>
    <ThemeColor ID="21" Name="Melody" Shadow="#21000000">
        <ColorScheme Accent1="#fffea17c" Accent5="#ff65947e" Accent3="#ffaa99a1" Accent7="#fffaf4ea" Accent2="#ff76c1f3" Accent4="#ffca99bf" Accent6="#ffd0b195" Accent8="#fface4ce" Accent9="#ff308a8b" Accent10="#ff12374a"/>
    </ThemeColor>
    <ThemeColor ID="22" Name="Affinity" Shadow="#21000000">
        <ColorScheme Accent1="#ff1e6188" Accent5="#ffef8f8a" Accent3="#ff2da7a7" Accent7="#ff6386c6" Accent2="#fff56582" Accent4="#ffffc000" Accent6="#ff2da2bf" Accent8="#ffda8c48" Accent9="#ffe6609d" Accent10="#ff9e88bf"/>
    </ThemeColor>
    <ThemeColor ID="23" Name="Fragrance" Shadow="#21000000">
        <ColorScheme Accent1="#ffe268a9" Accent5="#fffee3ef" Accent3="#fff78181" Accent7="#ffffdead" Accent2="#ffa284dd" Accent4="#ffdda3cf" Accent6="#fffecde4" Accent8="#fff6bfbc" Accent9="#ffe85464" Accent10="#ff813f84"/>
    </ThemeColor>
    <ThemeColor ID="24" Name="Tide" Shadow="#21000000">
        <ColorScheme Accent1="#ffd96f92" Accent5="#ffa3ce62" Accent3="#ff1bbc9d" Accent7="#ffaa99a1" Accent2="#ff06a8f8" Accent4="#ffffd4aa" Accent6="#ffe37557" Accent8="#ff58b4d0" Accent9="#ffffcd55" Accent10="#ff884550"/>
    </ThemeColor>
    <ThemeColor ID="25" Name="Elemental" Shadow="#21000000">
        <ColorScheme Accent1="#ffc0df1d" Accent5="#ff4f7fe6" Accent3="#ff50c0e6" Accent7="#ffaf4ee6" Accent2="#ff96e54e" Accent4="#ffe57351" Accent6="#ffe75083" Accent8="#ff7d5af0" Accent9="#fffcaa58" Accent10="#ffeb83d0"/>
    </ThemeColor>
    <ThemeColor ID="26" Name="Aspect" Shadow="#21000000">
        <ColorScheme Accent1="#ff96cdde" Accent5="#ff2ebacf" Accent3="#ff3e62ae" Accent7="#ff0a785b" Accent2="#ffc961d0" Accent4="#fff85859" Accent6="#ff6f8f40" Accent8="#ff3c8cff" Accent9="#ff6790a4" Accent10="#ff46ba7d"/>
    </ThemeColor>
    <ThemeColor ID="27" Name="Distinct" Shadow="#21000000">
        <ColorScheme Accent1="#ff1bbc9d" Accent5="#ffffcc56" Accent3="#fff08300" Accent7="#ff03aca7" Accent2="#ff99bd25" Accent4="#ff3ca8f0" Accent6="#ffe84361" Accent8="#ffaa92ce" Accent9="#ffd4beac" Accent10="#ff1c5661"/>
    </ThemeColor>
    <ThemeColor ID="28" Name="Violet" Shadow="#21000000">
        <ColorScheme Accent1="#ff163049" Accent5="#ffb18c94" Accent3="#ff645b94" Accent7="#ffbeb9c0" Accent2="#ff454d76" Accent4="#ff7e5a93" Accent6="#ffeaaaa4" Accent8="#ff9da5bc" Accent9="#ff9bb3cd" Accent10="#ffdaeef7"/>
    </ThemeColor>
    <ThemeColor ID="29" Name="Flushed" Shadow="#21000000">
        <ColorScheme Accent1="#ff71666f" Accent5="#ff786464" Accent3="#ff5d2f46" Accent7="#ff8c5064" Accent2="#ffb09e9e" Accent4="#ffe94444" Accent6="#fff08f8f" Accent8="#ff8c8c9e" Accent9="#ff595969" Accent10="#fff1ad0d"/>
    </ThemeColor>  
    <ThemeColor ID="30" Name="Lucid" Shadow="#21000000">
        <ColorScheme Accent1="#ff112e50" Accent8="#ff5192c8" Accent3="#ffe98693" Accent7="#ff445b90" Accent2="#ff3fcbe0" Accent4="#ff2864a0" Accent6="#ff14b4c8" Accent5="#ff7a8cd0" Accent9="#fff05064" Accent10="#ff8c8887"/>
    </ThemeColor>   
    <ThemeColor ID="31" Name="Balmy" Shadow="#21000000">
        <ColorScheme Accent1="#fff26157" Accent5="#ffa07878" Accent3="#ffff783c" Accent7="#ff648ca0" Accent2="#ff424f58" Accent4="#ff788c8c" Accent6="#fffdad50" Accent8="#ff4d3636" Accent9="#ffdd5060" Accent10="#ff858689"/>
    </ThemeColor> 
    <ThemeColor ID="32" Name="Fashion" Shadow="#21000000">
        <ColorScheme Accent1="#ff01234a" Accent5="#ff2db6b0" Accent3="#ff115f73" Accent7="#fff29952" Accent2="#ffdf6e6e" Accent4="#ff44b7ad" Accent6="#ff2faea9" Accent8="#ff14788c" Accent9="#ff88b5a9" Accent10="#ff44a895"/>
    </ThemeColor> 
    <ThemeColor ID="33" Name="Halcyon" Shadow="#21000000">
        <ColorScheme Accent1="#ff0e2350" Accent5="#ff7e97b4" Accent3="#ff435ba1" Accent7="#ff7098ab" Accent2="#ff55ade0" Accent4="#ffd59cbd" Accent6="#ff7b99c9" Accent8="#ff426ab9" Accent9="#ff9c809c" Accent10="#ffcab99a"/>
    </ThemeColor>
    <ThemeColor ID="34" Name="Jolly" Shadow="#21000000">
        <ColorScheme Accent1="#ff53a2f0" Accent5="#ff37c6c0" Accent3="#ff3eb7d2" Accent7="#ff1971b8" Accent2="#ff173679" Accent4="#ffeb8f9b" Accent6="#ffe1618e" Accent8="#fffdb933" Accent9="#ff547fd5" Accent10="#ff2ca9e0"/>
    </ThemeColor>
    <ThemeColor ID="35" Name="Candy" Shadow="#21000000">
        <ColorScheme Accent1="#ff24405d" Accent5="#ffc393e1" Accent3="#ffff7c78" Accent7="#ffe85464" Accent2="#ff44488c" Accent4="#ff46ba7d" Accent10="#fff28c5d" Accent8="#ffeebd4a" Accent9="#ff49a4e5" Accent6="#ff2faea9"/>
    </ThemeColor>
    <ColorPool>
        <Color V="#b60717"/>
        <Color V="#d7091d"/>
        <Color V="#c85179"/>
        <Color V="#e85464"/>
        <Color V="#eb6d71"/>
        <Color V="#e6609d"/>
        <Color V="#e297b5"/>
        <Color V="#ef8f8a"/>
        <Color V="#f0909b"/>
        <Color V="#ffa07a"/>
        <Color V="#efab94"/>
        <Color V="#f6bfbc"/>
        <Color V="#ead6e8"/>
        <Color V="#fed6e5"/>
        <Color V="#fde1e7"/>
        <Color V="#0e2350"/>
        <Color V="#233a70"/>
        <Color V="#402f78"/>
        <Color V="#08488f"/>
        <Color V="#0168a5"/>
        <Color V="#3e62ae"/>
        <Color V="#5383c3"/>
        <Color V="#007fcc"/>
        <Color V="#008ccc"/>
        <Color V="#2ca9e0"/>
        <Color V="#00b4f0"/>
        <Color V="#30c9f7"/>
        <Color V="#89c3eb"/>
        <Color V="#a0d8ef"/>
        <Color V="#cfebf6"/>
        <Color V="#004234"/>
        <Color V="#005831"/>
        <Color V="#006360"/>
        <Color V="#556b2f"/>
        <Color V="#007947"/>
        <Color V="#1d953f"/>
        <Color V="#00ae9d"/>
        <Color V="#50bec1"/>
        <Color V="#19cbb1"/>
        <Color V="#46ba7d"/>
        <Color V="#00af54"/>
        <Color V="#7fb80e"/>
        <Color V="#a3cf62"/>
        <Color V="#bed742"/>
        <Color V="#cde6c7"/>
        <Color V="#e35020"/>
        <Color V="#ec6901"/>
        <Color V="#f08300"/>
        <Color V="#f29952"/>
        <Color V="#f1a500"/>
        <Color V="#ffaf00"/>
        <Color V="#fdb933"/>
        <Color V="#f9ca31"/>
        <Color V="#ffd900"/>
        <Color V="#ffec00"/>
        <Color V="#fcf384"/>
        <Color V="#fed372"/>
        <Color V="#eacd98"/>
        <Color V="#ffdead"/>
        <Color V="#fde9d0"/>
        <Color V="#793372"/>
        <Color V="#813f84"/>
        <Color V="#674196"/>
        <Color V="#745398"/>
        <Color V="#96689f"/>
        <Color V="#9d5b8b"/>
        <Color V="#cc7eb0"/>
        <Color V="#aa92ce"/>
        <Color V="#c6a5c8"/>
        <Color V="#ebc4db"/>
        <Color V="#5a291a"/>
        <Color V="#763c30"/>
        <Color V="#944e2a"/>
        <Color V="#aa5527"/>
        <Color V="#bf793e"/>
        <Color V="#b4866c"/>
        <Color V="#deb887"/>
        <Color V="#d4cdc7"/>
        <Color V="#cad4cc"/>
        <Color V="#000000"/>
        <Color V="#3e3938"/>
        <Color V="#595757"/>
        <Color V="#717070"/>
        <Color V="#888889"/>
        <Color V="#9e9f9f"/>
        <Color V="#b4b5b5"/>
        <Color V="#cdcece"/>
        <Color V="#dcdcdd"/>
        <Color V="#eeeeee"/>
        <Color V="#ffffff"/>
    </ColorPool>
</ThemeColors>
