<?xml version="1.0" encoding="utf-8"?>
<ThemeTexts Version="6.1">
    <ThemeText ID="1" Name="华文宋体">
        <FontSchemeLst>
            <FontScheme FontSize="19" Flag="0" FontName="STSong"/>
            <FontScheme FontSize="15" Flag="0" FontName="STSong"/>
            <FontScheme FontSize="12" Flag="0" FontName="STSong"/>
            <FontScheme FontSize="12" Flag="0" FontName="STSong"/>
            <FontScheme FontSize="15" Flag="0" FontName="STSong"/>
            <FontScheme FontSize="12" Flag="0" FontName="STSong"/>
            <FontScheme FontSize="12" Flag="0" FontName="STSong"/>
            <FontScheme FontSize="12" Flag="0" FontName="STSong"/>
        </FontSchemeLst>
    </ThemeText>
    <ThemeText ID="2" Name="华文宋体 (大)">
        <FontSchemeLst>
            <FontScheme FontSize="21" Flag="0" FontName="STSong"/>
            <FontScheme FontSize="17" Flag="0" FontName="STSong"/>
            <FontScheme FontSize="13" Flag="0" FontName="STSong"/>
            <FontScheme FontSize="13" Flag="0" FontName="STSong"/>
            <FontScheme FontSize="17" Flag="0" FontName="STSong"/>
            <FontScheme FontSize="13" Flag="0" FontName="STSong"/>
            <FontScheme FontSize="13" Flag="0" FontName="STSong"/>
            <FontScheme FontSize="13" Flag="0" FontName="STSong"/>
        </FontSchemeLst>
    </ThemeText>
    <ThemeText ID="3" Name="华文黑体">
        <FontSchemeLst>
            <FontScheme FontSize="19" Flag="0" FontName="STHeiti"/>
            <FontScheme FontSize="15" Flag="0" FontName="STHeiti"/>
            <FontScheme FontSize="12" Flag="0" FontName="STSong"/>
            <FontScheme FontSize="12" Flag="0" FontName="STSong"/>
            <FontScheme FontSize="15" Flag="0" FontName="STHeiti"/>
            <FontScheme FontSize="12" Flag="0" FontName="STSong"/>
            <FontScheme FontSize="12" Flag="0" FontName="STSong"/>
            <FontScheme FontSize="12" Flag="0" FontName="STSong"/>
        </FontSchemeLst>
    </ThemeText>
    <ThemeText ID="4" Name="华文仿宋">
        <FontSchemeLst>
            <FontScheme FontSize="19" Flag="0" FontName="STFangsong"/>
            <FontScheme FontSize="15" Flag="0" FontName="STFangsong"/>
            <FontScheme FontSize="12" Flag="0" FontName="STFangsong"/>
            <FontScheme FontSize="12" Flag="0" FontName="STFangsong"/>
            <FontScheme FontSize="15" Flag="0" FontName="STFangsong"/>
            <FontScheme FontSize="12" Flag="0" FontName="STFangsong"/>
            <FontScheme FontSize="12" Flag="0" FontName="STFangsong"/>
            <FontScheme FontSize="12" Flag="0" FontName="STFangsong"/>
        </FontSchemeLst>
    </ThemeText>
    <ThemeText ID="5" Name="仿宋">
        <FontSchemeLst>
            <FontScheme FontSize="21" Flag="0" FontName="LiSong Pro Light"/>
            <FontScheme FontSize="17" Flag="0" FontName="LiSong Pro Light"/>
            <FontScheme FontSize="13" Flag="0" FontName="LiSong Pro Light"/>
            <FontScheme FontSize="13" Flag="0" FontName="LiSong Pro Light"/>
            <FontScheme FontSize="17" Flag="0" FontName="LiSong Pro Light"/>
            <FontScheme FontSize="13" Flag="0" FontName="LiSong Pro Light"/>
            <FontScheme FontSize="13" Flag="0" FontName="LiSong Pro Light"/>
            <FontScheme FontSize="13" Flag="0" FontName="LiSong Pro Light"/>
        </FontSchemeLst>
    </ThemeText>
    <ThemeText ID="6" Name="楷体">
        <FontSchemeLst>
            <FontScheme FontSize="19" Flag="0" FontName="BiauKai"/>
            <FontScheme FontSize="15" Flag="0" FontName="BiauKai"/>
            <FontScheme FontSize="12" Flag="0" FontName="BiauKai"/>
            <FontScheme FontSize="12" Flag="0" FontName="BiauKai"/>
            <FontScheme FontSize="15" Flag="0" FontName="BiauKai"/>
            <FontScheme FontSize="12" Flag="0" FontName="BiauKai"/>
            <FontScheme FontSize="12" Flag="0" FontName="BiauKai"/>
            <FontScheme FontSize="12" Flag="0" FontName="BiauKai"/>
        </FontSchemeLst>
    </ThemeText>
    <ThemeText ID="7" Name="楷体 (大)">
        <FontSchemeLst>
            <FontScheme FontSize="21" Flag="0" FontName="BiauKai"/>
            <FontScheme FontSize="17" Flag="0" FontName="BiauKai"/>
            <FontScheme FontSize="13" Flag="0" FontName="BiauKai"/>
            <FontScheme FontSize="13" Flag="0" FontName="BiauKai"/>
            <FontScheme FontSize="17" Flag="0" FontName="BiauKai"/>
            <FontScheme FontSize="13" Flag="0" FontName="BiauKai"/>
            <FontScheme FontSize="13" Flag="0" FontName="BiauKai"/>
            <FontScheme FontSize="13" Flag="0" FontName="BiauKai"/>
        </FontSchemeLst>
    </ThemeText>
    <ThemeText ID="8" Name="苹果俪细宋">
        <FontSchemeLst>
            <FontScheme FontSize="19" Flag="0" FontName="Apple LiSung Light"/>
            <FontScheme FontSize="15" Flag="0" FontName="Apple LiSung Light"/>
            <FontScheme FontSize="12" Flag="0" FontName="Apple LiSung Light"/>
            <FontScheme FontSize="12" Flag="0" FontName="Apple LiSung Light"/>
            <FontScheme FontSize="15" Flag="0" FontName="Apple LiSung Light"/>
            <FontScheme FontSize="12" Flag="0" FontName="Apple LiSung Light"/>
            <FontScheme FontSize="12" Flag="0" FontName="Apple LiSung Light"/>
            <FontScheme FontSize="12" Flag="0" FontName="Apple LiSung Light"/>
        </FontSchemeLst>
    </ThemeText>
    <ThemeText ID="12" Name="苹果俪中黑 (大)">
        <FontSchemeLst>
            <FontScheme FontSize="21" Flag="0" FontName="Apple LiGothic Medium"/>
            <FontScheme FontSize="17" Flag="0" FontName="Apple LiGothic Medium"/>
            <FontScheme FontSize="13" Flag="0" FontName="Apple LiGothic Medium"/>
            <FontScheme FontSize="13" Flag="0" FontName="Apple LiGothic Medium"/>
            <FontScheme FontSize="17" Flag="0" FontName="Apple LiGothic Medium"/>
            <FontScheme FontSize="13" Flag="0" FontName="Apple LiGothic Medium"/>
            <FontScheme FontSize="13" Flag="0" FontName="Apple LiGothic Medium"/>
            <FontScheme FontSize="13" Flag="0" FontName="Apple LiGothic Medium"/>
        </FontSchemeLst>
    </ThemeText>
    <ThemeText ID="13" Name="Arial">
        <FontSchemeLst>
            <FontScheme FontSize="19" Flag="0" FontName="Arial"/>
            <FontScheme FontSize="15" Flag="0" FontName="Arial"/>
            <FontScheme FontSize="12" Flag="0" FontName="Arial"/>
            <FontScheme FontSize="12" Flag="0" FontName="Arial"/>
            <FontScheme FontSize="15" Flag="0" FontName="Arial"/>
            <FontScheme FontSize="12" Flag="0" FontName="Arial"/>
            <FontScheme FontSize="12" Flag="0" FontName="Arial"/>
            <FontScheme FontSize="12" Flag="0" FontName="Arial"/>
        </FontSchemeLst>
    </ThemeText>
    <ThemeText ID="15" Name="Arial (大)">
        <FontSchemeLst>
            <FontScheme FontSize="21" Flag="0" FontName="Arial"/>
            <FontScheme FontSize="17" Flag="0" FontName="Arial"/>
            <FontScheme FontSize="13" Flag="0" FontName="Arial"/>
            <FontScheme FontSize="13" Flag="0" FontName="Arial"/>
            <FontScheme FontSize="17" Flag="0" FontName="Arial"/>
            <FontScheme FontSize="13" Flag="0" FontName="Arial"/>
            <FontScheme FontSize="13" Flag="0" FontName="Arial"/>
            <FontScheme FontSize="13" Flag="0" FontName="Arial"/>
        </FontSchemeLst>
    </ThemeText>
</ThemeTexts>
