<?xml version="1.0" encoding="utf-8"?>
<ShapeStyles>
    <Geometries ID="1" Mode="3" Left="0.12" Top="0.32" Right="0.04" Bottom="0.32" Width="100" Height="100" TailWidth="40" TailHeight="100" Miter="0">
        <Geometry Closed="1">
            <MoveTo>
                <X P="0" B="1" V="0"/>
                <Y P="0.904208" B="2" V="90.4208"/>
            </MoveTo>
            <LineTo>
                <X P="0" B="1" V="0"/>
                <Y P="0.113552" B="2" V="11.3552"/>
            </LineTo>
            <CurveTo>
                <X P="0.122173" B="1" V="12.2173"/>
                <Y P="0" B="2" V="0"/>
                <A P="0" B="1" V="0"/>
                <B P="0.113552" B="2" V="11.3552"/>
                <C P="-0.0128985" B="1" V="-1.28985"/>
                <D P="0" B="2" V="0"/>
            </CurveTo>
            <CurveTo>
                <X P="0.723622" B="1" V="72.3622"/>
                <Y P="0.183645" B="2" V="18.3645"/>
                <A P="0.257251" B="1" V="25.7251"/>
                <B P="0" B="2" V="0"/>
                <C P="0.551577" B="1" V="55.1577"/>
                <D P="0.0799418" B="2" V="7.99418"/>
            </CurveTo>
            <CurveTo>
                <X P="1" B="1" V="100"/>
                <Y P="0.494861" B="2" V="49.4861"/>
                <A P="0.895666" B="1" V="89.5666"/>
                <B P="0.287349" B="2" V="28.7349"/>
                <C P="1" B="1" V="100"/>
                <D P="0.399534" B="2" V="39.9534"/>
            </CurveTo>
            <CurveTo>
                <X P="0.723622" B="1" V="72.3622"/>
                <Y P="0.797666" B="2" V="79.7666"/>
                <A P="1" B="1" V="100"/>
                <B P="0.590189" B="2" V="59.0189"/>
                <C P="0.890975" B="1" V="89.0975"/>
                <D P="0.70332" B="2" V="70.332"/>
            </CurveTo>
            <CurveTo>
                <X P="0.122173" B="1" V="12.2173"/>
                <Y P="1" B="2" V="100"/>
                <A P="0.556268" B="1" V="55.6268"/>
                <B P="0.892012" B="2" V="89.2012"/>
                <C P="0.234714" B="1" V="23.4714"/>
                <D P="0.998905" B="2" V="99.8905"/>
            </CurveTo>
            <CurveTo>
                <X P="0" B="1" V="0"/>
                <Y P="0.904208" B="2" V="90.4208"/>
                <A P="0.00963361" B="1" V="0.963361"/>
                <B P="1" B="2" V="100"/>
                <C P="0.00415946" B="1" V="0.415946"/>
                <D P="0.932701" B="2" V="93.2701"/>
            </CurveTo>
        </Geometry>
        <Geometry  Closed="1">
            <MoveTo>
                <X P="0" B="1" V="0"/>
                <Y P="0" B="2" V="0"/>
            </MoveTo>
            <LineTo>
                <X P="1" B="1" V="100"/>
                <Y P="0" B="2" V="0"/>
            </LineTo>
            <LineTo>
                <X P="1" B="1" V="100"/>
                <Y P="1" B="2" V="10"/>
            </LineTo>
            <LineTo>
                <X P="0" B="1" V="0"/>
                <Y P="1" B="2" V="10"/> 
            </LineTo>
            <LineTo>
                <X P="0" B="1" V="0"/>
                <Y P="0" B="2" V="0"/> 
            </LineTo>
        </Geometry>
        <Geometry  Closed="1">
            <MoveTo>
                <X V="5.2182" P="0.130455" B="1"/>
                <Y V="0" P="0" B="2"/>
            </MoveTo>
            <CurveTo>
                <X V="30.0267" P="0.750668" B="1"/>
                <Y V="16.497" P="0.16497" B="2"/>
                <A V="5.2182" P="0.130455" B="1"/>
                <B V="0" P="0" B="2"/>
                <C V="20.6987" P="0.517468" B="1"/>
                <D V="3.25867" P="0.0325867" B="2"/>
            </CurveTo>
            <CurveTo>
                <X V="34.9884" P="0.87471" B="1"/>
                <Y V="38.6966" P="0.386966" B="2"/>
                <A V="34.79" P="0.869749" B="1"/>
                <B V="24.8474" P="0.248474" B="2"/>
                <C V="32.6068" P="0.815171" B="1"/>
                <D V="32.7903" P="0.327903" B="2"/>
            </CurveTo>
            <CurveTo>
                <X V="40" P="1" B="1"/>
                <Y V="47.9729" P="0.479729" B="2"/>
                <A V="37.3701" P="0.934252" B="1"/>
                <B V="44.603" P="0.44603" B="2"/>
                <C V="40" P="1" B="1"/>
                <D V="47.9729" P="0.479729" B="2"/>
            </CurveTo>
            <CurveTo>
                <X V="40" P="1" B="1"/>
                <Y V="52.0271" P="0.520271" B="2"/>
                <A V="40" P="1" B="1"/>
                <B V="47.9729" P="0.479729" B="2"/>
                <C V="40" P="1" B="1"/>
                <D V="52.0271" P="0.520271" B="2"/>
            </CurveTo>
            <CurveTo>
                <X V="34.9884" P="0.87471" B="1"/>
                <Y V="61.3037" P="0.613037" B="2"/>
                <A V="40" P="1" B="1"/>
                <B V="52.0271" P="0.520271" B="2"/>
                <C V="36.5762" P="0.914405" B="1"/>
                <D V="55.3973" P="0.553973" B="2"/>
            </CurveTo>
            <CurveTo>
                <X V="30.0267" P="0.750668" B="1"/>
                <Y V="83.5033" P="0.835033" B="2"/>
                <A V="33.4007" P="0.835018" B="1"/>
                <B V="67.21" P="0.6721" B="2"/>
                <C V="33.5992" P="0.839979" B="1"/>
                <D V="76.5787" P="0.765787" B="2"/>
            </CurveTo>
            <CurveTo>
                <X V="5.2182" P="0.130455" B="1"/>
                <Y V="100" P="1" B="2"/>
                <A V="26.4543" P="0.661357" B="1"/>
                <B V="90.428" P="0.90428" B="2"/>
                <C V="13.1569" P="0.328923" B="1"/>
                <D V="98.5747" P="0.985747" B="2"/>
            </CurveTo>
            <CurveTo>
                <X V="0" P="0" B="1"/>
                <Y V="76.5787" P="0.765787" B="2"/>
                <A V="5.2182" P="0.130455" B="1"/>
                <B V="100" P="1" B="2"/>
                <C V="0" P="0" B="1"/>
                <D V="90.428" P="0.90428" B="2"/>
            </CurveTo>
            <CurveTo>
                <X V="12.7599" P="0.318998" B="1"/>
                <Y V="49.8983" P="0.498983" B="2"/>
                <A V="0.653324" P="0.0163331" B="1"/>
                <B V="62.7293" P="0.627293" B="2"/>
                <C V="12.7599" P="0.318998" B="1"/>
                <D V="49.8983" P="0.498983" B="2"/>
            </CurveTo>
            <CurveTo>
                <X V="0" P="0" B="1"/>
                <Y V="23.6871" P="0.236871" B="2"/>
                <A V="12.7599" P="0.318998" B="1"/>
                <B V="49.8983" P="0.498983" B="2"/>
                <C V="0.25643" P="0.00641074" B="1"/>
                <D V="37.4746" P="0.374746" B="2"/>
            </CurveTo>
            <CurveTo>
                <X V="5.2182" P="0.130455" B="1"/>
                <Y V="0" P="0" B="2"/>
                <A V="-0.140631" P="-0.00351577" B="1"/>
                <B V="13.9111" P="0.139111" B="2"/>
                <C V="2.63804" P="0.0659511" B="1"/>
                <D V="5.09167" P="0.0509167" B="2"/>
            </CurveTo>
        </Geometry>
    </Geometries>    
    <Geometries ID="2" Mode="3" Left="0.16" Top="0.15" Right="0.04" Bottom="0.15" Width="100" Height="64" TailWidth="42" TailHeight="70" Miter="0">
        <Geometry Closed="1">
            <MoveTo>
                <X P="0" B="1" V="0"/>
                <Y P="0" B="2" V="0"/>
            </MoveTo>
            <CurveTo>
                <X P="0.6" B="1" V="60"/>
                <Y P="0.07" B="2" V="4.48"/>
                <A P="0" B="1" V="0"/>
                <B P="0" B="2" V="0"/>
                <C P="0.35" B="1" V="35"/>
                <D P="-0.03" B="2" V="-1.92"/>
            </CurveTo>
            <CurveTo>
                <X P="1" B="1" V="100"/>
                <Y P="0.5" B="2" V="32"/>
                <A P="0.85" B="1" V="85"/>
                <B P="0.17" B="2" V="10.88"/>
                <C P="1" B="1" V="100"/>
                <D P="0.36" B="2" V="23.04"/>
            </CurveTo>
            <CurveTo>
                <X P="0.6" B="1" V="60"/>
                <Y P="0.93" B="2" V="59.52"/>
                <A P="1" B="1" V="100"/>
                <B P="0.64" B="2" V="40.96"/>
                <C P="0.85" B="1" V="85"/>
                <D P="0.83" B="2" V="53.12"/>
            </CurveTo>
            <CurveTo>
                <X P="0" B="1" V="0"/>
                <Y P="1" B="2" V="64"/>
                <A P="0.35" B="1" V="35"/>
                <B P="1.03" B="2" V="65.92"/>
                <C P="0" B="1" V="0"/>
                <D P="1" B="2" V="64"/>
            </CurveTo>
            <LineTo>
                <X P="0" B="1" V="0"/>
                <Y P="0" B="2" V="0"/>
            </LineTo>
        </Geometry>
        <Geometry  Closed="1">
            <MoveTo>
                <X P="0" B="1" V="0"/>
                <Y P="0" B="2" V="0"/>
            </MoveTo>
            <LineTo>
                <X P="1" B="1" V="100"/>
                <Y P="0" B="2" V="0"/>
            </LineTo>
            <LineTo>
                <X P="1" B="1" V="100"/>
                <Y P="1" B="2" V="10"/>
            </LineTo>
            <LineTo>
                <X P="0" B="1" V="0"/>
                <Y P="1" B="2" V="10"/> 
            </LineTo>
            <LineTo>
                <X P="0" B="1" V="0"/>
                <Y P="0" B="2" V="0"/> 
            </LineTo>
        </Geometry>
        <Geometry  Closed="1">
            <MoveTo>
                <X V="42" P="1" B="1"/>
                <Y V="33.3946" P="0.477066" B="2"/>
            </MoveTo>
            <CurveTo>
                <X V="36.0382" P="0.858053" B="1"/>
                <Y V="25.0157" P="0.357367" B="2"/>
                <A V="39.8518" P="0.948853" B="1"/>
                <B V="31.9243" P="0.456062" B="2"/>
                <C V="39.7797" P="0.947136" B="1"/>
                <D V="30.2156" P="0.431651" B="2"/>
            </CurveTo>
            <CurveTo>
                <X V="0" P="0" B="1"/>
                <Y V="0" P="0" B="2"/>
                <A V="32.2967" P="0.768969" B="1"/>
                <B V="19.8159" P="0.283084" B="2"/>
                <C V="22.4683" P="0.534959" B="1"/>
                <D V="4.38866" P="0.0626951" B="2"/>
            </CurveTo>
            <CurveTo>
                <X V="14.0148" P="0.333686" B="1"/>
                <Y V="35.9874" P="0.514106" B="2"/>
                <A V="0" P="0" B="1"/>
                <B V="0" P="0" B="2"/>
                <C V="12.9026" P="0.307204" B="1"/>
                <D V="20.188" P="0.2884" B="2"/>
            </CurveTo>
            <CurveTo>
                <X V="8.00848" P="0.190678" B="1"/>
                <Y V="70" P="1" B="2"/>
                <A V="15.1271" P="0.36017" B="1"/>
                <B V="51.7868" P="0.739812" B="2"/>
                <C V="11.5678" P="0.275424" B="1"/>
                <D V="62.5393" P="0.893418" B="2"/>
            </CurveTo>
            <CurveTo>
                <X V="26.0276" P="0.619704" B="1"/>
                <Y V="55.7367" P="0.796239" B="2"/>
                <A V="8.00848" P="0.190678" B="1"/>
                <B V="70" P="1" B="2"/>
                <C V="18.2416" P="0.434323" B="1"/>
                <D V="68.0255" P="0.971793" B="2"/>
            </CurveTo>
            <CurveTo>
                <X V="42" P="1" B="1"/>
                <Y V="36.6054" P="0.522934" B="2"/>
                <A V="33.8136" P="0.805086" B="1"/>
                <B V="43.4483" P="0.62069" B="2"/>
                <C V="36.5247" P="0.869635" B="1"/>
                <D V="38.6651" P="0.552358" B="2"/>
            </CurveTo>
            <CurveTo>
                <X V="42" P="1" B="1"/>
                <Y V="33.3946" P="0.477066" B="2"/>
                <A V="42" P="1" B="1"/>
                <B V="36.6054" P="0.522934" B="2"/>
                <C V="42" P="1" B="1"/>
                <D V="33.3946" P="0.477066" B="2"/>
            </CurveTo>
        </Geometry>
    </Geometries>
    <Geometries ID="3" Mode="3" Left="0.18" Top="0.16" Right="0.36" Bottom="0.16" Width="100" Height="90" TailWidth="50" TailHeight="100" Miter="0.26">
        <Geometry Closed="1">
            <MoveTo>
                <X V="0" P="0" B="1"/>
                <Y P="0.04" V="3.6" B="2"/>
            </MoveTo>
            <CurveTo>
                <X P="0.57" V="57" B="1"/>
                <Y P="0.06" V="5.4" B="2"/>
                <A V="0" P="0" B="1"/>
                <B P="0.04" V="3.6" B="2"/>
                <C P="0.3" V="30" B="1"/>
                <D P="-0.06" V="-5.4" B="2"/>
            </CurveTo>
            <CurveTo>
                <X P="1" V="100" B="1"/>
                <Y P="0.44" V="39.6" B="2"/>
                <A P="0.87" V="87" B="1"/>
                <B P="0.19" V="17.1" B="2"/>
                <C P="0.976862" V="97.6862" B="1"/>
                <D P="0.395883" V="35.6295" B="2"/>
            </CurveTo>
            <CurveTo>
                <X P="0.94" V="94" B="1"/>
                <Y P="0.5" V="45" B="2"/>
                <A P="1" V="100" B="1"/>
                <B P="0.432124" V="38.8912" B="2"/>
                <C P="0.939665" V="93.9665" B="1"/>
                <D P="0.433937" V="39.0543" B="2"/>
            </CurveTo>
            <CurveTo>
                <X P="1" V="100" B="1"/>
                <Y P="0.56" V="50.4" B="2"/>
                <A P="0.94" V="94" B="1"/>
                <B P="0.562593" V="50.6334" B="2"/>
                <C P="0.997522" V="99.7522" B="1"/>
                <D P="0.561685" V="50.5517" B="2"/>
            </CurveTo>
            <CurveTo>
                <X P="0.57" V="57" B="1"/>
                <Y P="0.94" V="84.6" B="2"/>
                <A P="1" V="100" B="1"/>
                <B P="0.560778" V="50.47" B="2"/>
                <C P="0.87" V="87" B="1"/>
                <D P="0.81" V="72.9" B="2"/>
            </CurveTo>
            <CurveTo>
                <X V="0" P="0" B="1"/>
                <Y P="0.96" V="86.4" B="2"/>
                <A P="0.3" V="30" B="1"/>
                <B P="1.06" V="95.4" B="2"/>
                <C V="0" P="0" B="1"/>
                <D P="0.96" V="86.4" B="2"/>
            </CurveTo>
            <CurveTo>
                <X P="0.13" V="13" B="1"/>
                <Y P="0.85" V="76.5" B="2"/>
                <A V="0" P="0" B="1"/>
                <B P="0.96" V="86.4" B="2"/>
                <C P="0.1" V="10" B="1"/>
                <D P="0.93" V="83.7" B="2"/>
            </CurveTo>
            <CurveTo>
                <X P="0.26" V="26" B="1"/>
                <Y P="0.514" V="46.26" B="2"/>
                <A P="0.16" V="16" B="1"/>
                <B P="0.77" V="69.3" B="2"/>
                <C P="0.1" V="10" B="1"/>
                <D P="0.62" V="55.8" B="2"/>
            </CurveTo>
            <LineTo>
                <X P="0.26" V="26" B="1"/>
                <Y P="0.486" V="43.74" B="2"/>
            </LineTo>
            <CurveTo>
                <X P="0.13" V="13" B="1"/>
                <Y P="0.15" V="13.5" B="2"/>
                <A P="0.1" V="10" B="1"/>
                <B P="0.38" V="34.2" B="2"/>
                <C P="0.16" V="16" B="1"/>
                <D P="0.23" V="20.7" B="2"/>
            </CurveTo>
            <CurveTo>
                <X V="0" P="0" B="1"/>
                <Y P="0.04" V="3.6" B="2"/>
                <A P="0.1" V="10" B="1"/>
                <B P="0.07" V="6.3" B="2"/>
                <C P="0.035" V="3.5" B="1"/>
                <D P="0.035" V="3.15" B="2"/>
            </CurveTo>
        </Geometry>
        <Geometry  Closed="1">
            <MoveTo>
                <X P="0" B="1" V="0"/>
                <Y P="0" B="2" V="0"/>
            </MoveTo>
            <LineTo>
                <X P="1" B="1" V="100"/>
                <Y P="0" B="2" V="0"/>
            </LineTo>
            <LineTo>
                <X P="1" B="1" V="100"/>
                <Y P="1" B="2" V="10"/>
            </LineTo>
            <LineTo>
                <X P="0" B="1" V="0"/>
                <Y P="1" B="2" V="10"/> 
            </LineTo>
            <LineTo>
                <X P="0" B="1" V="0"/>
                <Y P="0" B="2" V="0"/> 
            </LineTo>
        </Geometry>
        <Geometry  Closed="1">
            <MoveTo>
                <X V="0.42422" P="0.00731414" B="1"/>
                <Y V="0" P="0" B="2"/>
            </MoveTo>
            <CurveTo>
                <X V="23.3679" P="0.402895" B="1"/>
                <Y V="7.28755" P="0.0809728" B="2"/>
                <A V="0.42422" P="0.00731414" B="1"/>
                <B V="0" P="0" B="2"/>
                <C V="11.4051" P="0.19664" B="1"/>
                <D V="1.78216" P="0.0198018" B="2"/>
            </CurveTo>
            <CurveTo>
                <X V="42.2909" P="0.729154" B="1"/>
                <Y V="28.5604" P="0.317338" B="2"/>
                <A V="35.3306" P="0.609149" B="1"/>
                <B V="12.793" P="0.142144" B="2"/>
                <C V="40.7757" P="0.70303" B="1"/>
                <D V="27.6899" P="0.307665" B="2"/>
            </CurveTo>
            <CurveTo>
                <X V="50.4241" P="0.869381" B="1"/>
                <Y V="29.2539" P="0.325043" B="2"/>
                <A V="43.8061" P="0.755277" B="1"/>
                <B V="29.4309" P="0.32701" B="2"/>
                <C V="48.825" P="0.84181" B="1"/>
                <D V="28.7871" P="0.319857" B="2"/>
            </CurveTo>
            <CurveTo>
                <X V="58" P="1" B="1"/>
                <Y V="45" P="0.5" B="2"/>
                <A V="52.0232" P="0.896952" B="1"/>
                <B V="29.7207" P="0.33023" B="2"/>
                <C V="58" P="1" B="1"/>
                <D V="32.0917" P="0.356574" B="2"/>
            </CurveTo>
            <CurveTo>
                <X V="50.4242" P="0.869383" B="1"/>
                <Y V="60.8518" P="0.676131" B="2"/>
                <A V="58" P="1" B="1"/>
                <B V="57.7721" P="0.641912" B="2"/>
                <C V="52.3778" P="0.903066" B="1"/>
                <D V="60.1712" P="0.668569" B="2"/>
            </CurveTo>
            <CurveTo>
                <X V="42.2908" P="0.729152" B="1"/>
                <Y V="61.5452" P="0.683836" B="2"/>
                <A V="48.4707" P="0.835701" B="1"/>
                <B V="61.5324" P="0.683693" B="2"/>
                <C V="44.2738" P="0.763341" B="1"/>
                <D V="60.4482" P="0.671647" B="2"/>
            </CurveTo>
            <CurveTo>
                <X V="23.368" P="0.402896" B="1"/>
                <Y V="82.8181" P="0.920201" B="2"/>
                <A V="40.3079" P="0.694964" B="1"/>
                <B V="62.6422" P="0.696025" B="2"/>
                <C V="35.3809" P="0.610015" B="1"/>
                <D V="77.4861" P="0.860957" B="2"/>
            </CurveTo>
            <CurveTo>
                <X V="0.42422" P="0.00731414" B="1"/>
                <Y V="90" P="1" B="2"/>
                <A V="11.355" P="0.195775" B="1"/>
                <B V="88.1501" P="0.979445" B="2"/>
                <C V="2.0476" P="0.0353034" B="1"/>
                <D V="90" P="1" B="2"/>
            </CurveTo>
            <CurveTo>
                <X V="4.86145" P="0.0838181" B="1"/>
                <Y V="76.6158" P="0.851287" B="2"/>
                <A V="0.42422" P="0.00731414" B="1"/>
                <B V="90" P="1" B="2"/>
                <C V="6.16018" P="0.10621" B="1"/>
                <D V="83.2532" P="0.925036" B="2"/>
            </CurveTo>
            <CurveTo>
                <X V="0.132563" P="0.00228557" B="1"/>
                <Y V="58.5412" P="0.650458" B="2"/>
                <A V="3.56275" P="0.0614267" B="1"/>
                <B V="69.9777" P="0.77753" B="2"/>
                <C V="-0.625014" P="-0.0107761" B="1"/>
                <D V="63.5468" P="0.706075" B="2"/>
            </CurveTo>
            <CurveTo>
                <X V="12.1125" P="0.208836" B="1"/>
                <Y V="48.8677" P="0.542974" B="2"/>
                <A V="0.890138" P="0.0153472" B="1"/>
                <B V="53.5357" P="0.594841" B="2"/>
                <C V="6.37658" P="0.109941" B="1"/>
                <D V="50.2823" P="0.558692" B="2"/>
            </CurveTo>
            <CurveTo>
                <X V="33.2385" P="0.573077" B="1"/>
                <Y V="45" P="0.5" B="2"/>
                <A V="17.8485" P="0.307732" B="1"/>
                <B V="47.453" P="0.527256" B="2"/>
                <C V="33.2385" P="0.573077" B="1"/>
                <D V="45" P="0.5" B="2"/>
            </CurveTo>
            <CurveTo>
                <X V="12.1125" P="0.208836" B="1"/>
                <Y V="41.2381" P="0.458201" B="2"/>
                <A V="33.2385" P="0.573077" B="1"/>
                <B V="45" P="0.5" B="2"/>
                <C V="18.9246" P="0.326287" B="1"/>
                <D V="42.9748" P="0.477498" B="2"/>
            </CurveTo>
            <CurveTo>
                <X V="0.132506" P="0.00228459" B="1"/>
                <Y V="31.5645" P="0.350717" B="2"/>
                <A V="5.30032" P="0.0913849" B="1"/>
                <B V="39.5014" P="0.438904" B="2"/>
                <C V="1.11358" P="0.0191997" B="1"/>
                <D V="36.6499" P="0.407221" B="2"/>
            </CurveTo>
            <CurveTo>
                <X V="4.8614" P="0.0838172" B="1"/>
                <Y V="13.49" P="0.149889" B="2"/>
                <A V="-0.848569" P="-0.0146305" B="1"/>
                <B V="26.4793" P="0.294214" B="2"/>
                <C V="3.90866" P="0.0673907" B="1"/>
                <D V="19.4454" P="0.21606" B="2"/>
            </CurveTo>
            <CurveTo>
                <X V="0.42422" P="0.00731414" B="1"/>
                <Y V="0" P="0" B="2"/>
                <A V="5.81415" P="0.100244" B="1"/>
                <B V="7.53461" P="0.0837179" B="2"/>
                <C V="2.20991" P="0.0381019" B="1"/>
                <D V="2.45783" P="0.0273092" B="2"/>
            </CurveTo>
        </Geometry>
    </Geometries> 
    <Geometries ID="4" Mode="3" Left="0.12" Top="0.31" Right="0.06" Bottom="0.3" Width="90" Height="100" TailWidth="36" TailHeight="70" Miter="0">
        <Geometry Closed="1">
            <MoveTo>
                <X V="18.384" P="0.204267" B="1"/>
                <Y V="0" P="0" B="2"/>
            </MoveTo>
            <CurveTo>
                <X V="90" P="1" B="1"/>
                <Y V="51.5594" P="0.515594" B="2"/>
                <A V="22.4999" P="0.249999" B="1"/>
                <B V="-0.266868" P="-0.00266868" B="2"/>
                <C V="65.1501" P="0.72389" B="1"/>
                <D V="5.09626" P="0.0509626" B="2"/>
            </CurveTo>
            <CurveTo>
                <X V="54.6037" P="0.606708" B="1"/>
                <Y V="86.1103" P="0.861103" B="2"/>
                <A V="90" P="1" B="1"/>
                <B V="51.5594" P="0.515594" B="2"/>
                <C V="77.6526" P="0.862807" B="1"/>
                <D V="74.7449" P="0.747449" B="2"/>
            </CurveTo>
            <CurveTo>
                <X V="36.7683" P="0.408537" B="1"/>
                <Y V="78.3818" P="0.783818" B="2"/>
                <A V="54.6037" P="0.606708" B="1"/>
                <B V="86.1103" P="0.861103" B="2"/>
                <C V="38.5519" P="0.428354" B="1"/>
                <D V="76.9044" P="0.769044" B="2"/>
            </CurveTo>
            <CurveTo>
                <X V="43.628" P="0.484756" B="1"/>
                <Y V="91.7931" P="0.917931" B="2"/>
                <A V="34.9847" P="0.388719" B="1"/>
                <B V="79.8594" P="0.798594" B="2"/>
                <C V="44.4512" P="0.493902" B="1"/>
                <D V="88.838" P="0.88838" B="2"/>
            </CurveTo>
            <CurveTo>
                <X V="17.5609" P="0.195121" B="1"/>
                <Y V="99.7488" P="0.997488" B="2"/>
                <A V="42.8049" P="0.47561" B="1"/>
                <B V="94.748" P="0.94748" B="2"/>
                <C V="22.2255" P="0.24695" B="1"/>
                <D V="101.34" P="1.0134" B="2"/>
            </CurveTo>
            <CurveTo>
                <X V="0" P="0" B="1"/>
                <Y V="49.2864" P="0.492864" B="2"/>
                <A V="12.8963" P="0.143292" B="1"/>
                <B V="98.1577" P="0.981577" B="2"/>
                <C V="0" P="0" B="1"/>
                <D V="73.1538" P="0.731538" B="2"/>
            </CurveTo>
            <CurveTo>
                <X V="18.384" P="0.204267" B="1"/>
                <Y V="0" P="0" B="2"/>
                <A V="0" P="0" B="1"/>
                <B V="25.4191" P="0.254191" B="2"/>
                <C V="7.9572" P="0.0884133" B="1"/>
                <D V="4.2793" P="0.042793" B="2"/>
            </CurveTo>
        </Geometry>
        <Geometry  Closed="1">
            <MoveTo>
                <X P="0" B="1" V="0"/>
                <Y P="0" B="2" V="0"/>
            </MoveTo>
            <LineTo>
                <X P="1" B="1" V="100"/>
                <Y P="0" B="2" V="0"/>
            </LineTo>
            <LineTo>
                <X P="1" B="1" V="100"/>
                <Y P="1" B="2" V="10"/>
            </LineTo>
            <LineTo>
                <X P="0" B="1" V="0"/>
                <Y P="1" B="2" V="10"/> 
            </LineTo>
            <LineTo>
                <X P="0" B="1" V="0"/>
                <Y P="0" B="2" V="0"/> 
            </LineTo>
        </Geometry>        
        <Geometry  Closed="1">
            <MoveTo>
                <X V="3.24561" P="0.0901559" B="1"/>
                <Y V="5.36845" P="0.0766921" B="2"/>
            </MoveTo>
            <CurveTo>
                <X V="10.9249" P="0.303469" B="1"/>
                <Y V="0.595805" P="0.0085115" B="2"/>
                <A V="3.24561" P="0.0901559" B="1"/>
                <B V="5.36845" P="0.0766921" B="2"/>
                <C V="5.20002" P="0.144445" B="1"/>
                <D V="-2.12795" P="-0.0303993" B="2"/>
            </CurveTo>
            <CurveTo>
                <X V="36" P="1" B="1"/>
                <Y V="35" P="0.5" B="2"/>
                <A V="16.6497" P="0.462493" B="1"/>
                <B V="3.31956" P="0.0474223" B="2"/>
                <C V="36" P="1" B="1"/>
                <D V="25.4225" P="0.363179" B="2"/>
            </CurveTo>
            <CurveTo>
                <X V="13.7406" P="0.381684" B="1"/>
                <Y V="65.2916" P="0.932737" B="2"/>
                <A V="36" P="1" B="1"/>
                <B V="44.5129" P="0.635899" B="2"/>
                <C V="22.1878" P="0.616327" B="1"/>
                <D V="59.1932" P="0.845617" B="2"/>
            </CurveTo>
            <CurveTo>
                <X V="1.70983" P="0.0474952" B="1"/>
                <Y V="67.678" P="0.966828" B="2"/>
                <A V="5.29348" P="0.147041" B="1"/>
                <B V="71.3895" P="1.01985" B="2"/>
                <C V="3.24561" P="0.0901559" B="1"/>
                <D V="70.8596" P="1.01228" B="2"/>
            </CurveTo>
            <CurveTo>
                <X V="3.24561" P="0.0901559" B="1"/>
                <Y V="5.36845" P="0.0766921" B="2"/>
                <A V="0.234217" P="0.00650602" B="1"/>
                <B V="64.4961" P="0.921373" B="2"/>
                <C V="-1.87381" P="-0.0520502" B="1"/>
                <D V="31.8831" P="0.455473" B="2"/>
            </CurveTo>
        </Geometry>
    </Geometries>
    <Geometries ID="5" Mode="3" Left="0.34" Top="0.50" Right="0.03" Bottom="0.26" Width="78" Height="100" TailWidth="40" TailHeight="60" Miter="0">
        <Geometry Closed="1">
            <MoveTo>
                <X V="16.9065" P="0.21675" B="1"/>
                <Y V="8.33346" P="0.0833346" B="2"/>
            </MoveTo>
            <CurveTo>
                <X V="35.542" P="0.455667" B="1"/>
                <Y V="30.2327" P="0.302327" B="2"/>
                <A V="16.9065" P="0.21675" B="1"/>
                <B V="8.33346" P="0.0833346" B="2"/>
                <C V="25.5519" P="0.327588" B="1"/>
                <D V="14.1473" P="0.141473" B="2"/>
            </CurveTo>
            <CurveTo>
                <X V="78" P="1" B="1"/>
                <Y V="60.2714" P="0.602714" B="2"/>
                <A V="45.5322" P="0.583746" B="1"/>
                <B V="46.3179" P="0.463179" B="2"/>
                <C V="53.409" P="0.684731" B="1"/>
                <D V="57.752" P="0.57752" B="2"/>
            </CurveTo>
            <CurveTo>
                <X V="53.409" P="0.684731" B="1"/>
                <Y V="68.2168" P="0.682168" B="2"/>
                <A V="78" P="1" B="1"/>
                <B V="60.2714" P="0.602714" B="2"/>
                <C V="68.2021" P="0.874386" B="1"/>
                <D V="67.4417" P="0.674417" B="2"/>
            </CurveTo>
            <CurveTo>
                <X V="42.2662" P="0.541874" B="1"/>
                <Y V="75.5811" P="0.755811" B="2"/>
                <A V="53.409" P="0.684731" B="1"/>
                <B V="68.2168" P="0.682168" B="2"/>
                <C V="54.946" P="0.704436" B="1"/>
                <D V="73.0619" P="0.730619" B="2"/>
            </CurveTo>
            <CurveTo>
                <X V="35.3498" P="0.453203" B="1"/>
                <Y V="81.0078" P="0.810078" B="2"/>
                <A V="42.2662" P="0.541874" B="1"/>
                <B V="75.5811" P="0.755811" B="2"/>
                <C V="43.611" P="0.559116" B="1"/>
                <D V="79.8452" P="0.798452" B="2"/>
            </CurveTo>
            <CurveTo>
                <X V="27.0887" P="0.347291" B="1"/>
                <Y V="90.3096" P="0.903096" B="2"/>
                <A V="35.3498" P="0.453203" B="1"/>
                <B V="81.0078" P="0.810078" B="2"/>
                <C V="33.6209" P="0.431037" B="1"/>
                <D V="85.4653" P="0.854653" B="2"/>
            </CurveTo>
            <CurveTo>
                <X V="0" P="0" B="1"/>
                <Y V="100" P="1" B="2"/>
                <A V="20.5567" P="0.263548" B="1"/>
                <B V="95.1548" P="0.951548" B="2"/>
                <C V="9.7982" P="0.125618" B="1"/>
                <D V="99.2244" P="0.992244" B="2"/>
            </CurveTo>
            <CurveTo>
                <X V="3.36208" P="0.0431036" B="1"/>
                <Y V="76.0657" P="0.760657" B="2"/>
                <A V="0" P="0" B="1"/>
                <B V="100" P="1" B="2"/>
                <C V="3.55419" P="0.0455666" B="1"/>
                <D V="88.8569" P="0.888569" B="2"/>
            </CurveTo>
            <CurveTo>
                <X V="0" P="0" B="1"/>
                <Y V="51.9381" P="0.519381" B="2"/>
                <A V="3.16996" P="0.0406405" B="1"/>
                <B V="63.2753" P="0.632753" B="2"/>
                <C V="0" P="0" B="1"/>
                <D V="58.5273" P="0.585273" B="2"/>
            </CurveTo>
            <CurveTo>
                <X V="2.88178" P="0.0369459" B="1"/>
                <Y V="28.6823" P="0.286823" B="2"/>
                <A V="0" P="0" B="1"/>
                <B V="45.349" P="0.45349" B="2"/>
                <C V="3.45814" P="0.0443351" B="1"/>
                <D V="40.1163" P="0.401163" B="2"/>
            </CurveTo>
            <CurveTo>
                <X V="1.34483" P="0.0172414" B="1"/>
                <Y V="0" P="0" B="2"/>
                <A V="2.30542" P="0.0295567" B="1"/>
                <B V="17.2482" P="0.172482" B="2"/>
                <C V="-1.34483" P="-0.0172414" B="1"/>
                <D V="13.9535" P="0.139535" B="2"/>
            </CurveTo>
            <CurveTo>
                <X V="16.9065" P="0.21675" B="1"/>
                <Y V="8.33346" P="0.0833346" B="2"/>
                <A V="1.34483" P="0.0172414" B="1"/>
                <B V="0" P="0" B="2"/>
                <C V="7.87691" P="0.100986" B="1"/>
                <D V="0.581478" P="0.00581478" B="2"/>
            </CurveTo>
        </Geometry>
        <Geometry>
            <MoveTo>
                <X V="29.0158" P="0.371998" B="1"/>
                <Y V="52.0902" P="0.520902" B="2"/>
            </MoveTo>
            <CurveTo>
                <X V="37.6222" P="0.482336" B="1"/>
                <Y V="43.4086" P="0.434086" B="2"/>
                <A V="33.769" P="0.432936" B="1"/>
                <B V="52.0902" P="0.520902" B="2"/>
                <C V="37.6222" P="0.482336" B="1"/>
                <D V="48.2033" P="0.482033" B="2"/>
            </CurveTo>
            <CurveTo>
                <X V="29.0158" P="0.371998" B="1"/>
                <Y V="34.7269" P="0.347269" B="2"/>
                <A V="37.6222" P="0.482336" B="1"/>
                <B V="38.6138" P="0.386138" B="2"/>
                <C V="33.769" P="0.432936" B="1"/>
                <D V="34.7269" P="0.347269" B="2"/>
            </CurveTo>
            <CurveTo>
                <X V="20.4094" P="0.261659" B="1"/>
                <Y V="43.4086" P="0.434086" B="2"/>
                <A V="24.2626" P="0.311059" B="1"/>
                <B V="34.7269" P="0.347269" B="2"/>
                <C V="20.4094" P="0.261659" B="1"/>
                <D V="38.6138" P="0.386138" B="2"/>
            </CurveTo>
            <CurveTo>
                <X V="29.0158" P="0.371998" B="1"/>
                <Y V="52.0902" P="0.520902" B="2"/>
                <A V="20.4094" P="0.261659" B="1"/>
                <B V="48.2033" P="0.482033" B="2"/>
                <C V="24.2626" P="0.311059" B="1"/>
                <D V="52.0902" P="0.520902" B="2"/>
            </CurveTo>
        </Geometry>
        <Geometry>
            <MoveTo>
                <X V="31.691" P="0.406295" B="1"/>
                <Y V="48.3951" P="0.483951" B="2"/>
            </MoveTo>
            <CurveTo>
                <X V="34.9891" P="0.448578" B="1"/>
                <Y V="43.4086" P="0.434086" B="2"/>
                <A V="33.5125" P="0.429647" B="1"/>
                <B V="48.3951" P="0.483951" B="2"/>
                <C V="34.9891" P="0.448578" B="1"/>
                <D V="46.1625" P="0.461625" B="2"/>
            </CurveTo>
            <CurveTo>
                <X V="31.691" P="0.406295" B="1"/>
                <Y V="38.4221" P="0.384221" B="2"/>
                <A V="34.9891" P="0.448578" B="1"/>
                <B V="40.6546" P="0.406546" B="2"/>
                <C V="33.5125" P="0.429647" B="1"/>
                <D V="38.4221" P="0.384221" B="2"/>
            </CurveTo>
            <CurveTo>
                <X V="28.3929" P="0.364011" B="1"/>
                <Y V="43.4086" P="0.434086" B="2"/>
                <A V="29.8695" P="0.382942" B="1"/>
                <B V="38.4221" P="0.384221" B="2"/>
                <C V="28.3929" P="0.364011" B="1"/>
                <D V="40.6546" P="0.406546" B="2"/>
            </CurveTo>
            <CurveTo>
                <X V="31.691" P="0.406295" B="1"/>
                <Y V="48.3951" P="0.483951" B="2"/>
                <A V="28.3929" P="0.364011" B="1"/>
                <B V="46.1625" P="0.461625" B="2"/>
                <C V="29.8695" P="0.382942" B="1"/>
                <D V="48.3951" P="0.483951" B="2"/>
            </CurveTo>
        </Geometry>
        <Geometry  Closed="1">
            <MoveTo>
                <X P="0" B="1" V="0"/>
                <Y P="0" B="2" V="0"/>
            </MoveTo>
            <LineTo>
                <X P="1" B="1" V="100"/>
                <Y P="0" B="2" V="0"/>
            </LineTo>
            <LineTo>
                <X P="1" B="1" V="100"/>
                <Y P="1" B="2" V="10"/>
            </LineTo>
            <LineTo>
                <X P="0" B="1" V="0"/>
                <Y P="1" B="2" V="10"/> 
            </LineTo>
            <LineTo>
                <X P="0" B="1" V="0"/>
                <Y P="0" B="2" V="0"/> 
            </LineTo>
        </Geometry>
        <Geometry  Closed="1">
            <MoveTo>
                <X V="39.0176" P="0.975441" B="1"/>
                <Y V="24.6102" P="0.41017" B="2"/>
            </MoveTo>
            <CurveTo>
                <X V="26.2509" P="0.656272" B="1"/>
                <Y V="17.6309" P="0.293848" B="2"/>
                <A V="37.9808" P="0.949519" B="1"/>
                <B V="23.7103" P="0.395172" B="2"/>
                <C V="35.1888" P="0.879719" B="1"/>
                <D V="23.873" P="0.397883" B="2"/>
            </CurveTo>
            <CurveTo>
                <X V="7.70352" P="0.192588" B="1"/>
                <Y V="0.951408" P="0.0158568" B="2"/>
                <A V="17.313" P="0.432824" B="1"/>
                <B V="11.3888" P="0.189813" B="2"/>
                <C V="11.8459" P="0.296148" B="1"/>
                <D V="4.26877" P="0.0711462" B="2"/>
            </CurveTo>
            <CurveTo>
                <X V="1.18858" P="0.0297146" B="1"/>
                <Y V="6.7107" P="0.111845" B="2"/>
                <A V="3.56112" P="0.089028" B="1"/>
                <B V="-2.36594" P="-0.0394324" B="2"/>
                <C V="1.18858" P="0.0297146" B="1"/>
                <D V="3.83106" P="0.063851" B="2"/>
            </CurveTo>
            <CurveTo>
                <X V="2.37312" P="0.0593279" B="1"/>
                <Y V="13.0871" P="0.218118" B="2"/>
                <A V="1.18858" P="0.0297146" B="1"/>
                <B V="9.59034" P="0.159839" B="2"/>
                <C V="3.55765" P="0.0889413" B="1"/>
                <D V="9.79602" P="0.163267" B="2"/>
            </CurveTo>
            <CurveTo>
                <X V="1.18858" P="0.0297146" B="1"/>
                <Y V="26.6625" P="0.444375" B="2"/>
                <A V="1.18858" P="0.0297146" B="1"/>
                <B V="16.3781" P="0.272968" B="2"/>
                <C V="-1.57532" P="-0.0393831" B="1"/>
                <D V="22.7544" P="0.37924" B="2"/>
            </CurveTo>
            <CurveTo>
                <X V="5.53188" P="0.138297" B="1"/>
                <Y V="34.0674" P="0.56779" B="2"/>
                <A V="3.9525" P="0.0988124" B="1"/>
                <B V="30.5707" P="0.509511" B="2"/>
                <C V="7.37308" P="0.184327" B="1"/>
                <D V="31.9174" P="0.531956" B="2"/>
            </CurveTo>
            <CurveTo>
                <X V="3.9525" P="0.0988124" B="1"/>
                <Y V="43.3234" P="0.722056" B="2"/>
                <A V="3.69066" P="0.0922665" B="1"/>
                <B V="36.2174" P="0.603624" B="2"/>
                <C V="1.78085" P="0.0445213" B="1"/>
                <D V="39.2096" P="0.653493" B="2"/>
            </CurveTo>
            <CurveTo>
                <X V="10.6649" P="0.266622" B="1"/>
                <Y V="50.3168" P="0.838613" B="2"/>
                <A V="6.12412" P="0.153103" B="1"/>
                <B V="47.4371" P="0.790619" B="2"/>
                <C V="11.2571" P="0.281428" B="1"/>
                <D V="47.4371" P="0.790619" B="2"/>
            </CurveTo>
            <CurveTo>
                <X V="13.0339" P="0.325848" B="1"/>
                <Y V="59.7785" P="0.996308" B="2"/>
                <A V="10.0726" P="0.251815" B="1"/>
                <B V="53.1964" P="0.886607" B="2"/>
                <C V="10.6752" P="0.26688" B="1"/>
                <D V="58.7977" P="0.979962" B="2"/>
            </CurveTo>
            <CurveTo>
                <X V="16.5875" P="0.414688" B="1"/>
                <Y V="56.4875" P="0.941458" B="2"/>
                <A V="15.3926" P="0.384816" B="1"/>
                <B V="60.759" P="1.01265" B="2"/>
                <C V="15.7111" P="0.392777" B="1"/>
                <D V="58.2711" P="0.971185" B="2"/>
            </CurveTo>
            <CurveTo>
                <X V="23.8921" P="0.597303" B="1"/>
                <Y V="44.7737" P="0.746228" B="2"/>
                <A V="17.464" P="0.436599" B="1"/>
                <B V="54.7039" P="0.911731" B="2"/>
                <C V="19.5489" P="0.488722" B="1"/>
                <D V="49.2989" P="0.821648" B="2"/>
            </CurveTo>
            <CurveTo>
                <X V="38.3461" P="0.958652" B="1"/>
                <Y V="36.1196" P="0.601994" B="2"/>
                <A V="28.2354" P="0.705886" B="1"/>
                <B V="40.2485" P="0.670809" B="2"/>
                <C V="36.5862" P="0.914655" B="1"/>
                <D V="36.8371" P="0.613952" B="2"/>
            </CurveTo>
            <CurveTo>
                <X V="40" P="1" B="1"/>
                <Y V="32.6012" P="0.543354" B="2"/>
                <A V="40.106" P="1.00265" B="1"/>
                <B V="35.4022" P="0.590036" B="2"/>
                <C V="40" P="1" B="1"/>
                <D V="32.6012" P="0.543354" B="2"/>
            </CurveTo>
            <LineTo>
                <X V="40" P="1" B="1"/>
                <Y V="27.7907" P="0.463179" B="2"/>
            </LineTo>
            <CurveTo>
                <X V="39.0176" P="0.975441" B="1"/>
                <Y V="24.6102" P="0.41017" B="2"/>
                <A V="40" P="1" B="1"/>
                <B V="27.7907" P="0.463179" B="2"/>
                <C V="40.0544" P="1.00136" B="1"/>
                <D V="25.5101" P="0.425168" B="2"/>
            </CurveTo>
        </Geometry>
    </Geometries>
    <Geometries ID="6" Mode="3" Left="0.26" Top="0.35" Right="0.04" Bottom="0.34" Width="68" Height="100" TailWidth="32" TailHeight="80" Miter="0">
        <Geometry Closed="1">
            <MoveTo>
                <X V="6.13886" P="0.0902773" B="1"/>
                <Y V="0" P="0" B="2"/>
            </MoveTo>
            <CurveTo>
                <X V="56.9597" P="0.837642" B="1"/>
                <Y V="44.1675" P="0.441675" B="2"/>
                <A V="6.13886" P="0.0902773" B="1"/>
                <B V="0" P="0" B="2"/>
                <C V="38.2593" P="0.562637" B="1"/>
                <D V="5.2846" P="0.052846" B="2"/>
            </CurveTo>
            <CurveTo>
                <X V="59.5997" P="0.876466" B="1"/>
                <Y V="44.1675" P="0.441675" B="2"/>
                <A V="56.9597" P="0.837642" B="1"/>
                <B V="44.1675" P="0.441675" B="2"/>
                <C V="58.0597" P="0.853819" B="1"/>
                <D V="46.1446" P="0.461446" B="2"/>
            </CurveTo>
            <CurveTo>
                <X V="66.1998" P="0.973526" B="1"/>
                <Y V="41.7511" P="0.417511" B="2"/>
                <A V="61.1397" P="0.899113" B="1"/>
                <B V="42.1904" P="0.421904" B="2"/>
                <C V="62.8997" P="0.924996" B="1"/>
                <D V="39.3346" P="0.393346" B="2"/>
            </CurveTo>
            <CurveTo>
                <X V="65.0998" P="0.95735" B="1"/>
                <Y V="50" P="0.5" B="2"/>
                <A V="69.5001" P="1.02206" B="1"/>
                <B V="44.1675" P="0.441675" B="2"/>
                <C V="67.7398" P="0.996174" B="1"/>
                <D V="49.2201" P="0.492201" B="2"/>
            </CurveTo>
            <CurveTo>
                <X V="66.4198" P="0.976762" B="1"/>
                <Y V="58.0072" P="0.580072" B="2"/>
                <A V="65.0998" P="0.95735" B="1"/>
                <B V="50" P="0.5" B="2"/>
                <C V="69.94" P="1.02853" B="1"/>
                <D V="55.1514" P="0.551514" B="2"/>
            </CurveTo>
            <CurveTo>
                <X V="60.0397" P="0.882937" B="1"/>
                <Y V="56.4695" P="0.564695" B="2"/>
                <A V="62.8997" P="0.924996" B="1"/>
                <B V="60.863" P="0.60863" B="2"/>
                <C V="61.1397" P="0.899113" B="1"/>
                <D V="58.2269" P="0.582269" B="2"/>
            </CurveTo>
            <CurveTo>
                <X V="56.2996" P="0.827936" B="1"/>
                <Y V="56.4695" P="0.564695" B="2"/>
                <A V="58.9397" P="0.86676" B="1"/>
                <B V="54.7121" P="0.547121" B="2"/>
                <C V="56.7397" P="0.834407" B="1"/>
                <D V="54.9317" P="0.549317" B="2"/>
            </CurveTo>
            <CurveTo>
                <X V="6.13886" P="0.0902773" B="1"/>
                <Y V="100" P="1" B="2"/>
                <A V="55.8596" P="0.821465" B="1"/>
                <B V="58.0072" P="0.580072" B="2"/>
                <C V="41.1194" P="0.604697" B="1"/>
                <D V="91.3982" P="0.913982" B="2"/>
            </CurveTo>
            <CurveTo>
                <X V="0" P="0" B="1"/>
                <Y V="95.3978" P="0.953978" B="2"/>
                <A V="6.13886" P="0.0902773" B="1"/>
                <B V="100" P="1" B="2"/>
                <C V="0.317723" P="0.00467239" B="1"/>
                <D V="100.397" P="1.00397" B="2"/>
            </CurveTo>
            <LineTo>
                <X V="0" P="0" B="1"/>
                <Y V="4.58017" P="0.0458017" B="2"/>
            </LineTo>
            <CurveTo>
                <X V="6.13886" P="0.0902773" B="1"/>
                <Y V="0" P="0" B="2"/>
                <A V="0" P="0" B="1"/>
                <B V="-0.253198" P="-0.00253198" B="2"/>
                <C V="6.13886" P="0.0902773" B="1"/>
                <D V="0" P="0" B="2"/>
            </CurveTo>
        </Geometry>
        <Geometry  Closed="1">
            <MoveTo>
                <X V="24.4752" P="0.359929" B="1"/>
                <Y V="39.1013" P="0.391013" B="2"/>
            </MoveTo>
            <CurveTo>
                <X V="36.3753" P="0.534931" B="1"/>
                <Y V="27.2199" P="0.272199" B="2"/>
                <A V="31.0474" P="0.45658" B="1"/>
                <B V="39.1013" P="0.391013" B="2"/>
                <C V="36.3753" P="0.534931" B="1"/>
                <D V="33.7818" P="0.337818" B="2"/>
            </CurveTo>
            <CurveTo>
                <X V="24.4752" P="0.359929" B="1"/>
                <Y V="15.3386" P="0.153386" B="2"/>
                <A V="36.3753" P="0.534931" B="1"/>
                <B V="20.6581" P="0.206581" B="2"/>
                <C V="31.0474" P="0.45658" B="1"/>
                <D V="15.3386" P="0.153386" B="2"/>
            </CurveTo>
            <CurveTo>
                <X V="12.575" P="0.184926" B="1"/>
                <Y V="27.2199" P="0.272199" B="2"/>
                <A V="17.9028" P="0.263277" B="1"/>
                <B V="15.3386" P="0.153386" B="2"/>
                <C V="12.575" P="0.184926" B="1"/>
                <D V="20.6581" P="0.206581" B="2"/>
            </CurveTo>
            <CurveTo>
                <X V="24.4752" P="0.359929" B="1"/>
                <Y V="39.1013" P="0.391013" B="2"/>
                <A V="12.575" P="0.184926" B="1"/>
                <B V="33.7818" P="0.337818" B="2"/>
                <C V="17.9028" P="0.263277" B="1"/>
                <D V="39.1013" P="0.391013" B="2"/>
            </CurveTo>
        </Geometry>
        <Geometry  Closed="1">
            <MoveTo>
                <X V="24.4752" P="0.359929" B="1"/>
                <Y V="34.8818" P="0.348818" B="2"/>
            </MoveTo>
            <CurveTo>
                <X V="32.1491" P="0.472781" B="1"/>
                <Y V="27.2199" P="0.272199" B="2"/>
                <A V="28.7133" P="0.422255" B="1"/>
                <B V="34.8818" P="0.348818" B="2"/>
                <C V="32.1491" P="0.472781" B="1"/>
                <D V="31.4515" P="0.314515" B="2"/>
            </CurveTo>
            <CurveTo>
                <X V="24.4752" P="0.359929" B="1"/>
                <Y V="19.5581" P="0.195581" B="2"/>
                <A V="32.1491" P="0.472781" B="1"/>
                <B V="22.9884" P="0.229884" B="2"/>
                <C V="28.7133" P="0.422255" B="1"/>
                <D V="19.5581" P="0.195581" B="2"/>
            </CurveTo>
            <CurveTo>
                <X V="16.8012" P="0.247076" B="1"/>
                <Y V="27.2199" P="0.272199" B="2"/>
                <A V="20.2369" P="0.297602" B="1"/>
                <B V="19.5581" P="0.195581" B="2"/>
                <C V="16.8012" P="0.247076" B="1"/>
                <D V="22.9884" P="0.229884" B="2"/>
            </CurveTo>
            <CurveTo>
                <X V="24.4752" P="0.359929" B="1"/>
                <Y V="34.8818" P="0.348818" B="2"/>
                <A V="16.8012" P="0.247076" B="1"/>
                <B V="31.4515" P="0.314515" B="2"/>
                <C V="20.2369" P="0.297602" B="1"/>
                <D V="34.8818" P="0.348818" B="2"/>
            </CurveTo>
        </Geometry>
        <Geometry  Closed="1">
            <MoveTo>
                <X P="0" B="1" V="0"/>
                <Y P="0" B="2" V="0"/>
            </MoveTo>
            <LineTo>
                <X P="1" B="1" V="100"/>
                <Y P="0" B="2" V="0"/>
            </LineTo>
            <LineTo>
                <X P="1" B="1" V="100"/>
                <Y P="1" B="2" V="10"/>
            </LineTo>
            <LineTo>
                <X P="0" B="1" V="0"/>
                <Y P="1" B="2" V="10"/> 
            </LineTo>
            <LineTo>
                <X P="0" B="1" V="0"/>
                <Y P="0" B="2" V="0"/> 
            </LineTo>
        </Geometry>
        <Geometry  Closed="1">
            <MoveTo>
                <X V="5.2182" P="0.130455" B="1"/>
                <Y V="0" P="0" B="2"/>
            </MoveTo>
            <CurveTo>
                <X V="30.0267" P="0.750668" B="1"/>
                <Y V="16.497" P="0.16497" B="2"/>
                <A V="5.2182" P="0.130455" B="1"/>
                <B V="0" P="0" B="2"/>
                <C V="20.6987" P="0.517468" B="1"/>
                <D V="3.25867" P="0.0325867" B="2"/>
            </CurveTo>
            <CurveTo>
                <X V="34.9884" P="0.87471" B="1"/>
                <Y V="38.6966" P="0.386966" B="2"/>
                <A V="34.79" P="0.869749" B="1"/>
                <B V="24.8474" P="0.248474" B="2"/>
                <C V="32.6068" P="0.815171" B="1"/>
                <D V="32.7903" P="0.327903" B="2"/>
            </CurveTo>
            <CurveTo>
                <X V="40" P="1" B="1"/>
                <Y V="47.9729" P="0.479729" B="2"/>
                <A V="37.3701" P="0.934252" B="1"/>
                <B V="44.603" P="0.44603" B="2"/>
                <C V="40" P="1" B="1"/>
                <D V="47.9729" P="0.479729" B="2"/>
            </CurveTo>
            <CurveTo>
                <X V="40" P="1" B="1"/>
                <Y V="52.0271" P="0.520271" B="2"/>
                <A V="40" P="1" B="1"/>
                <B V="47.9729" P="0.479729" B="2"/>
                <C V="40" P="1" B="1"/>
                <D V="52.0271" P="0.520271" B="2"/>
            </CurveTo>
            <CurveTo>
                <X V="34.9884" P="0.87471" B="1"/>
                <Y V="61.3037" P="0.613037" B="2"/>
                <A V="40" P="1" B="1"/>
                <B V="52.0271" P="0.520271" B="2"/>
                <C V="36.5762" P="0.914405" B="1"/>
                <D V="55.3973" P="0.553973" B="2"/>
            </CurveTo>
            <CurveTo>
                <X V="30.0267" P="0.750668" B="1"/>
                <Y V="83.5033" P="0.835033" B="2"/>
                <A V="33.4007" P="0.835018" B="1"/>
                <B V="67.21" P="0.6721" B="2"/>
                <C V="33.5992" P="0.839979" B="1"/>
                <D V="76.5787" P="0.765787" B="2"/>
            </CurveTo>
            <CurveTo>
                <X V="5.2182" P="0.130455" B="1"/>
                <Y V="100" P="1" B="2"/>
                <A V="26.4543" P="0.661357" B="1"/>
                <B V="90.428" P="0.90428" B="2"/>
                <C V="13.1569" P="0.328923" B="1"/>
                <D V="98.5747" P="0.985747" B="2"/>
            </CurveTo>
            <CurveTo>
                <X V="0" P="0" B="1"/>
                <Y V="76.5787" P="0.765787" B="2"/>
                <A V="5.2182" P="0.130455" B="1"/>
                <B V="100" P="1" B="2"/>
                <C V="0" P="0" B="1"/>
                <D V="90.428" P="0.90428" B="2"/>
            </CurveTo>
            <CurveTo>
                <X V="12.7599" P="0.318998" B="1"/>
                <Y V="49.8983" P="0.498983" B="2"/>
                <A V="0.653324" P="0.0163331" B="1"/>
                <B V="62.7293" P="0.627293" B="2"/>
                <C V="12.7599" P="0.318998" B="1"/>
                <D V="49.8983" P="0.498983" B="2"/>
            </CurveTo>
            <CurveTo>
                <X V="0" P="0" B="1"/>
                <Y V="23.6871" P="0.236871" B="2"/>
                <A V="12.7599" P="0.318998" B="1"/>
                <B V="49.8983" P="0.498983" B="2"/>
                <C V="0.25643" P="0.00641074" B="1"/>
                <D V="37.4746" P="0.374746" B="2"/>
            </CurveTo>
            <CurveTo>
                <X V="5.2182" P="0.130455" B="1"/>
                <Y V="0" P="0" B="2"/>
                <A V="-0.140631" P="-0.00351577" B="1"/>
                <B V="13.9111" P="0.139111" B="2"/>
                <C V="2.63804" P="0.0659511" B="1"/>
                <D V="5.09167" P="0.0509167" B="2"/>
            </CurveTo>
        </Geometry>
    </Geometries>
    <Geometries ID="7" Mode="3" Left="0.16" Top="0.21" Right="0.36" Bottom="0.16" Width="100" Height="90" TailWidth="50" TailHeight="100" Miter="0.26">
        <Geometry  Closed="1">    
            <MoveTo>
                <X V="0" P="0" B="1"/>
                <Y P="0.04" V="3.6" B="2"/>
            </MoveTo>
            <CurveTo>
                <X P="0.57" V="57" B="1"/>
                <Y P="0.06" V="5.4" B="2"/>
                <A V="0" P="0" B="1"/>
                <B P="0.04" V="3.6" B="2"/>
                <C P="0.3" V="30" B="1"/>
                <D P="-0.06" V="-5.4" B="2"/>
            </CurveTo>
            <CurveTo>
                <X P="1" V="100" B="1"/>
                <Y P="0.44" V="39.6" B="2"/>
                <A P="0.87" V="87" B="1"/>
                <B P="0.19" V="17.1" B="2"/>
                <C P="0.976862" V="97.6862" B="1"/>
                <D P="0.395883" V="35.6295" B="2"/>
            </CurveTo>
            <CurveTo>
                <X P="0.94" V="94" B="1"/>
                <Y P="0.5" V="45" B="2"/>
                <A P="1" V="100" B="1"/>
                <B P="0.432124" V="38.8912" B="2"/>
                <C P="0.939665" V="93.9665" B="1"/>
                <D P="0.433937" V="39.0543" B="2"/>
            </CurveTo>
            <CurveTo>
                <X P="1" V="100" B="1"/>
                <Y P="0.56" V="50.4" B="2"/>
                <A P="0.94" V="94" B="1"/>
                <B P="0.562593" V="50.6334" B="2"/>
                <C P="0.997522" V="99.7522" B="1"/>
                <D P="0.561685" V="50.5517" B="2"/>
            </CurveTo>
            <CurveTo>
                <X P="0.57" V="57" B="1"/>
                <Y P="0.94" V="84.6" B="2"/>
                <A P="1" V="100" B="1"/>
                <B P="0.560778" V="50.47" B="2"/>
                <C P="0.87" V="87" B="1"/>
                <D P="0.81" V="72.9" B="2"/>
            </CurveTo>
            <CurveTo>
                <X V="0" P="0" B="1"/>
                <Y P="0.96" V="86.4" B="2"/>
                <A P="0.3" V="30" B="1"/>
                <B P="1.06" V="95.4" B="2"/>
                <C V="0"/>
                <D P="0.96" V="86.4" B="2"/>
            </CurveTo>
            <CurveTo>
                <X P="0.13" V="13" B="1"/>
                <Y P="0.85" V="76.5" B="2"/>
                <A V="0" P="0" B="1"/>
                <B P="0.96" V="86.4" B="2"/>
                <C P="0.1" V="10" B="1"/>
                <D P="0.93" V="83.7" B="2"/>
            </CurveTo>
            <CurveTo>
                <X P="0.26" V="26" B="1"/>
                <Y P="0.514" V="46.26" B="2"/>
                <A P="0.16" V="16" B="1"/>
                <B P="0.77" V="69.3" B="2"/>
                <C P="0.1" V="10" B="1"/>
                <D P="0.62" V="55.8" B="2"/>
            </CurveTo>
            <LineTo>
                <X P="0.26" V="26" B="1"/>
                <Y P="0.486" V="43.74" B="2"/>
            </LineTo>
            <CurveTo>
                <X P="0.13" V="13" B="1"/>
                <Y P="0.15" V="13.5" B="2"/>
                <A P="0.1" V="10" B="1"/>
                <B P="0.38" V="34.2" B="2"/>
                <C P="0.16" V="16" B="1"/>
                <D P="0.23" V="20.7" B="2"/>
            </CurveTo>
            <CurveTo>
                <X V="0" P="0" B="1"/>
                <Y P="0.04" V="3.6" B="2"/>
                <A P="0.1" V="10" B="1"/>
                <B P="0.07" V="6.3" B="2"/>
                <C P="0.035" V="3.5" B="1"/>
                <D P="0.035" V="3.15" B="2"/>
            </CurveTo>
        </Geometry>
        <Geometry  Closed="1">
            <MoveTo>
                <X P="0.757073" V="75.7073" B="1"/>
                <Y P="0.463264" V="41.6938" B="2"/>
            </MoveTo>
            <CurveTo>
                <X P="0.857073" V="85.7073" B="1"/>
                <Y P="0.353637" V="31.8274" B="2"/>
                <A P="0.8123" V="81.23" B="1"/>
                <B P="0.463264" V="41.6938" B="2"/>
                <C P="0.857073" V="85.7073" B="1"/>
                <D P="0.414185" V="37.2766" B="2"/>
            </CurveTo>
            <CurveTo>
                <X P="0.757073" V="75.7073" B="1"/>
                <Y P="0.244008" V="21.9607" B="2"/>
                <A P="0.857073" V="85.7073" B="1"/>
                <B P="0.29309" V="26.3781" B="2"/>
                <C P="0.8123" V="81.23" B="1"/>
                <D P="0.244008" V="21.9607" B="2"/>
            </CurveTo>
            <CurveTo>
                <X P="0.657071" V="65.7071" B="1"/>
                <Y P="0.353637" V="31.8274" B="2"/>
                <A P="0.701845" V="70.1845" B="1"/>
                <B P="0.244008" V="21.9607" B="2"/>
                <C P="0.657071" V="65.7071" B="1"/>
                <D P="0.29309" V="26.3781" B="2"/>
            </CurveTo>
            <CurveTo>
                <X P="0.757073" V="75.7073" B="1"/>
                <Y P="0.463264" V="41.6938" B="2"/>
                <A P="0.657071" V="65.7071" B="1"/>
                <B P="0.414185" V="37.2766" B="2"/>
                <C P="0.701845" V="70.1845" B="1"/>
                <D P="0.463264" V="41.6938" B="2"/>
            </CurveTo>
        </Geometry>
        <Geometry  Closed="1">
            <MoveTo>
                <X P="0.787232" V="78.7232" B="1"/>
                <Y P="0.4051" V="36.459" B="2"/>
            </MoveTo>
            <CurveTo>
                <X P="0.840705" V="84.0705" B="1"/>
                <Y P="0.34648" V="31.1832" B="2"/>
                <A P="0.816765" V="81.6765" B="1"/>
                <B P="0.4051" V="36.459" B="2"/>
                <C P="0.840705" V="84.0705" B="1"/>
                <D P="0.378855" V="34.0969" B="2"/>
            </CurveTo>
            <CurveTo>
                <X P="0.787232" V="78.7232" B="1"/>
                <Y P="0.28786" V="25.9074" B="2"/>
                <A P="0.840705" V="84.0705" B="1"/>
                <B P="0.314105" V="28.2695" B="2"/>
                <C P="0.816765" V="81.6765" B="1"/>
                <D P="0.28786" V="25.9074" B="2"/>
            </CurveTo>
            <CurveTo>
                <X P="0.733764" V="73.3764" B="1"/>
                <Y P="0.34648" V="31.1832" B="2"/>
                <A P="0.757704" V="75.7704" B="1"/>
                <B P="0.28786" V="25.9074" B="2"/>
                <C P="0.733764" V="73.3764" B="1"/>
                <D P="0.314105" V="28.2695" B="2"/>
            </CurveTo>
            <CurveTo>
                <X P="0.787232" V="78.7232" B="1"/>
                <Y P="0.4051" V="36.459" B="2"/>
                <A P="0.733764" V="73.3764" B="1"/>
                <B P="0.378855" V="34.0969" B="2"/>
                <C P="0.757704" V="75.7704" B="1"/>
                <D P="0.4051" V="36.459" B="2"/>
            </CurveTo>
        </Geometry>
        <Geometry  Closed="1">
            <MoveTo>
                <X P="0" B="1" V="0"/>
                <Y P="0" B="2" V="0"/>
            </MoveTo>
            <LineTo>
                <X P="1" B="1" V="100"/>
                <Y P="0" B="2" V="0"/>
            </LineTo>
            <LineTo>
                <X P="1" B="1" V="100"/>
                <Y P="1" B="2" V="10"/>
            </LineTo>
            <LineTo>
                <X P="0" B="1" V="0"/>
                <Y P="1" B="2" V="10"/> 
            </LineTo>
            <LineTo>
                <X P="0" B="1" V="0"/>
                <Y P="0" B="2" V="0"/> 
            </LineTo>
        </Geometry>
        <Geometry  Closed="1">
            <MoveTo>
                <X V="0.42422" P="0.00731414" B="1"/>
                <Y V="0" P="0" B="2"/>
            </MoveTo>
            <CurveTo>
                <X V="23.3679" P="0.402895" B="1"/>
                <Y V="7.28755" P="0.0809728" B="2"/>
                <A V="0.42422" P="0.00731414" B="1"/>
                <B V="0" P="0" B="2"/>
                <C V="11.4051" P="0.19664" B="1"/>
                <D V="1.78216" P="0.0198018" B="2"/>
            </CurveTo>
            <CurveTo>
                <X V="42.2909" P="0.729154" B="1"/>
                <Y V="28.5604" P="0.317338" B="2"/>
                <A V="35.3306" P="0.609149" B="1"/>
                <B V="12.793" P="0.142144" B="2"/>
                <C V="40.7757" P="0.70303" B="1"/>
                <D V="27.6899" P="0.307665" B="2"/>
            </CurveTo>
            <CurveTo>
                <X V="50.4241" P="0.869381" B="1"/>
                <Y V="29.2539" P="0.325043" B="2"/>
                <A V="43.8061" P="0.755277" B="1"/>
                <B V="29.4309" P="0.32701" B="2"/>
                <C V="48.825" P="0.84181" B="1"/>
                <D V="28.7871" P="0.319857" B="2"/>
            </CurveTo>
            <CurveTo>
                <X V="58" P="1" B="1"/>
                <Y V="45" P="0.5" B="2"/>
                <A V="52.0232" P="0.896952" B="1"/>
                <B V="29.7207" P="0.33023" B="2"/>
                <C V="58" P="1" B="1"/>
                <D V="32.0917" P="0.356574" B="2"/>
            </CurveTo>
            <CurveTo>
                <X V="50.4242" P="0.869383" B="1"/>
                <Y V="60.8518" P="0.676131" B="2"/>
                <A V="58" P="1" B="1"/>
                <B V="57.7721" P="0.641912" B="2"/>
                <C V="52.3778" P="0.903066" B="1"/>
                <D V="60.1712" P="0.668569" B="2"/>
            </CurveTo>
            <CurveTo>
                <X V="42.2908" P="0.729152" B="1"/>
                <Y V="61.5452" P="0.683836" B="2"/>
                <A V="48.4707" P="0.835701" B="1"/>
                <B V="61.5324" P="0.683693" B="2"/>
                <C V="44.2738" P="0.763341" B="1"/>
                <D V="60.4482" P="0.671647" B="2"/>
            </CurveTo>
            <CurveTo>
                <X V="23.368" P="0.402896" B="1"/>
                <Y V="82.8181" P="0.920201" B="2"/>
                <A V="40.3079" P="0.694964" B="1"/>
                <B V="62.6422" P="0.696025" B="2"/>
                <C V="35.3809" P="0.610015" B="1"/>
                <D V="77.4861" P="0.860957" B="2"/>
            </CurveTo>
            <CurveTo>
                <X V="0.42422" P="0.00731414" B="1"/>
                <Y V="90" P="1" B="2"/>
                <A V="11.355" P="0.195775" B="1"/>
                <B V="88.1501" P="0.979445" B="2"/>
                <C V="2.0476" P="0.0353034" B="1"/>
                <D V="90" P="1" B="2"/>
            </CurveTo>
            <CurveTo>
                <X V="4.86145" P="0.0838181" B="1"/>
                <Y V="76.6158" P="0.851287" B="2"/>
                <A V="0.42422" P="0.00731414" B="1"/>
                <B V="90" P="1" B="2"/>
                <C V="6.16018" P="0.10621" B="1"/>
                <D V="83.2532" P="0.925036" B="2"/>
            </CurveTo>
            <CurveTo>
                <X V="0.132563" P="0.00228557" B="1"/>
                <Y V="58.5412" P="0.650458" B="2"/>
                <A V="3.56275" P="0.0614267" B="1"/>
                <B V="69.9777" P="0.77753" B="2"/>
                <C V="-0.625014" P="-0.0107761" B="1"/>
                <D V="63.5468" P="0.706075" B="2"/>
            </CurveTo>
            <CurveTo>
                <X V="12.1125" P="0.208836" B="1"/>
                <Y V="48.8677" P="0.542974" B="2"/>
                <A V="0.890138" P="0.0153472" B="1"/>
                <B V="53.5357" P="0.594841" B="2"/>
                <C V="6.37658" P="0.109941" B="1"/>
                <D V="50.2823" P="0.558692" B="2"/>
            </CurveTo>
            <CurveTo>
                <X V="33.2385" P="0.573077" B="1"/>
                <Y V="45" P="0.5" B="2"/>
                <A V="17.8485" P="0.307732" B="1"/>
                <B V="47.453" P="0.527256" B="2"/>
                <C V="33.2385" P="0.573077" B="1"/>
                <D V="45" P="0.5" B="2"/>
            </CurveTo>
            <CurveTo>
                <X V="12.1125" P="0.208836" B="1"/>
                <Y V="41.2381" P="0.458201" B="2"/>
                <A V="33.2385" P="0.573077" B="1"/>
                <B V="45" P="0.5" B="2"/>
                <C V="18.9246" P="0.326287" B="1"/>
                <D V="42.9748" P="0.477498" B="2"/>
            </CurveTo>
            <CurveTo>
                <X V="0.132506" P="0.00228459" B="1"/>
                <Y V="31.5645" P="0.350717" B="2"/>
                <A V="5.30032" P="0.0913849" B="1"/>
                <B V="39.5014" P="0.438904" B="2"/>
                <C V="1.11358" P="0.0191997" B="1"/>
                <D V="36.6499" P="0.407221" B="2"/>
            </CurveTo>
            <CurveTo>
                <X V="4.8614" P="0.0838172" B="1"/>
                <Y V="13.49" P="0.149889" B="2"/>
                <A V="-0.848569" P="-0.0146305" B="1"/>
                <B V="26.4793" P="0.294214" B="2"/>
                <C V="3.90866" P="0.0673907" B="1"/>
                <D V="19.4454" P="0.21606" B="2"/>
            </CurveTo>
            <CurveTo>
                <X V="0.42422" P="0.00731414" B="1"/>
                <Y V="0" P="0" B="2"/>
                <A V="5.81415" P="0.100244" B="1"/>
                <B V="7.53461" P="0.0837179" B="2"/>
                <C V="2.20991" P="0.0381019" B="1"/>
                <D V="2.45783" P="0.0273092" B="2"/>
            </CurveTo>
        </Geometry>
    </Geometries>    
    <Geometries ID="8" Mode="3" Left="0.38" Top="0.44" Right="0.02" Bottom="0.19" Width="85" Height="100" TailWidth="40" TailHeight="60" Miter="0">
        <Geometry Closed="1">
            <MoveTo>
                <X V="5.1202" P="0.0602377" B="1"/>
                <Y V="0" P="0" B="2"/>
            </MoveTo>
            <CurveTo>
                <X V="29.7012" P="0.349426" B="1"/>
                <Y V="19.5621" P="0.195621" B="2"/>
                <A V="5.1202" P="0.0602377" B="1"/>
                <B V="0" P="0" B="2"/>
                <C V="18.9131" P="0.222507" B="1"/>
                <D V="1.61359" P="0.0161359" B="2"/>
            </CurveTo>
            <CurveTo>
                <X V="54.2822" P="0.638614" B="1"/>
                <Y V="55.2087" P="0.552087" B="2"/>
                <A V="40.4892" P="0.476344" B="1"/>
                <B V="37.5107" P="0.375107" B="2"/>
                <C V="48.1913" P="0.566956" B="1"/>
                <D V="49.5574" P="0.495574" B="2"/>
            </CurveTo>
            <CurveTo>
                <X V="80.3857" P="0.945714" B="1"/>
                <Y V="63.4682" P="0.634682" B="2"/>
                <A V="60.373" P="0.710271" B="1"/>
                <B V="60.8599" P="0.608599" B="2"/>
                <C V="76.0352" P="0.894532" B="1"/>
                <D V="63.4682" P="0.634682" B="2"/>
            </CurveTo>
            <CurveTo>
                <X V="84.3017" P="0.991785" B="1"/>
                <Y V="65.6417" P="0.656417" B="2"/>
                <A V="84.7368" P="0.996904" B="1"/>
                <B V="63.4682" P="0.634682" B="2"/>
                <C V="85.9333" P="1.01098" B="1"/>
                <D V="64.0115" P="0.640115" B="2"/>
            </CurveTo>
            <CurveTo>
                <X V="82.7784" P="0.973864" B="1"/>
                <Y V="69.1195" P="0.691195" B="2"/>
                <A V="82.6702" P="0.972591" B="1"/>
                <B V="67.2719" P="0.672719" B="2"/>
                <C V="82.1261" P="0.96619" B="1"/>
                <D V="68.0326" P="0.680326" B="2"/>
            </CurveTo>
            <CurveTo>
                <X V="81.0387" P="0.953396" B="1"/>
                <Y V="72.3798" P="0.723798" B="2"/>
                <A V="83.4315" P="0.981547" B="1"/>
                <B V="70.2064" P="0.702064" B="2"/>
                <C V="83.8666" P="0.986666" B="1"/>
                <D V="71.9452" P="0.719452" B="2"/>
            </CurveTo>
            <CurveTo>
                <X V="51.0192" P="0.600226" B="1"/>
                <Y V="78.4655" P="0.784655" B="2"/>
                <A V="78.2108" P="0.920127" B="1"/>
                <B V="72.8143" P="0.728143" B="2"/>
                <C V="65.5938" P="0.771692" B="1"/>
                <D V="71.2931" P="0.712931" B="2"/>
            </CurveTo>
            <CurveTo>
                <X V="24.6979" P="0.290564" B="1"/>
                <Y V="95.2021" P="0.952021" B="2"/>
                <A V="36.4447" P="0.428761" B="1"/>
                <B V="85.6386" P="0.856386" B="2"/>
                <C V="27.961" P="0.328953" B="1"/>
                <D V="93.0286" P="0.930286" B="2"/>
            </CurveTo>
            <CurveTo>
                <X V="9.57958" P="0.112701" B="1"/>
                <Y V="100" P="1" B="2"/>
                <A V="21.435" P="0.252176" B="1"/>
                <B V="97.3762" P="0.973762" B="2"/>
                <C V="15.9968" P="0.188198" B="1"/>
                <D V="100" P="1" B="2"/>
            </CurveTo>
            <CurveTo>
                <X V="0" P="0" B="1"/>
                <Y V="94.7493" P="0.947493" B="2"/>
                <A V="9.57958" P="0.112701" B="1"/>
                <B V="100" P="1" B="2"/>
                <C V="0" P="0" B="1"/>
                <D V="100.606" P="1.00606" B="2"/>
            </CurveTo>
            <LineTo>
                <X V="0" P="0" B="1"/>
                <Y V="7.17276" P="0.0717276" B="2"/>
            </LineTo>
            <CurveTo>
                <X V="5.1202" P="0.0602377" B="1"/>
                <Y V="0" P="0" B="2"/>
                <A V="0" P="0" B="1"/>
                <B V="7.17276" P="0.0717276" B="2"/>
                <C V="-0.387325" P="-0.00455677" B="1"/>
                <D V="0" P="0" B="2"/>
            </CurveTo>
        </Geometry>
        <Geometry Closed="1">
            <MoveTo>
                <X V="21.0706" P="0.247889" B="1"/>
                <Y V="52.3585" P="0.523585" B="2"/>
            </MoveTo>
            <CurveTo>
                <X V="32.9897" P="0.388114" B="1"/>
                <Y V="40.4527" P="0.404527" B="2"/>
                <A V="27.6533" P="0.325333" B="1"/>
                <B V="52.3585" P="0.523585" B="2"/>
                <C V="32.9897" P="0.388114" B="1"/>
                <D V="47.0281" P="0.470281" B="2"/>
            </CurveTo>
            <CurveTo>
                <X V="21.0706" P="0.247889" B="1"/>
                <Y V="28.5469" P="0.285469" B="2"/>
                <A V="32.9897" P="0.388114" B="1"/>
                <B V="33.8773" P="0.338773" B="2"/>
                <C V="27.6533" P="0.325333" B="1"/>
                <D V="28.5469" P="0.285469" B="2"/>
            </CurveTo>
            <CurveTo>
                <X V="9.15144" P="0.107664" B="1"/>
                <Y V="40.4527" P="0.404527" B="2"/>
                <A V="14.4878" P="0.170445" B="1"/>
                <B V="28.5469" P="0.285469" B="2"/>
                <C V="9.15144" P="0.107664" B="1"/>
                <D V="33.8773" P="0.338773" B="2"/>
            </CurveTo>
            <CurveTo>
                <X V="21.0706" P="0.247889" B="1"/>
                <Y V="52.3585" P="0.523585" B="2"/>
                <A V="9.15144" P="0.107664" B="1"/>
                <B V="47.0281" P="0.470281" B="2"/>
                <C V="14.4878" P="0.170445" B="1"/>
                <D V="52.3585" P="0.523585" B="2"/>
            </CurveTo>
        </Geometry>
        <Geometry Closed="1">
            <MoveTo>
                <X V="21.0706" P="0.247889" B="1"/>
                <Y V="46.0152" P="0.460152" B="2"/>
            </MoveTo>
            <CurveTo>
                <X V="26.6393" P="0.313404" B="1"/>
                <Y V="40.4527" P="0.404527" B="2"/>
                <A V="24.1461" P="0.284072" B="1"/>
                <B V="46.0152" P="0.460152" B="2"/>
                <C V="26.6393" P="0.313404" B="1"/>
                <D V="43.5248" P="0.435248" B="2"/>
            </CurveTo>
            <CurveTo>
                <X V="26.3456" P="0.309948" B="1"/>
                <Y V="38.6653" P="0.386653" B="2"/>
                <A V="26.6393" P="0.313404" B="1"/>
                <B V="39.8274" P="0.398274" B="2"/>
                <C V="26.5361" P="0.312189" B="1"/>
                <D V="39.2262" P="0.392262" B="2"/>
            </CurveTo>
            <CurveTo>
                <X V="23.017" P="0.270788" B="1"/>
                <Y V="40.0431" P="0.400431" B="2"/>
                <A V="26.2821" P="0.309201" B="1"/>
                <B V="39.2721" P="0.392721" B="2"/>
                <C V="25.7173" P="0.302557" B="1"/>
                <D V="40.9422" P="0.409422" B="2"/>
            </CurveTo>
            <CurveTo>
                <X V="21.2714" P="0.250252" B="1"/>
                <Y V="34.8902" P="0.348902" B="2"/>
                <A V="20.0306" P="0.235654" B="1"/>
                <B V="39.0519" P="0.390519" B="2"/>
                <C V="18.8645" P="0.221935" B="1"/>
                <D V="35.0249" P="0.350249" B="2"/>
            </CurveTo>
            <CurveTo>
                <X V="21.0706" P="0.247889" B="1"/>
                <Y V="34.8902" P="0.348902" B="2"/>
                <A V="21.2048" P="0.249468" B="1"/>
                <B V="34.8902" P="0.348902" B="2"/>
                <C V="21.1378" P="0.24868" B="1"/>
                <D V="34.8902" P="0.348902" B="2"/>
            </CurveTo>
            <CurveTo>
                <X V="15.5018" P="0.182374" B="1"/>
                <Y V="40.4527" P="0.404527" B="2"/>
                <A V="17.995" P="0.211706" B="1"/>
                <B V="34.8902" P="0.348902" B="2"/>
                <C V="15.5018" P="0.182374" B="1"/>
                <D V="37.3806" P="0.373806" B="2"/>
            </CurveTo>
            <CurveTo>
                <X V="21.0706" P="0.247889" B="1"/>
                <Y V="46.0152" P="0.460152" B="2"/>
                <A V="15.5018" P="0.182374" B="1"/>
                <B V="43.5248" P="0.435248" B="2"/>
                <C V="17.995" P="0.211706" B="1"/>
                <D V="46.0152" P="0.460152" B="2"/>
            </CurveTo>
        </Geometry>
        <Geometry  Closed="1">
            <MoveTo>
                <X P="0" B="1" V="0"/>
                <Y P="0" B="2" V="0"/>
            </MoveTo>
            <LineTo>
                <X P="1" B="1" V="100"/>
                <Y P="0" B="2" V="0"/>
            </LineTo>
            <LineTo>
                <X P="1" B="1" V="100"/>
                <Y P="1" B="2" V="10"/>
            </LineTo>
            <LineTo>
                <X P="0" B="1" V="0"/>
                <Y P="1" B="2" V="10"/> 
            </LineTo>
            <LineTo>
                <X P="0" B="1" V="0"/>
                <Y P="0" B="2" V="0"/> 
            </LineTo>
        </Geometry>
        <Geometry  Closed="1">
            <MoveTo>
                <X V="39.0176" P="0.975441" B="1"/>
                <Y V="24.6102" P="0.41017" B="2"/>
            </MoveTo>
            <CurveTo>
                <X V="26.2509" P="0.656272" B="1"/>
                <Y V="17.6309" P="0.293848" B="2"/>
                <A V="37.9808" P="0.949519" B="1"/>
                <B V="23.7103" P="0.395172" B="2"/>
                <C V="35.1888" P="0.879719" B="1"/>
                <D V="23.873" P="0.397883" B="2"/>
            </CurveTo>
            <CurveTo>
                <X V="7.70352" P="0.192588" B="1"/>
                <Y V="0.951408" P="0.0158568" B="2"/>
                <A V="17.313" P="0.432824" B="1"/>
                <B V="11.3888" P="0.189813" B="2"/>
                <C V="11.8459" P="0.296148" B="1"/>
                <D V="4.26877" P="0.0711462" B="2"/>
            </CurveTo>
            <CurveTo>
                <X V="1.18858" P="0.0297146" B="1"/>
                <Y V="6.7107" P="0.111845" B="2"/>
                <A V="3.56112" P="0.089028" B="1"/>
                <B V="-2.36594" P="-0.0394324" B="2"/>
                <C V="1.18858" P="0.0297146" B="1"/>
                <D V="3.83106" P="0.063851" B="2"/>
            </CurveTo>
            <CurveTo>
                <X V="2.37312" P="0.0593279" B="1"/>
                <Y V="13.0871" P="0.218118" B="2"/>
                <A V="1.18858" P="0.0297146" B="1"/>
                <B V="9.59034" P="0.159839" B="2"/>
                <C V="3.55765" P="0.0889413" B="1"/>
                <D V="9.79602" P="0.163267" B="2"/>
            </CurveTo>
            <CurveTo>
                <X V="1.18858" P="0.0297146" B="1"/>
                <Y V="26.6625" P="0.444375" B="2"/>
                <A V="1.18858" P="0.0297146" B="1"/>
                <B V="16.3781" P="0.272968" B="2"/>
                <C V="-1.57532" P="-0.0393831" B="1"/>
                <D V="22.7544" P="0.37924" B="2"/>
            </CurveTo>
            <CurveTo>
                <X V="5.53188" P="0.138297" B="1"/>
                <Y V="34.0674" P="0.56779" B="2"/>
                <A V="3.9525" P="0.0988124" B="1"/>
                <B V="30.5707" P="0.509511" B="2"/>
                <C V="7.37308" P="0.184327" B="1"/>
                <D V="31.9174" P="0.531956" B="2"/>
            </CurveTo>
            <CurveTo>
                <X V="3.9525" P="0.0988124" B="1"/>
                <Y V="43.3234" P="0.722056" B="2"/>
                <A V="3.69066" P="0.0922665" B="1"/>
                <B V="36.2174" P="0.603624" B="2"/>
                <C V="1.78085" P="0.0445213" B="1"/>
                <D V="39.2096" P="0.653493" B="2"/>
            </CurveTo>
            <CurveTo>
                <X V="10.6649" P="0.266622" B="1"/>
                <Y V="50.3168" P="0.838613" B="2"/>
                <A V="6.12412" P="0.153103" B="1"/>
                <B V="47.4371" P="0.790619" B="2"/>
                <C V="11.2571" P="0.281428" B="1"/>
                <D V="47.4371" P="0.790619" B="2"/>
            </CurveTo>
            <CurveTo>
                <X V="13.0339" P="0.325848" B="1"/>
                <Y V="59.7785" P="0.996308" B="2"/>
                <A V="10.0726" P="0.251815" B="1"/>
                <B V="53.1964" P="0.886607" B="2"/>
                <C V="10.6752" P="0.26688" B="1"/>
                <D V="58.7977" P="0.979962" B="2"/>
            </CurveTo>
            <CurveTo>
                <X V="16.5875" P="0.414688" B="1"/>
                <Y V="56.4875" P="0.941458" B="2"/>
                <A V="15.3926" P="0.384816" B="1"/>
                <B V="60.759" P="1.01265" B="2"/>
                <C V="15.7111" P="0.392777" B="1"/>
                <D V="58.2711" P="0.971185" B="2"/>
            </CurveTo>
            <CurveTo>
                <X V="23.8921" P="0.597303" B="1"/>
                <Y V="44.7737" P="0.746228" B="2"/>
                <A V="17.464" P="0.436599" B="1"/>
                <B V="54.7039" P="0.911731" B="2"/>
                <C V="19.5489" P="0.488722" B="1"/>
                <D V="49.2989" P="0.821648" B="2"/>
            </CurveTo>
            <CurveTo>
                <X V="38.3461" P="0.958652" B="1"/>
                <Y V="36.1196" P="0.601994" B="2"/>
                <A V="28.2354" P="0.705886" B="1"/>
                <B V="40.2485" P="0.670809" B="2"/>
                <C V="36.5862" P="0.914655" B="1"/>
                <D V="36.8371" P="0.613952" B="2"/>
            </CurveTo>
            <CurveTo>
                <X V="40" P="1" B="1"/>
                <Y V="32.6012" P="0.543354" B="2"/>
                <A V="40.106" P="1.00265" B="1"/>
                <B V="35.4022" P="0.590036" B="2"/>
                <C V="40" P="1" B="1"/>
                <D V="32.6012" P="0.543354" B="2"/>
            </CurveTo>
            <LineTo>
                <X V="40" P="1" B="1"/>
                <Y V="27.7907" P="0.463179" B="2"/>
            </LineTo>
            <CurveTo>
                <X V="39.0176" P="0.975441" B="1"/>
                <Y V="24.6102" P="0.41017" B="2"/>
                <A V="40" P="1" B="1"/>
                <B V="27.7907" P="0.463179" B="2"/>
                <C V="40.0544" P="1.00136" B="1"/>
                <D V="25.5101" P="0.425168" B="2"/>
            </CurveTo>
        </Geometry>
    </Geometries>        
    <Geometries ID="9" Mode="3" Left="0.18" Top="0.31" Right="0.25" Bottom="0.32" Width="100" Height="100" TailWidth="32" TailHeight="80" Miter="0.26">
        <Geometry Closed="1">
            <MoveTo>
                <X P="1" V="100" B="1"/>
                <Y P="0.599119" V="59.9119" B="2"/>
            </MoveTo>
            <CurveTo>
                <X P="0.717949" V="71.7949" B="1"/>
                <Y P="0.54185" V="54.185" B="2"/>
                <A P="1" V="100" B="1"/>
                <B P="0.599119" V="59.9119" B="2"/>
                <C P="0.755021" V="75.5021" B="1"/>
                <D P="0.524229" V="52.4229" B="2"/>
            </CurveTo>
            <CurveTo>
                <X P="0.751709" V="75.1709" B="1"/>
                <Y P="0.572026" V="57.2026" B="2"/>
                <A P="0.680876" V="68.0876" B="1"/>
                <B P="0.559471" V="55.9471" B="2"/>
                <C P="0.751709" V="75.1709" B="1"/>
                <D P="0.572026" V="57.2026" B="2"/>
            </CurveTo>
            <LineTo>
                <X P="0.923077" V="92.3077" B="1"/>
                <Y P="0.625551" V="62.5551" B="2"/>
            </LineTo>
            <CurveTo>
                <X P="0.119658" V="11.9658" B="1"/>
                <Y P="1" V="100" B="2"/>
                <A P="0.623932" V="62.3932" B="1"/>
                <B P="0.86784" V="86.784" B="2"/>
                <C P="0.119658" V="11.9658" B="1"/>
                <D P="1" V="100" B="2"/>
            </CurveTo>
            <CurveTo>
                <X V="0" P="0" B="1"/>
                <Y V="0" P="0" B="2"/>
                <A P="0.487179" V="48.7179" B="1"/>
                <B P="0.436123" V="43.6123" B="2"/>
                <C V="0" P="0" B="1"/>
                <D V="0" P="0" B="2"/>
            </CurveTo>
            <CurveTo>
                <X P="1" V="100" B="1"/>
                <Y P="0.599119" V="59.9119" B="2"/>
                <A P="0.764957" V="76.4957" B="1"/>
                <B P="0.0352423" V="3.52423" B="2"/>
                <C P="1" V="100" B="1"/>
                <D P="0.599119" V="59.9119" B="2"/>
            </CurveTo>
        </Geometry>
        <Geometry Closed="1">
            <MoveTo>
                <X P="0.544781" V="54.4781" B="1"/>
                <Y P="0.344371" V="34.4371" B="2"/>
            </MoveTo>
            <CurveTo>
                <X P="0.600732" V="60.0732" B="1"/>
                <Y P="0.28842" V="28.842" B="2"/>
                <A P="0.575682" V="57.5682" B="1"/>
                <B P="0.344371" V="34.4371" B="2"/>
                <C P="0.600732" V="60.0732" B="1"/>
                <D P="0.319321" V="31.9321" B="2"/>
            </CurveTo>
            <CurveTo>
                <X P="0.544781" V="54.4781" B="1"/>
                <Y P="0.232469" V="23.2469" B="2"/>
                <A P="0.600732" V="60.0732" B="1"/>
                <B P="0.257519" V="25.7519" B="2"/>
                <C P="0.575682" V="57.5682" B="1"/>
                <D P="0.232469" V="23.2469" B="2"/>
            </CurveTo>
            <CurveTo>
                <X P="0.488829" V="48.8829" B="1"/>
                <Y P="0.28842" V="28.842" B="2"/>
                <A P="0.51388" V="51.388" B="1"/>
                <B P="0.232469" V="23.2469" B="2"/>
                <C P="0.488829" V="48.8829" B="1"/>
                <D P="0.257519" V="25.7519" B="2"/>
            </CurveTo>
            <CurveTo>
                <X P="0.544781" V="54.4781" B="1"/>
                <Y P="0.344371" V="34.4371" B="2"/>
                <A P="0.488829" V="48.8829" B="1"/>
                <B P="0.319321" V="31.9321" B="2"/>
                <C P="0.51388" V="51.388" B="1"/>
                <D P="0.344371" V="34.4371" B="2"/>
            </CurveTo>
        </Geometry>
        <Geometry  Closed="1">
            <MoveTo>
                <X B="1" V="0" P="0"/>
                <Y B="2" V="3.5" P="0.35"/>
            </MoveTo>
            <LineTo>
                <X B="1" V="100" P="1"/>
                <Y B="2" V="0" P="0"/>
            </LineTo>
            <LineTo>
                <X B="1" V="100" P="1"/>
                <Y B="2" V="10" P="1"/>
            </LineTo>
            <LineTo>
                <X B="1" V="0" P="0"/>
                <Y B="2" V="6.5" P="0.65"/>
            </LineTo>
            <LineTo>
                <X B="1" V="0" P="0"/>
                <Y B="2" V="3.5" P="0.35"/>
            </LineTo>
        </Geometry>
        <Geometry  Closed="1">
            <MoveTo>
                <X B="1" V="1.32272" P="0.0220453"/>
                <Y B="2" V="120" P="1"/>
            </MoveTo>
            <CurveTo>
                <X B="1" V="21.1233" P="0.352055"/>
                <Y B="2" V="60.1261" P="0.501051"/>
                <A B="1" V="1.32272" P="0.0220453"/>
                <B B="2" V="120" P="1"/>
                <C B="1" V="-6.10878" P="-0.101813"/>
                <D B="2" V="102.602" P="0.85502"/>
            </CurveTo>
            <CurveTo>
                <X B="1" V="1.32272" P="0.0220453"/>
                <Y B="2" V="0.196387" P="0.00163656"/>
                <A B="1" V="-7.64574" P="-0.127429"/>
                <B B="2" V="9.73091" P="0.0810909"/>
                <C B="1" V="1.32272" P="0.0220453"/>
                <D B="2" V="0.196387" P="0.00163656"/>
            </CurveTo>
            <CurveTo>
                <X B="1" V="5.16602" P="0.0861004"/>
                <Y B="2" V="1.98976" P="0.0165813"/>
                <A B="1" V="1.32272" P="0.0220453"/>
                <B B="2" V="0.196387" P="0.00163656"/>
                <C B="1" V="3.04464" P="0.050744"/>
                <D B="2" V="-0.875665" P="-0.00729721"/>
            </CurveTo>
            <CurveTo>
                <X B="1" V="60" P="1"/>
                <Y B="2" V="58.7026" P="0.489188"/>
                <A B="1" V="5.16602" P="0.0861004"/>
                <B B="2" V="1.98976" P="0.0165813"/>
                <C B="1" V="60" P="1"/>
                <D B="2" V="58.7026" P="0.489188"/>
            </CurveTo>
            <LineTo>
                <X B="1" V="60" P="1"/>
                <Y B="2" V="61.2835" P="0.510696"/>
            </LineTo>
            <CurveTo>
                <X B="1" V="5.55792" P="0.092632"/>
                <Y B="2" V="118.07" P="0.983917"/>
                <A B="1" V="60" P="1"/>
                <B B="2" V="61.2835" P="0.510696"/>
                <C B="1" V="5.55792" P="0.092632"/>
                <D B="2" V="118.07" P="0.983917"/>
            </CurveTo>
            <CurveTo>
                <X B="1" V="1.32272" P="0.0220453"/>
                <Y B="2" V="120" P="1"/>
                <A B="1" V="4.02816" P="0.067136"/>
                <B B="2" V="120.314" P="1.00262"/>
                <C B="1" V="1.32272" P="0.0220453"/>
                <D B="2" V="120" P="1"/>
            </CurveTo>
        </Geometry>
    </Geometries>
    <Geometries ID="10" Mode="3" Left="0.22" Top="0.41" Right="0.02" Bottom="0.21" Width="70" Height="100" TailWidth="52" TailHeight="80" Miter="0">
        <Geometry Closed="1">
            <MoveTo>
                <X V="0" P="0" B="1"/>
                <Y P="0.991431" V="99.1431" B="2"/>
            </MoveTo>
            <LineTo>
                <X V="0" P="0" B="1"/>
                <Y P="0.00877001" V="0.877001" B="2"/>
            </LineTo>
            <CurveTo>
                <X P="0.995595" V="69.6916" B="1"/>
                <Y P="0.339443" V="33.9443" B="2"/>
                <A V="0" P="0" B="1"/>
                <B P="0.00877001" V="0.877001" B="2"/>
                <C P="0.634362" V="44.4053" B="1"/>
                <D P="-0.0848163" V="-8.48163" B="2"/>
            </CurveTo>
            <CurveTo>
                <X P="0.735683" V="51.4978" B="1"/>
                <Y P="0.495715" V="49.5715" B="2"/>
                <A P="0.995595" V="69.6916" B="1"/>
                <B P="0.339443" V="33.9443" B="2"/>
                <C P="0.823788" V="57.6652" B="1"/>
                <D P="0.398715" V="39.8715" B="2"/>
            </CurveTo>
            <CurveTo>
                <X P="1" V="70" B="1"/>
                <Y P="0.660758" V="66.0758" B="2"/>
                <A P="0.735683" V="51.4978" B="1"/>
                <B P="0.495715" V="49.5715" B="2"/>
                <C P="0.775331" V="54.2732" B="1"/>
                <D P="0.567171" V="56.7171" B="2"/>
            </CurveTo>
            <CurveTo>
                <X V="0" P="0" B="1"/>
                <Y P="0.991431" V="99.1431" B="2"/>
                <A P="1" V="70" B="1"/>
                <B P="0.660758" V="66.0758" B="2"/>
                <C P="0.629957" V="44.097" B="1"/>
                <D P="1.06318" V="106.318" B="2"/>
            </CurveTo>
        </Geometry>
        <Geometry Closed="1">
            <MoveTo>
                <X P="0.358846" V="25.1192" B="1"/>
                <Y P="0.518386" V="51.8386" B="2"/>
            </MoveTo>
            <CurveTo>
                <X P="0.562086" V="39.346" B="1"/>
                <Y P="0.374464" V="37.4464" B="2"/>
                <A P="0.471093" V="32.9765" B="1"/>
                <B P="0.518386" V="51.8386" B="2"/>
                <C P="0.562086" V="39.346" B="1"/>
                <D P="0.45395" V="45.395" B="2"/>
            </CurveTo>
            <CurveTo>
                <X P="0.358846" V="25.1192" B="1"/>
                <Y P="0.230543" V="23.0543" B="2"/>
                <A P="0.562086" V="39.346" B="1"/>
                <B P="0.294979" V="29.4979" B="2"/>
                <C P="0.471093" V="32.9765" B="1"/>
                <D P="0.230543" V="23.0543" B="2"/>
            </CurveTo>
            <CurveTo>
                <X P="0.155607" V="10.8925" B="1"/>
                <Y P="0.374464" V="37.4464" B="2"/>
                <A P="0.246601" V="17.2621" B="1"/>
                <B P="0.230543" V="23.0543" B="2"/>
                <C P="0.155607" V="10.8925" B="1"/>
                <D P="0.294979" V="29.4979" B="2"/>
            </CurveTo>
            <CurveTo>
                <X P="0.358846" V="25.1192" B="1"/>
                <Y P="0.518386" V="51.8386" B="2"/>
                <A P="0.155607" V="10.8925" B="1"/>
                <B P="0.45395" V="45.395" B="2"/>
                <C P="0.246601" V="17.2621" B="1"/>
                <D P="0.518386" V="51.8386" B="2"/>
            </CurveTo>
        </Geometry>
        <Geometry Closed="1">
            <MoveTo>
                <X P="0.358846" V="25.1192" B="1"/>
                <Y P="0.46375" V="46.375" B="2"/>
            </MoveTo>
            <CurveTo>
                <X P="0.484932" V="33.9452" B="1"/>
                <Y P="0.374464" V="37.4464" B="2"/>
                <A P="0.428481" V="29.9937" B="1"/>
                <B P="0.46375" V="46.375" B="2"/>
                <C P="0.484932" V="33.9452" B="1"/>
                <D P="0.423775" V="42.3775" B="2"/>
            </CurveTo>
            <CurveTo>
                <X P="0.358846" V="25.1192" B="1"/>
                <Y P="0.285179" V="28.5179" B="2"/>
                <A P="0.484932" V="33.9452" B="1"/>
                <B P="0.325153" V="32.5153" B="2"/>
                <C P="0.428481" V="29.9937" B="1"/>
                <D P="0.285179" V="28.5179" B="2"/>
            </CurveTo>
            <CurveTo>
                <X P="0.232761" V="16.2933" B="1"/>
                <Y P="0.374464" V="37.4464" B="2"/>
                <A P="0.289212" V="20.2448" B="1"/>
                <B P="0.285179" V="28.5179" B="2"/>
                <C P="0.232761" V="16.2933" B="1"/>
                <D P="0.325153" V="32.5153" B="2"/>
            </CurveTo>
            <CurveTo>
                <X P="0.358846" V="25.1192" B="1"/>
                <Y P="0.46375" V="46.375" B="2"/>
                <A P="0.232761" V="16.2933" B="1"/>
                <B P="0.423775" V="42.3775" B="2"/>
                <C P="0.289212" V="20.2448" B="1"/>
                <D P="0.46375" V="46.375" B="2"/>
            </CurveTo>
        </Geometry>
        <Geometry  Closed="1">
            <MoveTo>
                <X P="0" B="1" V="0"/>
                <Y P="0" B="2" V="0"/>
            </MoveTo>
            <LineTo>
                <X P="1" B="1" V="100"/>
                <Y P="0" B="2" V="0"/>
            </LineTo>
            <LineTo>
                <X P="1" B="1" V="100"/>
                <Y P="1" B="2" V="10"/>
            </LineTo>
            <LineTo>
                <X P="0" B="1" V="0"/>
                <Y P="1" B="2" V="10"/> 
            </LineTo>
            <LineTo>
                <X P="0" B="1" V="0"/>
                <Y P="0" B="2" V="0"/> 
            </LineTo>
        </Geometry>
        <Geometry  Closed="1">
            <MoveTo>
                <X P="0.480477" V="24.9848" B="1"/>
                <Y P="0.504804" V="40.3843" B="2"/>
            </MoveTo>
            <CurveTo>
                <X V="0" P="0" B="1"/>
                <Y P="0.0202338" V="1.6187" B="2"/>
                <A P="0.480477" V="24.9848" B="1"/>
                <B P="0.504804" V="40.3843" B="2"/>
                <C P="0.0289223" V="1.50396" B="1"/>
                <D P="0.419118" V="33.5294" B="2"/>
            </CurveTo>
            <CurveTo>
                <X P="0.762115" V="39.63" B="1"/>
                <Y P="0.130114" V="10.4091" B="2"/>
                <A P="0.0776148" V="4.03597" B="1"/>
                <B P="-0.0176203" V="-1.40962" B="2"/>
                <C P="0.519095" V="26.9929" B="1"/>
                <D P="-0.0133802" V="-1.07042" B="2"/>
            </CurveTo>
            <CurveTo>
                <X P="1" V="52" B="1"/>
                <Y P="0.507193" V="40.5754" B="2"/>
                <A P="1.00514" V="52.2673" B="1"/>
                <B P="0.273608" V="21.8886" B="2"/>
                <C P="1" V="52" B="1"/>
                <D P="0.492861" V="39.4289" B="2"/>
            </CurveTo>
            <CurveTo>
                <X P="0.762116" V="39.63" B="1"/>
                <Y P="0.870296" V="69.6237" B="2"/>
                <A P="1" V="52" B="1"/>
                <B P="0.521526" V="41.7221" B="2"/>
                <C P="1.00718" V="52.3734" B="1"/>
                <D P="0.724577" V="57.9662" B="2"/>
            </CurveTo>
            <CurveTo>
                <X V="0" P="0" B="1"/>
                <Y P="0.980182" V="78.4146" B="2"/>
                <A P="0.517052" V="26.8867" B="1"/>
                <B P="1.01601" V="81.2808" B="2"/>
                <C P="0.05253" V="2.73156" B="1"/>
                <D P="1.01601" V="81.2808" B="2"/>
            </CurveTo>
            <CurveTo>
                <X P="0.480477" V="24.9848" B="1"/>
                <Y P="0.504804" V="40.3843" B="2"/>
                <A V="0" P="0" B="1"/>
                <B P="0.980182" V="78.4146" B="2"/>
                <C P="0.0122957" V="0.639376" B="1"/>
                <D P="0.593192" V="47.4554" B="2"/>
            </CurveTo>
        </Geometry>
    </Geometries>                          
</ShapeStyles>
