<?xml version="1.0" encoding="utf-8"?>
<Summaries>
    <Geometries Width="12" Height="150" ID="1" Mode="0">
        <Geometry Closed="1">
            <MoveTo>
                <X V="0" B="1" P="0"/>
                <Y V="0" B="2" P="0"/>
            </MoveTo>
            <CurveTo>
                <X P="0.575871" V="6.91045" B="1"/>
                <Y P="0.0627912" V="9.41868" B="2"/>
                <A P="0.600871" V="7.21045" B="1"/>
                <B V="0" B="2" P="0"/>
                <C P="0.575871" V="6.91045" B="1"/>
                <D P="0.0572248" V="8.58372" B="2"/>
            </CurveTo>
            <CurveTo>
                <X P="0.573705" V="6.88446" B="1"/>
                <Y P="0.448027" V="67.204" B="2"/>
                <A P="0.575871" V="6.91045" B="1"/>
                <B P="0.0683588" V="10.2538" B="2"/>
                <C P="0.574914" V="6.89897" B="1"/>
                <D P="0.44093" V="66.1395" B="2"/>
            </CurveTo>
            <CurveTo>
                <X P="1" V="12" B="1"/>
                <Y P="0.5" V="75" B="2"/>
                <A P="0.572498" V="6.86998" B="1"/>
                <B P="0.455125" V="68.2687" B="2"/>
                <C P="0.608889" V="7.30667" B="1"/>
                <D P="0.478936" V="71.8404" B="2"/>
            </CurveTo>
            <CurveTo>
                <X P="0.573705" V="6.88446" B="1"/>
                <Y P="0.550746" V="82.6119" B="2"/>
                <A P="0.609611" V="7.31533" B="1"/>
                <B P="0.519355" V="77.9032" B="2"/>
                <C P="0.573705" V="6.88446" B="1"/>
                <D P="0.544089" V="81.6134" B="2"/>
            </CurveTo>
            <CurveTo>
                <X P="0.575871" V="6.91045" B="1"/>
                <Y P="0.935975" V="140.396" B="2"/>
                <A P="0.573705" V="6.88446" B="1"/>
                <B P="0.557402" V="83.6103" B="2"/>
                <C P="0.575143" V="6.90172" B="1"/>
                <D P="0.931203" V="139.68" B="2"/>
            </CurveTo>
            <CurveTo>
                <X V="0" B="1" P="0"/>
                <Y P="1" V="150" B="2"/>
                <A P="0.565758" V="6.7891" B="1"/>
                <B P="0.984044" V="147.607" B="2"/>
                <C P="0.266498" V="3.19798" B="1"/>
                <D P="1" V="150" B="2"/>
            </CurveTo>
            <CurveTo>
                <X P="0.396009" V="4.75211" B="1"/>
                <Y P="0.939276" V="140.891" B="2"/>
                <A P="0.335973" V="4.03168" B="1"/>
                <B P="0.991898" V="148.785" B="2"/>
                <C P="0.364629" V="4.37555" B="1"/>
                <D P="0.965137" V="144.771" B="2"/>
            </CurveTo>
            <CurveTo>
                <X P="0.396009" V="4.75211" B="1"/>
                <Y P="0.550746" V="82.6119" B="2"/>
                <A P="0.396237" V="4.75484" B="1"/>
                <B P="0.935226" V="140.284" B="2"/>
                <C P="0.396563" V="4.75876" B="1"/>
                <D P="0.554705" V="83.2057" B="2"/>
            </CurveTo>
            <CurveTo>
                <X P="0.880445" V="10.5653" B="1"/>
                <Y P="0.5" V="75" B="2"/>
                <A P="0.395451" V="4.74541" B="1"/>
                <B P="0.546787" V="82.0181" B="2"/>
                <C P="0.400275" V="4.8033" B="1"/>
                <D P="0.514412" V="77.1618" B="2"/>
            </CurveTo>
            <CurveTo>
                <X P="0.396009" V="4.75211" B="1"/>
                <Y P="0.448027" V="67.204" B="2"/>
                <A P="0.400275" V="4.8033" B="1"/>
                <B P="0.48765" V="73.1475" B="2"/>
                <C P="0.396009" V="4.75211" B="1"/>
                <D P="0.453278" V="67.9917" B="2"/>
            </CurveTo>
            <CurveTo>
                <X P="0.396009" V="4.75211" B="1"/>
                <Y P="0.0594964" V="8.92446" B="2"/>
                <A P="0.396009" V="4.75211" B="1"/>
                <B P="0.442776" V="66.4164" B="2"/>
                <C P="0.396009" V="4.75211" B="1"/>
                <D P="0.0629822" V="9.44733" B="2"/>
            </CurveTo>
            <CurveTo>
                <X V="0" B="1" P="0"/>
                <Y V="0" B="2" P="0"/>
                <A P="0.396009" V="4.75211" B="1"/>
                <B P="0.0560103" V="8.40155" B="2"/>
                <C P="0.393286" V="4.71943" B="1"/>
                <D P="0.00735015" V="1.10252" B="2"/>
            </CurveTo>
        </Geometry>
    </Geometries>
    <Geometries Width="12" Height="150" ID="2" Mode="0">
        <Geometry Closed="1">
            <MoveTo>
                <X V="0.0529602" B="1" P="0.00441335"/>
                <Y V="150" B="2" P="1"/>
            </MoveTo>
            <CurveTo>
                <X V="7.01148" B="1" P="0.58429"/>
                <Y V="131.753" B="2" P="0.878351"/>
                <A V="2.19688" B="1" P="0.183073"/>
                <B V="149.151" B="2" P="0.99434"/>
                <C V="5.88018" B="1" P="0.490015"/>
                <D V="145.37" B="2" P="0.969135"/>
            </CurveTo>
            <CurveTo>
                <X V="5.4991" B="1" P="0.458258"/>
                <Y V="109.593" B="2" P="0.730619"/>
                <A V="7.56719" B="1" P="0.630599"/>
                <B V="124.179" B="2" P="0.827862"/>
                <C V="6.61122" B="1" P="0.550935"/>
                <D V="115.451" B="2" P="0.769672"/>
            </CurveTo>
            <CurveTo>
                <X V="4.32799" B="1" P="0.360666"/>
                <Y V="96.9421" B="2" P="0.646281"/>
                <A V="4.40272" B="1" P="0.366893"/>
                <B V="103.735" B="2" P="0.691567"/>
                <C V="4.23964" B="1" P="0.353303"/>
                <D V="100.818" B="2" P="0.672118"/>
            </CurveTo>
            <CurveTo>
                <X V="11.3841" B="1" P="0.948675"/>
                <Y V="75.9628" B="2" P="0.506419"/>
                <A V="4.41635" B="1" P="0.368029"/>
                <B V="93.0667" B="2" P="0.620445"/>
                <C V="5.9083" B="1" P="0.492358"/>
                <D V="83.9444" B="2" P="0.559629"/>
            </CurveTo>
            <CurveTo>
                <X V="12" B="1" P="1"/>
                <Y V="75" B="2" P="0.5"/>
                <A V="11.5879" B="1" P="0.965656"/>
                <B V="75.636" B="2" P="0.50424"/>
                <C V="11.7953" B="1" P="0.982942"/>
                <D V="75.3939" B="2" P="0.502626"/>
            </CurveTo>
            <CurveTo>
                <X V="11.3841" B="1" P="0.948675"/>
                <Y V="74.0371" B="2" P="0.493581"/>
                <A V="11.8867" B="1" P="0.990557"/>
                <B V="74.8085" B="2" P="0.498723"/>
                <C V="11.5554" B="1" P="0.962953"/>
                <D V="74.3216" B="2" P="0.495477"/>
            </CurveTo>
            <CurveTo>
                <X V="4.32799" B="1" P="0.360666"/>
                <Y V="53.0579" B="2" P="0.353719"/>
                <A V="11.2128" B="1" P="0.934397"/>
                <B V="73.7527" B="2" P="0.491685"/>
                <C V="4.7362" B="1" P="0.394683"/>
                <D V="64.4043" B="2" P="0.429362"/>
            </CurveTo>
            <CurveTo>
                <X V="5.4991" B="1" P="0.458258"/>
                <Y V="40.4071" B="2" P="0.269381"/>
                <A V="4.18792" B="1" P="0.348993"/>
                <B V="49.2347" B="2" P="0.328231"/>
                <C V="4.66285" B="1" P="0.388571"/>
                <D V="45.3464" B="2" P="0.302309"/>
            </CurveTo>
            <CurveTo>
                <X V="7.01148" B="1" P="0.58429"/>
                <Y V="18.2473" B="2" P="0.121649"/>
                <A V="6.33534" B="1" P="0.527945"/>
                <B V="35.4681" B="2" P="0.236454"/>
                <C V="7.61466" B="1" P="0.634555"/>
                <D V="28.5659" B="2" P="0.190439"/>
            </CurveTo>
            <CurveTo>
                <X V="0" B="1" P="0"/>
                <Y V="0" B="2" P="0"/>
                <A V="6.40829" B="1" P="0.534024"/>
                <B V="7.92885" B="2" P="0.052859"/>
                <C V="3.34266" B="1" P="0.278555"/>
                <D V="1.2223" B="2" P="0.00814869"/>
            </CurveTo>
            <CurveTo>
                <X V="4.80623" B="1" P="0.400519"/>
                <Y V="26.6041" B="2" P="0.177361"/>
                <A V="4.85492" B="1" P="0.404577"/>
                <B V="4.07681" B="2" P="0.0271787"/>
                <C V="5.34956" B="1" P="0.445797"/>
                <D V="19.6466" B="2" P="0.130977"/>
            </CurveTo>
            <CurveTo>
                <X V="2.50517" B="1" P="0.208764"/>
                <Y V="45.0628" B="2" P="0.300419"/>
                <A V="4.26289" B="1" P="0.355241"/>
                <B V="33.5617" B="2" P="0.223745"/>
                <C V="2.92416" B="1" P="0.24368"/>
                <D V="41.8393" B="2" P="0.278929"/>
            </CurveTo>
            <CurveTo>
                <X V="4.42565" B="1" P="0.368804"/>
                <Y V="63.0582" B="2" P="0.420388"/>
                <A V="2.08619" B="1" P="0.173849"/>
                <B V="48.2865" B="2" P="0.32191"/>
                <C V="1.37798" B="1" P="0.114832"/>
                <D V="54.1269" B="2" P="0.360846"/>
            </CurveTo>
            <CurveTo>
                <X V="11.7285" B="1" P="0.977376"/>
                <Y V="75" B="2" P="0.5"/>
                <A V="7.4733" B="1" P="0.622775"/>
                <B V="71.9895" B="2" P="0.47993"/>
                <C V="11.7285" B="1" P="0.977376"/>
                <D V="75" B="2" P="0.5"/>
            </CurveTo>
            <CurveTo>
                <X V="4.42565" B="1" P="0.368804"/>
                <Y V="86.9418" B="2" P="0.579612"/>
                <A V="11.7285" B="1" P="0.977376"/>
                <B V="75" B="2" P="0.5"/>
                <C V="6.97331" B="1" P="0.581109"/>
                <D V="79.1103" B="2" P="0.527402"/>
            </CurveTo>
            <CurveTo>
                <X V="2.50517" B="1" P="0.208764"/>
                <Y V="105.023" B="2" P="0.70015"/>
                <A V="1.87799" B="1" P="0.156499"/>
                <B V="94.7733" B="2" P="0.631822"/>
                <C V="1.82989" B="1" P="0.152491"/>
                <D V="100.043" B="2" P="0.666951"/>
            </CurveTo>
            <CurveTo>
                <X V="4.80623" B="1" P="0.400519"/>
                <Y V="123.396" B="2" P="0.822639"/>
                <A V="3.18044" B="1" P="0.265037"/>
                <B V="110.002" B="2" P="0.733348"/>
                <C V="4.41635" B="1" P="0.368029"/>
                <D V="117.035" B="2" P="0.780233"/>
            </CurveTo>
            <CurveTo>
                <X V="0.0529602" B="1" P="0.00441335"/>
                <Y V="150" B="2" P="1"/>
                <A V="5.19612" B="1" P="0.43301"/>
                <B V="129.757" B="2" P="0.865044"/>
                <C V="5.21592" B="1" P="0.43466"/>
                <D V="145.554" B="2" P="0.97036"/>
            </CurveTo>
        </Geometry>
    </Geometries>
    <Geometries Width="16" Height="150" ID="3" Mode="0">
        <Geometry Closed="1">
            <MoveTo>
                <X V="0" B="1" P="0"/>
                <Y V="0" B="2" P="0"/>
            </MoveTo>
            <CurveTo>
                <X V="14.1473" B="1" P="0.884208"/>
                <Y V="13.9397" B="2" P="0.0929312"/>
                <A V="0.37812" B="1" P="0.0236325"/>
                <B V="0" B="2" P="0"/>
                <C V="11.6677" B="1" P="0.729229"/>
                <D V="-0.598821" B="2" P="-0.00399214"/>
            </CurveTo>
            <CurveTo>
                <X V="9.48771" B="1" P="0.592982"/>
                <Y V="59.5866" B="2" P="0.397244"/>
                <A V="16.627" B="1" P="1.03919"/>
                <B V="28.4781" B="2" P="0.189854"/>
                <C V="10.07" B="1" P="0.629378"/>
                <D V="44.5303" B="2" P="0.296869"/>
            </CurveTo>
            <CurveTo>
                <X V="16" B="1" P="1"/>
                <Y V="75" B="2" P="0.5"/>
                <A V="8.90536" B="1" P="0.556585"/>
                <B V="74.8081" B="2" P="0.498721"/>
                <C V="15.8069" B="1" P="0.987931"/>
                <D V="74.8081" B="2" P="0.498721"/>
            </CurveTo>
            <CurveTo>
                <X V="9.4877" B="1" P="0.592981"/>
                <Y V="90.5743" B="2" P="0.603829"/>
                <A V="14.8345" B="1" P="0.927156"/>
                <B V="75.4283" B="2" P="0.502855"/>
                <C V="8.97541" B="1" P="0.560963"/>
                <D V="76.085" B="2" P="0.507233"/>
            </CurveTo>
            <CurveTo>
                <X V="14.1473" B="1" P="0.884209"/>
                <Y V="136.098" B="2" P="0.907318"/>
                <A V="9.99997" B="1" P="0.624998"/>
                <B V="105.064" B="2" P="0.700425"/>
                <C V="16.585" B="1" P="1.03656"/>
                <D V="122.07" B="2" P="0.813799"/>
            </CurveTo>
            <CurveTo>
                <X V="0" B="1" P="0"/>
                <Y V="150" B="2" P="1"/>
                <A V="11.7098" B="1" P="0.73186"/>
                <B V="150" B="2" P="1"/>
                <C V="1.63683" B="1" P="0.102302"/>
                <D V="150" B="2" P="1"/>
            </CurveTo>
            <CurveTo>
                <X V="12.068" B="1" P="0.754249"/>
                <Y V="136.221" B="2" P="0.908141"/>
                <A V="7.52715" B="1" P="0.470447"/>
                <B V="148.183" B="2" P="0.987888"/>
                <C V="10.4129" B="1" P="0.650804"/>
                <D V="144.033" B="2" P="0.960218"/>
            </CurveTo>
            <CurveTo>
                <X V="8.92197" B="1" P="0.557623"/>
                <Y V="100.209" B="2" P="0.66806"/>
                <A V="13.7231" B="1" P="0.857694"/>
                <B V="128.41" B="2" P="0.856064"/>
                <C V="10.0667" B="1" P="0.629171"/>
                <D V="108.486" B="2" P="0.723241"/>
            </CurveTo>
            <CurveTo>
                <X V="8.92197" B="1" P="0.557623"/>
                <Y V="81.6472" B="2" P="0.544315"/>
                <A V="7.7772" B="1" P="0.486075"/>
                <B V="91.9316" B="2" P="0.612877"/>
                <C V="7.66608" B="1" P="0.47913"/>
                <D V="86.447" B="2" P="0.576313"/>
            </CurveTo>
            <CurveTo>
                <X V="13.4888" B="1" P="0.843048"/>
                <Y V="75" B="2" P="0.5"/>
                <A V="10.1779" B="1" P="0.636117"/>
                <B V="76.8475" B="2" P="0.512317"/>
                <C V="13.0393" B="1" P="0.814958"/>
                <D V="75.2898" B="2" P="0.501932"/>
            </CurveTo>
            <CurveTo>
                <X V="8.92198" B="1" P="0.557624"/>
                <Y V="68.5137" B="2" P="0.456758"/>
                <A V="13.0393" B="1" P="0.814958"/>
                <B V="74.8136" B="2" P="0.498757"/>
                <C V="10.4148" B="1" P="0.650926"/>
                <D V="73.7967" B="2" P="0.491978"/>
            </CurveTo>
            <CurveTo>
                <X V="8.92198" B="1" P="0.557624"/>
                <Y V="49.952" B="2" P="0.333013"/>
                <A V="7.4291" B="1" P="0.464319"/>
                <B V="63.2302" B="2" P="0.421535"/>
                <C V="8.11008" B="1" P="0.50688"/>
                <D V="56.568" B="2" P="0.37712"/>
            </CurveTo>
            <CurveTo>
                <X V="12.068" B="1" P="0.754248"/>
                <Y V="13.9397" B="2" P="0.0929312"/>
                <A V="9.73387" B="1" P="0.608367"/>
                <B V="43.3359" B="2" P="0.288906"/>
                <C V="13.7881" B="1" P="0.861759"/>
                <D V="22.926" B="2" P="0.15284"/>
            </CurveTo>
            <CurveTo>
                <X V="0" B="1" P="0"/>
                <Y V="0" B="2" P="0"/>
                <A V="10.3478" B="1" P="0.646738"/>
                <B V="4.95329" B="2" P="0.0330219"/>
                <C V="5.41254" B="1" P="0.338284"/>
                <D V="1.47141" B="2" P="0.0098094"/>
            </CurveTo>
        </Geometry>
    </Geometries>
    <Geometries Width="16" Height="150" ID="4" Mode="0">
        <Geometry Closed="1">
            <MoveTo>
                <X V="0" B="1" P="0"/>
                <Y V="0" B="2" P="0"/>
            </MoveTo>
            <CurveTo>
                <X P="0.742267" V="11.8763" B="1"/>
                <Y P="0.0836545" V="12.5482" B="2"/>
                <A P="0.101884" V="1.63014" B="1"/>
                <B V="0" B="2" P="0"/>
                <C P="0.602964" V="9.64742" B="1"/>
                <D V="0" B="2" P="0"/>
            </CurveTo>
            <CurveTo>
                <X P="0.639176" V="10.2268" B="1"/>
                <Y P="0.322496" V="48.3744" B="2"/>
                <A P="0.881573" V="14.1052" B="1"/>
                <B P="0.167274" V="25.0911" B="2"/>
                <C P="0.663632" V="10.6181" B="1"/>
                <D P="0.280305" V="42.0458" B="2"/>
            </CurveTo>
            <CurveTo>
                <X P="1" V="16" B="1"/>
                <Y P="0.501161" V="75.1741" B="2"/>
                <A P="0.614718" V="9.83549" B="1"/>
                <B P="0.364687" V="54.703" B="2"/>
                <C P="0.484536" V="7.75258" B="1"/>
                <D P="0.472711" V="70.9066" B="2"/>
            </CurveTo>
            <CurveTo>
                <X P="0.639176" V="10.2268" B="1"/>
                <Y P="0.677504" V="101.626" B="2"/>
                <A P="0.562936" V="9.00698" B="1"/>
                <B P="0.520159" V="78.0239" B="2"/>
                <C P="0.570058" V="9.12093" B="1"/>
                <D P="0.609406" V="91.4109" B="2"/>
            </CurveTo>
            <CurveTo>
                <X P="0.742267" V="11.8763" B="1"/>
                <Y P="0.916346" V="137.452" B="2"/>
                <A P="0.708293" V="11.3327" B="1"/>
                <B P="0.745603" V="111.84" B="2"/>
                <C P="0.87275" V="13.964" B="1"/>
                <D P="0.846533" V="126.98" B="2"/>
            </CurveTo>
            <CurveTo>
                <X V="0" B="1" P="0"/>
                <Y P="1" V="150" B="2"/>
                <A P="0.611785" V="9.78856" B="1"/>
                <B P="0.986158" V="147.924" B="2"/>
                <C P="0.274488" V="4.39181" B="1"/>
                <D P="1" V="150" B="2"/>
            </CurveTo>
            <CurveTo>
                <X P="0.41237" V="6.59792" B="1"/>
                <Y P="0.908537" V="136.281" B="2"/>
                <A P="0.192583" V="3.08133" B="1"/>
                <B P="0.992338" V="148.851" B="2"/>
                <C P="0.359954" V="5.75926" B="1"/>
                <D P="0.975734" V="146.36" B="2"/>
            </CurveTo>
            <CurveTo>
                <X P="0.237114" V="3.79382" B="1"/>
                <Y P="0.638449" V="95.7674" B="2"/>
                <A P="0.464786" V="7.43658" B="1"/>
                <B P="0.841341" V="126.201" B="2"/>
                <C P="0.206828" V="3.30925" B="1"/>
                <D P="0.742239" V="111.336" B="2"/>
            </CurveTo>
            <CurveTo>
                <X P="0.824742" V="13.1959" B="1"/>
                <Y P="0.501161" V="75.1741" B="2"/>
                <A P="0.2674" V="4.2784" B="1"/>
                <B P="0.53466" V="80.199" B="2"/>
                <C P="0.523764" V="8.38022" B="1"/>
                <D P="0.51964" V="77.946" B="2"/>
            </CurveTo>
            <CurveTo>
                <X P="0.237114" V="3.79382" B="1"/>
                <Y P="0.361551" V="54.2326" B="2"/>
                <A P="0.711782" V="11.3885" B="1"/>
                <B P="0.487856" V="73.1784" B="2"/>
                <C P="0.250345" V="4.00552" B="1"/>
                <D P="0.482595" V="72.3893" B="2"/>
            </CurveTo>
            <CurveTo>
                <X P="0.41237" V="6.59792" B="1"/>
                <Y P="0.0914626" V="13.7194" B="2"/>
                <A P="0.223881" V="3.5821" B="1"/>
                <B P="0.240509" V="36.0763" B="2"/>
                <C P="0.466218" V="7.45949" B="1"/>
                <D P="0.160502" V="24.0753" B="2"/>
            </CurveTo>
            <CurveTo>
                <X V="0" B="1" P="0"/>
                <Y V="0" B="2" P="0"/>
                <A P="0.358524" V="5.73638" B="1"/>
                <B P="0.0224237" V="3.36356" B="2"/>
                <C P="0.189931" V="3.0389" B="1"/>
                <D P="0.00734994" V="1.10249" B="2"/>
            </CurveTo>
        </Geometry>
    </Geometries>
    <Geometries Width="12" Height="150" ID="5" Mode="0">
        <Geometry Closed="0" NoFill="1">
            <MoveTo>
                <X V="0" B="1" P="0"/>
                <Y V="0" B="2" P="0"/>
            </MoveTo>
            <CurveTo>
                <X V="6.60636" B="1" P="0.55053"/>
                <Y V="16.9284" B="2" P="0.112856"/>
                <A V="0" B="1" P="0"/>
                <B V="0" B="2" P="0"/>
                <C V="5.23921" B="1" P="0.436601"/>
                <D V="-0.193533" B="2" P="-0.00129022"/>
            </CurveTo>
            <CurveTo>
                <X V="5.85209" B="1" P="0.487674"/>
                <Y V="58.3318" B="2" P="0.388879"/>
                <A V="7.97351" B="1" P="0.664459"/>
                <B V="34.0502" B="2" P="0.227001"/>
                <C V="4.68984" B="1" P="0.39082"/>
                <D V="44.8134" B="2" P="0.298756"/>
            </CurveTo>
            <CurveTo>
                <X V="12" B="1" P="1"/>
                <Y V="75" B="2" P="0.5"/>
                <A V="7.01432" B="1" P="0.584527"/>
                <B V="71.8504" B="2" P="0.479003"/>
                <C V="12" B="1" P="1"/>
                <D V="75" B="2" P="0.5"/>
            </CurveTo>
            <CurveTo>
                <X V="5.85209" B="1" P="0.487674"/>
                <Y V="91.6878" B="2" P="0.611252"/>
                <A V="12" B="1" P="1"/>
                <B V="75" B="2" P="0.5"/>
                <C V="7.07591" B="1" P="0.589659"/>
                <D V="77.7664" B="2" P="0.518443"/>
            </CurveTo>
            <CurveTo>
                <X V="6.60636" B="1" P="0.55053"/>
                <Y V="133.091" B="2" P="0.887276"/>
                <A V="4.62827" B="1" P="0.385689"/>
                <B V="105.609" B="2" P="0.704061"/>
                <C V="8.00981" B="1" P="0.667484"/>
                <D V="116.029" B="2" P="0.773527"/>
            </CurveTo>
            <CurveTo>
                <X V="0" B="1" P="0"/>
                <Y V="150" B="2" P="1"/>
                <A V="5.20291" B="1" P="0.433576"/>
                <B V="150.153" B="2" P="1.00102"/>
                <C V="0" B="1" P="0"/>
                <D V="150" B="2" P="1"/>
            </CurveTo>
        </Geometry>
    </Geometries>
    <Geometries Width="12" Height="150" ID="6" Mode="0">
        <Geometry Closed="0" NoFill="1">
            <MoveTo>
                <X V="0.0846226" B="1" P="0.00705188"/>
                <Y V="0" B="2" P="0"/>
            </MoveTo>
            <CurveTo>
                <X V="5.87555" B="1" P="0.489629"/>
                <Y V="9.47478" B="2" P="0.0631652"/>
                <A V="5.96711" B="1" P="0.497259"/>
                <B V="0" B="2" P="0"/>
                <C V="5.87555" B="1" P="0.489629"/>
                <D V="9.47478" B="2" P="0.0631652"/>
            </CurveTo>
            <LineTo>
                <X V="5.87555" B="1" P="0.489629"/>
                <Y V="66.8985" B="2" P="0.44599"/>
            </LineTo>
            <CurveTo>
                <X V="12" B="1" P="1"/>
                <Y V="75" B="2" P="0.5"/>
                <A V="5.87555" B="1" P="0.489629"/>
                <B V="66.8985" B="2" P="0.44599"/>
                <C V="6.85937" B="1" P="0.571614"/>
                <D V="75" B="2" P="0.5"/>
            </CurveTo>
            <CurveTo>
                <X V="5.87555" B="1" P="0.489629"/>
                <Y V="83.1015" B="2" P="0.55401"/>
                <A V="6.85937" B="1" P="0.571614"/>
                <B V="75.3495" B="2" P="0.50233"/>
                <C V="5.87555" B="1" P="0.489629"/>
                <D V="83.1015" B="2" P="0.55401"/>
            </CurveTo>
            <LineTo>
                <X V="5.87555" B="1" P="0.489629"/>
                <Y V="140.525" B="2" P="0.936831"/>
            </LineTo>
            <CurveTo>
                <X V="0" B="1" P="0"/>
                <Y V="150" B="2" P="1"/>
                <A V="5.87555" B="1" P="0.489629"/>
                <B V="140.525" B="2" P="0.936831"/>
                <C V="5.76188" B="1" P="0.480157"/>
                <D V="150" B="2" P="1"/>
            </CurveTo>
        </Geometry>
    </Geometries>
    <Geometries Width="12" Height="150" ID="7" Mode="0">
        <Geometry Closed="0" NoFill="1">
            <MoveTo>
                <X V="0" B="1" P="0"/>
                <Y V="0" B="2" P="0"/>
            </MoveTo>
            <LineTo>
                <X V="6" B="5" P="0.5"/>
                <Y V="6" B="5" P="0.5"/>
            </LineTo>
            <LineTo>
                <X V="6" B="1" P="0.5"/>
                <Y V="70" B="2" P="0.46667"/>
            </LineTo>
            <LineTo>
                <X V="12" B="1" P="1"/>
                <Y V="75" B="2" P="0.5"/>
            </LineTo>
            <LineTo>
                <X V="6" B="1" P="0.5"/>
                <Y V="80" B="2" P="0.53333"/>
            </LineTo>
            <LineTo>
                <X V="6" B="6" P="0.5"/>
                <Y V="144" B="7" P="0.5"/>
            </LineTo>
            <LineTo>
                <X V="0" B="1" P="0"/>
                <Y V="150" B="2" P="1"/>
            </LineTo>
        </Geometry>
    </Geometries>
    <Geometries Width="12" Height="150" ID="8" Mode="0">
        <Geometry Closed="0" NoFill="1">
            <MoveTo>
                <X V="0" B="1" P="0"/>
                <Y V="0" B="2" P="0"/>
            </MoveTo>
            <LineTo>
                <X V="6" B="1" P="0.5"/>
                <Y V="0" B="2" P="0"/>
            </LineTo>
            <LineTo>
                <X V="6" B="1" P="0.5"/>
                <Y V="70" B="2" P="0.46667"/>
            </LineTo>
            <LineTo>
                <X V="12" B="1" P="1"/>
                <Y V="75" B="2" P="0.5"/>
            </LineTo>
            <LineTo>
                <X V="6" B="1" P="0.5"/>
                <Y V="80" B="2" P="0.53333"/>
            </LineTo>
            <LineTo>
                <X V="6" B="1" P="0.5"/>
                <Y V="150" B="2" P="1"/>
            </LineTo>
            <LineTo>
                <X V="0" B="1" P="0"/>
                <Y V="150" B="2" P="1"/>
            </LineTo>
        </Geometry>
    </Geometries>
    <Geometries Width="12" Height="150" ID="9" Mode="0">
        <Geometry Closed="0" NoFill="1">
            <MoveTo>
                <X V="0" B="1" P="0"/>
                <Y V="0" B="2" P="0"/>
            </MoveTo>
            <LineTo>
                <X P="1" V="12" B="1"/>
                <Y P="0.5" V="75" B="2"/>
            </LineTo>
            <LineTo>
                <X V="0" B="1" P="0"/>
                <Y P="1" V="150" B="2"/>
            </LineTo>
        </Geometry>
    </Geometries>
    <Geometries Width="16" Height="150" ID="10" Mode="0">
        <Geometry Closed="0" NoFill="1">
            <MoveTo>
                <X V="0" B="1" P="0"/>
                <Y V="0" B="2" P="0"/>
            </MoveTo>
            <CurveTo>
                <X P="0.75" V="12" B="1"/>
                <Y P="0.5" V="75" B="2"/>
                <A P="0.8" V="12.8" B="1"/>
                <B P="0.02" V="3" B="2"/>
                <C P="0.75" V="12" B="1"/>
                <D P="0.45" V="67.5" B="2"/>
            </CurveTo>
            <LineTo>
                <X P="1" V="16" B="1"/>
                <Y P="0.5" V="75" B="2"/>
            </LineTo>
            <LineTo>
                <X P="0.75" V="12" B="1"/>
                <Y P="0.5" V="75" B="2"/>
            </LineTo>
            <CurveTo>
                <X V="0" B="1" P="0"/>
                <Y P="1" V="150" B="2"/>
                <A P="0.75" V="12" B="1"/>
                <B P="0.55" V="82.5" B="2"/>
                <C P="0.8" V="12.8" B="1"/>
                <D P="0.98" V="147" B="2"/>
            </CurveTo>
        </Geometry>
    </Geometries>
</Summaries>
