<?xml version="1.0" encoding="utf-8"?>
<Lib NameU="Environmental Protection">
    <Elem Name="To save water" Prompt="To save water" NameU="To save water" PromptU="To save water"/>
    <Elem Name="earth" Prompt="earth" NameU="earth" PromptU="earth"/>
    <Elem Name="Energy-saving lamps" Prompt="Energy-saving lamps" NameU="Energy-saving lamps" PromptU="Energy-saving lamps"/>
    <Elem Name="Energy-saving lamps1" Prompt="Energy-saving lamps1" NameU="Energy-saving lamps1" PromptU="Energy-saving lamps1"/>
    <Elem Name="electric car" Prompt="electric car" NameU="electric car" PromptU="electric car"/>
    <Elem Name="sun" Prompt="sun" NameU="sun" PromptU="sun"/>
    <Elem Name="trash" Prompt="trash" NameU="trash" PromptU="trash"/>
    <Elem Name="trash1" Prompt="trash1" NameU="trash1" PromptU="trash1"/>
    <Elem Name="bicycle" Prompt="bicycle" NameU="bicycle" PromptU="bicycle"/>
    <Elem Name="Environmentally friendly housing" Prompt="Environmentally friendly housing" NameU="Environmentally friendly housing" PromptU="Environmentally friendly housing"/>
    <Elem Name="solar energy" Prompt="solar energy" NameU="solar energy" PromptU="solar energy"/>
    <Elem Name="wind" Prompt="wind" NameU="wind" PromptU="wind"/>
    <Elem Name="wind1" Prompt="wind1" NameU="wind1" PromptU="wind1"/>
    <Elem Name="Environmental protection bags" Prompt="Environmental protection bags" NameU="Environmental protection bags" PromptU="Environmental protection bags"/>
    <Elem Name="water cycle" Prompt="water cycle" NameU="water cycle" PromptU="water cycle"/>
    <Elem Name="Water mark" Prompt="Water mark" NameU="Water mark" PromptU="Water mark"/>
    <Elem Name="Environmental label" Prompt="Environmental label" NameU="Environmental label" PromptU="Environmental label"/>
    <Elem Name="prize" Prompt="prize" NameU="prize" PromptU="prize"/>
    <Elem Name="Environmental protection logo" Prompt="Environmental protection logo" NameU="Environmental protection logo" PromptU="Environmental protection logo"/>
    <Elem Name="Environmental protection logo1" Prompt="Environmental protection logo1" NameU="Environmental protection logo1" PromptU="Environmental protection logo1"/>
    <Elem Name="smoke1" Prompt="smoke1" NameU="smoke1" PromptU="smoke1"/>
    <Elem Name="light smoke" Prompt="light smoke" NameU="light smoke" PromptU="light smoke"/>
    <Elem Name="ladder" Prompt="ladder" NameU="ladder" PromptU="ladder"/>
    <Elem Name="sink1" Prompt="sink1" NameU="sink1" PromptU="sink1"/>
    <Elem Name="sink" Prompt="sink" NameU="sink" PromptU="sink"/>
    <Elem Name="factory" Prompt="factory" NameU="factory" PromptU="factory"/>
    <Elem Name="Recycling label" Prompt="Recycling label" NameU="Recycling label" PromptU="Recycling label"/>
    <Elem Name="cloud" Prompt="cloud" NameU="cloud" PromptU="cloud"/>
    <Elem Name="trees" Prompt="trees" NameU="trees" PromptU="trees"/>
    <Elem Name="cactus" Prompt="cactus" NameU="cactus" PromptU="cactus"/>
    <Elem Name="Environmental protection box" Prompt="Environmental protection box" NameU="Environmental protection box" PromptU="Environmental protection box"/>
    <Elem Name="sign" Prompt="sign" NameU="sign" PromptU="sign"/>
    <Elem Name="Hot air balloon" Prompt="Hot air balloon" NameU="Hot air balloon" PromptU="Hot air balloon"/>
    <Elem Name="Recycled paper" Prompt="Recycled paper" NameU="Recycled paper" PromptU="Recycled paper"/>
    <Elem Name="battery" Prompt="battery" NameU="battery" PromptU="battery"/>
    <Elem Name="chimney" Prompt="chimney" NameU="chimney" PromptU="chimney"/>
    <Elem Name="Office building" Prompt="Office building" NameU="Office building" PromptU="Office building"/>
    <Elem Name="school" Prompt="school" NameU="school" PromptU="school"/>
    <Elem Name="crane" Prompt="crane" NameU="crane" PromptU="crane"/>
    <Elem Name="environmental protection" Prompt="environmental protection" NameU="environmental protection" PromptU="environmental protection"/>
    <Elem Name="faucet" Prompt="faucet" NameU="faucet" PromptU="faucet"/>
    <Elem Name="Recycling bottle" Prompt="Recycling bottle" NameU="Recycling bottle" PromptU="Recycling bottle"/>
</Lib>
