<?xml version="1.0" encoding="utf-8"?>
<Lib NameU="Medical">
    <Elem Name="Brain" Prompt="Brain" NameU="Brain" PromptU="Brain"/>
    <Elem Name="DNA" Prompt="DNA" NameU="DNA" PromptU="DNA"/>
    <Elem Name="Electrocardiogram" Prompt="Electrocardiogram" NameU="Electrocardiogram" PromptU="Electrocardiogram"/>
    <Elem Name="molecular structure" Prompt="molecular structure" NameU="molecular structure" PromptU="molecular structure"/>
    <Elem Name="fetus" Prompt="fetus" NameU="fetus" PromptU="fetus"/>
    <Elem Name="family" Prompt="family" NameU="family" PromptU="family"/>
    <Elem Name="microscope" Prompt="microscope" NameU="microscope" PromptU="microscope"/>
    <Elem Name="Medical records" Prompt="Medical records" NameU="Medical records" PromptU="Medical records"/>
    <Elem Name="ambulance" Prompt="ambulance" NameU="ambulance" PromptU="ambulance"/>
    <Elem Name="sickbed" Prompt="sickbed" NameU="sickbed" PromptU="sickbed"/>
    <Elem Name="scale" Prompt="scale" NameU="scale" PromptU="scale"/>
    <Elem Name="Rehabilitation equipment1" Prompt="Rehabilitation equipment1" NameU="Rehabilitation equipment1" PromptU="Rehabilitation equipment1"/>
    <Elem Name="infusion" Prompt="infusion" NameU="infusion" PromptU="infusion"/>
    <Elem Name="Rehabilitation equipment" Prompt="Rehabilitation equipment" NameU="Rehabilitation equipment" PromptU="Rehabilitation equipment"/>
    <Elem Name="wheelchair" Prompt="wheelchair" NameU="wheelchair" PromptU="wheelchair"/>
    <Elem Name="cane1" Prompt="cane1" NameU="cane1" PromptU="cane1"/>
    <Elem Name="cane" Prompt="cane" NameU="cane" PromptU="cane"/>
    <Elem Name="In vitro" Prompt="In vitro" NameU="In vitro" PromptU="In vitro"/>
    <Elem Name="test" Prompt="test" NameU="test" PromptU="test"/>
    <Elem Name="thermometer" Prompt="thermometer" NameU="thermometer" PromptU="thermometer"/>
    <Elem Name="hospital" Prompt="hospital" NameU="hospital" PromptU="hospital"/>
    <Elem Name="capsule" Prompt="capsule" NameU="capsule" PromptU="capsule"/>
    <Elem Name="pills" Prompt="pills" NameU="pills" PromptU="pills"/>
    <Elem Name="respirator" Prompt="respirator" NameU="respirator" PromptU="respirator"/>
    <Elem Name="First aid kit" Prompt="First aid kit" NameU="First aid kit" PromptU="First aid kit"/>
    <Elem Name="needle" Prompt="needle" NameU="needle" PromptU="needle"/>
    <Elem Name="im" Prompt="im" NameU="im" PromptU="im"/>
    <Elem Name="ear" Prompt="ear" NameU="ear" PromptU="ear"/>
    <Elem Name="spleen" Prompt="spleen" NameU="spleen" PromptU="spleen"/>
    <Elem Name="stomach" Prompt="stomach" NameU="stomach" PromptU="stomach"/>
    <Elem Name="lung" Prompt="lung" NameU="lung" PromptU="lung"/>
    <Elem Name="liver" Prompt="liver" NameU="liver" PromptU="liver"/>
    <Elem Name="heart" Prompt="heart" NameU="heart" PromptU="heart"/>
    <Elem Name="nurse cap" Prompt="nurse cap" NameU="nurse cap" PromptU="nurse cap"/>
    <Elem Name="stethoscope" Prompt="stethoscope" NameU="stethoscope" PromptU="stethoscope"/>
    <Elem Name="teeth" Prompt="teeth" NameU="teeth" PromptU="teeth"/>
    <Elem Name="Barrier logo" Prompt="Barrier logo" NameU="Barrier logo" PromptU="Barrier logo"/>
    <Elem Name="hazard" Prompt="hazard" NameU="hazard" PromptU="hazard"/>
    <Elem Name="sickbed1" Prompt="sickbed1" NameU="sickbed1" PromptU="sickbed1"/>
    <Elem Name="virus" Prompt="virus" NameU="virus" PromptU="virus"/>
    <Elem Name="bottle" Prompt="bottle" NameU="bottle" PromptU="bottle"/>
    <Elem Name="Electrocardiogram1" Prompt="Electrocardiogram1" NameU="Electrocardiogram1" PromptU="Electrocardiogram1"/>
    <Elem Name="doctor" Prompt="doctor" NameU="doctor" PromptU="doctor"/>
    <Elem Name="virus1" Prompt="virus1" NameU="virus1" PromptU="virus1"/>
    <Elem Name="X-ray" Prompt="X-ray" NameU="X-ray" PromptU="X-ray"/>
    <Elem Name="nurse" Prompt="nurse" NameU="nurse" PromptU="nurse"/>
</Lib>
