<?xml version="1.0" encoding="utf-8"?>
<Lib NameU="Professions">
    <Elem Name="Female employee" Prompt="Female employee" NameU="Female employee" PromptU="Female employee"/>
    <Elem Name="Woman teacher" Prompt="Woman teacher" NameU="Woman teacher" PromptU="Woman teacher"/>
    <Elem Name="Basketball player" Prompt="Basketball player" NameU="Basketball player" PromptU="Basketball player"/>
    <Elem Name="Female graduates" Prompt="Female graduates" NameU="Female graduates" PromptU="Female graduates"/>
    <Elem Name="Female doctors" Prompt="Female doctors" NameU="Female doctors" PromptU="Female doctors"/>
    <Elem Name="Male doctor" Prompt="Male doctor" NameU="Male doctor" PromptU="Male doctor"/>
    <Elem Name="Dentist" Prompt="Dentist" NameU="Dentist" PromptU="Dentist"/>
    <Elem Name="Chef" Prompt="Chef" NameU="Chef" PromptU="Chef"/>
    <Elem Name="President" Prompt="President" NameU="President" PromptU="President"/>
    <Elem Name="Programmer" Prompt="Programmer" NameU="Programmer" PromptU="Programmer"/>
    <Elem Name="Student" Prompt="Student" NameU="Student" PromptU="Student"/>
    <Elem Name="Customer service" Prompt="Customer service" NameU="Customer service" PromptU="Customer service"/>
    <Elem Name="Male clerk" Prompt="Male clerk" NameU="Male clerk" PromptU="Male clerk"/>
    <Elem Name="Hairstylist" Prompt="Hairstylist" NameU="Hairstylist" PromptU="Hairstylist"/>
    <Elem Name="Father Christmas" Prompt="Father Christmas" NameU="Father Christmas" PromptU="Father Christmas"/>
    <Elem Name="Priest" Prompt="Priest" NameU="Priest" PromptU="Priest"/>
    <Elem Name="Lawyer" Prompt="Lawyer" NameU="Lawyer" PromptU="Lawyer"/>
    <Elem Name="Worker" Prompt="Worker" NameU="Worker" PromptU="Worker"/>
    <Elem Name="Police" Prompt="Police" NameU="Police" PromptU="Police"/>
    <Elem Name="Mother" Prompt="Mother" NameU="Mother" PromptU="Mother"/>
    <Elem Name="Rapper" Prompt="Rapper" NameU="Rapper" PromptU="Rapper"/>
    <Elem Name="Girl student" Prompt="Girl student" NameU="Girl student" PromptU="Girl student"/>
</Lib>
