<?xml version="1.0" encoding="utf-8"?>
<Lib NameU="Road Sign">
    <Elem Name="No straight and right turns" Prompt="No straight and right turns" NameU="No straight and right turns" PromptU="No straight and right turns"/>
    <Elem Name="No straight and left turns" Prompt="No straight and left turns" NameU="No straight and left turns" PromptU="No straight and left turns"/>
    <Elem Name="No U-Turn" Prompt="No U-Turn" NameU="No U-Turn" PromptU="No U-Turn"/>
    <Elem Name="No turning to the left" Prompt="No turning to the left" NameU="No turning to the left" PromptU="No turning to the left"/>
    <Elem Name="No turning to the right" Prompt="No turning to the right" NameU="No turning to the right" PromptU="No turning to the right"/>
    <Elem Name="No pedestrians allowed" Prompt="No pedestrians allowed" NameU="No pedestrians allowed" PromptU="No pedestrians allowed"/>
    <Elem Name="No Overtaking" Prompt="No Overtaking" NameU="No Overtaking" PromptU="No Overtaking"/>
    <Elem Name="Do Not Enter" Prompt="Do Not Enter" NameU="Do Not Enter" PromptU="Do Not Enter"/>
    <Elem Name="No turning left or right" Prompt="No turning left or right" NameU="No turning left or right" PromptU="No turning left or right"/>
    <Elem Name="禁止自行车通行" Prompt="禁止自行车通行" NameU="禁止自行车通行" PromptU="禁止自行车通行"/>
    <Elem Name="No Motor Vehicles" Prompt="No Motor Vehicles" NameU="No Motor Vehicles" PromptU="No Motor Vehicles"/>
    <Elem Name="No truck allowed" Prompt="No truck allowed" NameU="No truck allowed" PromptU="No truck allowed"/>
    <Elem Name="Two-way traffic" Prompt="Two-way traffic" NameU="Two-way traffic" PromptU="Two-way traffic"/>
    <Elem Name="Crossroads ahead" Prompt="Crossroads ahead" NameU="Crossroads ahead" PromptU="Crossroads ahead"/>
    <Elem Name="Right side auxiliary" Prompt="Right side auxiliary" NameU="Right side auxiliary" PromptU="Right side auxiliary"/>
    <Elem Name="Left side auxiliary" Prompt="Left side auxiliary" NameU="Left side auxiliary" PromptU="Left side auxiliary"/>
    <Elem Name="Traffic lights" Prompt="Traffic lights" NameU="Traffic lights" PromptU="Traffic lights"/>
    <Elem Name="There are wires overhead" Prompt="There are wires overhead" NameU="There are wires overhead" PromptU="There are wires overhead"/>
    <Elem Name="T intersection" Prompt="T intersection" NameU="T intersection" PromptU="T intersection"/>
    <Elem Name="Y-intersection" Prompt="Y-intersection" NameU="Y-intersection" PromptU="Y-intersection"/>
    <Elem Name="Hump bridge ahead" Prompt="Hump bridge ahead" NameU="Hump bridge ahead" PromptU="Hump bridge ahead"/>
    <Elem Name="Dangerous" Prompt="Dangerous" NameU="Dangerous" PromptU="Dangerous"/>
    <Elem Name="Beware of falling" Prompt="Beware of falling" NameU="Beware of falling" PromptU="Beware of falling"/>
    <Elem Name="Attention non-motor vehicle" Prompt="Attention non-motor vehicle" NameU="Attention non-motor vehicle" PromptU="Attention non-motor vehicle"/>
    <Elem Name="Roundabout" Prompt="Roundabout" NameU="Roundabout" PromptU="Roundabout"/>
    <Elem Name="On both sides of the narrow" Prompt="On both sides of the narrow" NameU="On both sides of the narrow" PromptU="On both sides of the narrow"/>
    <Elem Name="Hump bridge" Prompt="Hump bridge" NameU="Hump bridge" PromptU="Hump bridge"/>
    <Elem Name="Watch the horseman" Prompt="Watch the horseman" NameU="Watch the horseman" PromptU="Watch the horseman"/>
    <Elem Name="Height limit warning" Prompt="Height limit warning" NameU="Height limit warning" PromptU="Height limit warning"/>
    <Elem Name="DANGER! Falling Rocks" Prompt="DANGER! Falling Rocks" NameU="DANGER! Falling Rocks" PromptU="DANGER! Falling Rocks"/>
    <Elem Name="CAUTION! Slippery Surface" Prompt="CAUTION! Slippery Surface" NameU="CAUTION! Slippery Surface" PromptU="CAUTION! Slippery Surface"/>
    <Elem Name="Watch for Children" Prompt="Watch for Children" NameU="Watch for Children" PromptU="Watch for Children"/>
    <Elem Name="Watch livestock - sheep" Prompt="Watch livestock - sheep" NameU="Watch livestock - sheep" PromptU="Watch livestock - sheep"/>
    <Elem Name="Watch livestock - cattle" Prompt="Watch livestock - cattle" NameU="Watch livestock - cattle" PromptU="Watch livestock - cattle"/>
    <Elem Name="The steep slope" Prompt="The steep slope" NameU="The steep slope" PromptU="The steep slope"/>
    <Elem Name="On a steep slope" Prompt="On a steep slope" NameU="On a steep slope" PromptU="On a steep slope"/>
    <Elem Name="Pay attention to the danger" Prompt="Pay attention to the danger" NameU="Pay attention to the danger" PromptU="Pay attention to the danger"/>
    <Elem Name="Cross the road" Prompt="Cross the road" NameU="Cross the road" PromptU="Cross the road"/>
    <Elem Name="Yield to main road traffic" Prompt="Yield to main road traffic" NameU="Yield to main road traffic" PromptU="Yield to main road traffic"/>
    <Elem Name="Detour" Prompt="Detour" NameU="Detour" PromptU="Detour"/>
    <Elem Name="Winding road" Prompt="Winding road" NameU="Winding road" PromptU="Winding road"/>
    <Elem Name="Two-way mark" Prompt="Two-way mark" NameU="Two-way mark" PromptU="Two-way mark"/>
    <Elem Name="Ferry" Prompt="Ferry" NameU="Ferry" PromptU="Ferry"/>
    <Elem Name="Attention lamp" Prompt="Attention lamp" NameU="Attention lamp" PromptU="Attention lamp"/>
    <Elem Name="Pay attention to the pedestrian" Prompt="Pay attention to the pedestrian" NameU="Pay attention to the pedestrian" PromptU="Pay attention to the pedestrian"/>
    <Elem Name="Road construction" Prompt="Road construction" NameU="Road construction" PromptU="Road construction"/>
    <Elem Name="Backup" Prompt="Backup" NameU="Backup" PromptU="Backup"/>
    <Elem Name="Slow down to give way" Prompt="Slow down to give way" NameU="Slow down to give way" PromptU="Slow down to give way"/>
    <Elem Name="Fork symbols" Prompt="Fork symbols" NameU="Fork symbols" PromptU="Fork symbols"/>
    <Elem Name="Stop to give way" Prompt="Stop to give way" NameU="Stop to give way" PromptU="Stop to give way"/>
    <Elem Name="Do not enter" Prompt="Do not enter" NameU="Do not enter" PromptU="Do not enter"/>
    <Elem Name="No thoroughfare" Prompt="No thoroughfare" NameU="No thoroughfare" PromptU="No thoroughfare"/>
    <Elem Name="Pedestrian Prohibited" Prompt="Pedestrian Prohibited" NameU="Pedestrian Prohibited" PromptU="Pedestrian Prohibited"/>
    <Elem Name="No vehicles carrying more than 8 passengers (including drivers)" Prompt="No vehicles carrying more than 8 passengers (including drivers)" NameU="No vehicles carrying more than 8 passengers (including drivers)" PromptU="No vehicles carrying more than 8 passengers (including drivers)"/>
    <Elem Name="No towing/trailers allowed" Prompt="No towing/trailers allowed" NameU="No towing/trailers allowed" PromptU="No towing/trailers allowed"/>
    <Elem Name="No truck carrying more than the weight shown on the drawing (metric ton)" Prompt="No truck carrying more than the weight shown on the drawing (metric ton)" NameU="No truck carrying more than the weight shown on the drawing (metric ton)" PromptU="No truck carrying more than the weight shown on the drawing (metric ton)"/>
    <Elem Name="Restricted length (feet)" Prompt="Restricted length (feet)" NameU="Restricted length (feet)" PromptU="Restricted length (feet)"/>
    <Elem Name="No non-motor vehicles allowed" Prompt="No non-motor vehicles allowed" NameU="No non-motor vehicles allowed" PromptU="No non-motor vehicles allowed"/>
    <Elem Name="No motorcycles allowed" Prompt="No motorcycles allowed" NameU="No motorcycles allowed" PromptU="No motorcycles allowed"/>
    <Elem Name="No rickshaws allowed" Prompt="No rickshaws allowed" NameU="No rickshaws allowed" PromptU="No rickshaws allowed"/>
    <Elem Name="No motor vehicles allowed - except motorcycles" Prompt="No motor vehicles allowed - except motorcycles" NameU="No motor vehicles allowed - except motorcycles" PromptU="No motor vehicles allowed - except motorcycles"/>
    <Elem Name="No motor vehicles allowed" Prompt="No motor vehicles allowed" NameU="No motor vehicles allowed" PromptU="No motor vehicles allowed"/>
    <Elem Name="Do not pass" Prompt="Do not pass" NameU="Do not pass" PromptU="Do not pass"/>
    <Elem Name="Transport of dangerous goods is prohibited" Prompt="Transport of dangerous goods is prohibited" NameU="Transport of dangerous goods is prohibited" PromptU="Transport of dangerous goods is prohibited"/>
    <Elem Name="No U-Turn" Prompt="No U-Turn" NameU="No U-Turn" PromptU="No U-Turn"/>
    <Elem Name="No parking" Prompt="No parking" NameU="No parking" PromptU="No parking"/>
    <Elem Name="No turning to the left" Prompt="No turning to the left" NameU="No turning to the left" PromptU="No turning to the left"/>
    <Elem Name="No turning to the right" Prompt="No turning to the right" NameU="No turning to the right" PromptU="No turning to the right"/>
    <Elem Name="Speed limits" Prompt="Speed limits" NameU="Speed limits" PromptU="Speed limits"/>
    <Elem Name="Limit height" Prompt="Limit height" NameU="Limit height" PromptU="Limit height"/>
    <Elem Name="Limit the width" Prompt="Limit the width" NameU="Limit the width" PromptU="Limit the width"/>
    <Elem Name="Prolonged parking is prohibited" Prompt="Prolonged parking is prohibited" NameU="Prolonged parking is prohibited" PromptU="Prolonged parking is prohibited"/>
    <Elem Name="Weight limit" Prompt="Weight limit" NameU="Weight limit" PromptU="Weight limit"/>
    <Elem Name="Driving around the island" Prompt="Driving around the island" NameU="Driving around the island" PromptU="Driving around the island"/>
    <Elem Name="Non-motorized driving" Prompt="Non-motorized driving" NameU="Non-motorized driving" PromptU="Non-motorized driving"/>
    <Elem Name="On the right road" Prompt="On the right road" NameU="On the right road" PromptU="On the right road"/>
    <Elem Name="Turning to the right" Prompt="Turning to the right" NameU="Turning to the right" PromptU="Turning to the right"/>
    <Elem Name="Pedestrians share lanes with non-motor vehicles" Prompt="Pedestrians share lanes with non-motor vehicles" NameU="Pedestrians share lanes with non-motor vehicles" PromptU="Pedestrians share lanes with non-motor vehicles"/>
    <Elem Name="Separation of pedestrian and non-motor vehicle lane" Prompt="Separation of pedestrian and non-motor vehicle lane" NameU="Separation of pedestrian and non-motor vehicle lane" PromptU="Separation of pedestrian and non-motor vehicle lane"/>
    <Elem Name="Minimum speed" Prompt="Minimum speed" NameU="Minimum speed" PromptU="Minimum speed"/>
    <Elem Name="Gas station" Prompt="Gas station" NameU="Gas station" PromptU="Gas station"/>
    <Elem Name="Hotel" Prompt="Hotel" NameU="Hotel" PromptU="Hotel"/>
    <Elem Name="Pavement" Prompt="Pavement" NameU="Pavement" PromptU="Pavement"/>
    <Elem Name="Bathroom" Prompt="Bathroom" NameU="Bathroom" PromptU="Bathroom"/>
    <Elem Name="Catering" Prompt="Catering" NameU="Catering" PromptU="Catering"/>
    <Elem Name="Parking" Prompt="Parking" NameU="Parking" PromptU="Parking"/>
    <Elem Name="Emergency call" Prompt="Emergency call" NameU="Emergency call" PromptU="Emergency call"/>
</Lib>
