<?xml version="1.0" encoding="UTF-8" standalone="yes"?>
<w:numbering xmlns:wpc="http://schemas.microsoft.com/office/word/2010/wordprocessingCanvas" xmlns:cx="http://schemas.microsoft.com/office/drawing/2014/chartex" xmlns:cx1="http://schemas.microsoft.com/office/drawing/2015/9/8/chartex" xmlns:cx2="http://schemas.microsoft.com/office/drawing/2015/10/21/chartex" xmlns:cx3="http://schemas.microsoft.com/office/drawing/2016/5/9/chartex" xmlns:cx4="http://schemas.microsoft.com/office/drawing/2016/5/10/chartex" xmlns:cx5="http://schemas.microsoft.com/office/drawing/2016/5/11/chartex" xmlns:mc="http://schemas.openxmlformats.org/markup-compatibility/2006" xmlns:o="urn:schemas-microsoft-com:office:office" xmlns:r="http://schemas.openxmlformats.org/officeDocument/2006/relationships" xmlns:m="http://schemas.openxmlformats.org/officeDocument/2006/math" xmlns:v="urn:schemas-microsoft-com:vml" xmlns:wp14="http://schemas.microsoft.com/office/word/2010/wordprocessingDrawing" xmlns:wp="http://schemas.openxmlformats.org/drawingml/2006/wordprocessingDrawing" xmlns:w10="urn:schemas-microsoft-com:office:word" xmlns:w="http://schemas.openxmlformats.org/wordprocessingml/2006/main" xmlns:w14="http://schemas.microsoft.com/office/word/2010/wordml" xmlns:w15="http://schemas.microsoft.com/office/word/2012/wordml" xmlns:w16se="http://schemas.microsoft.com/office/word/2015/wordml/symex" xmlns:wpg="http://schemas.microsoft.com/office/word/2010/wordprocessingGroup" xmlns:wpi="http://schemas.microsoft.com/office/word/2010/wordprocessingInk" xmlns:wne="http://schemas.microsoft.com/office/word/2006/wordml" xmlns:wps="http://schemas.microsoft.com/office/word/2010/wordprocessingShape" mc:Ignorable="w14 w15 w16se wp14"><w:abstractNum w:abstractNumId="0" w15:restartNumberingAfterBreak="0"><w:nsid w:val="1F4668A9"/><w:multiLevelType w:val="hybridMultilevel"/><w:tmpl w:val="E6888E78"/><w:lvl w:ilvl="0" w:tplc="1E5ACBF0"><w:start w:val="1"/><w:numFmt w:val="upperRoman"/><w:lvlText w:val="%1."/><w:lvlJc w:val="right"/><w:pPr><w:tabs><w:tab w:val="num" w:pos="720"/></w:tabs><w:ind w:left="720" w:hanging="360"/></w:pPr></w:lvl><w:lvl w:ilvl="1" w:tplc="36E2D44C" w:tentative="1"><w:start w:val="1"/><w:numFmt w:val="upperRoman"/><w:lvlText w:val="%2."/><w:lvlJc w:val="right"/><w:pPr><w:tabs><w:tab w:val="num" w:pos="1440"/></w:tabs><w:ind w:left="1440" w:hanging="360"/></w:pPr></w:lvl><w:lvl w:ilvl="2" w:tplc="EDB00ABA" w:tentative="1"><w:start w:val="1"/><w:numFmt w:val="upperRoman"/><w:lvlText w:val="%3."/><w:lvlJc w:val="right"/><w:pPr><w:tabs><w:tab w:val="num" w:pos="2160"/></w:tabs><w:ind w:left="2160" w:hanging="360"/></w:pPr></w:lvl><w:lvl w:ilvl="3" w:tplc="CDA00646" w:tentative="1"><w:start w:val="1"/><w:numFmt w:val="upperRoman"/><w:lvlText w:val="%4."/><w:lvlJc w:val="right"/><w:pPr><w:tabs><w:tab w:val="num" w:pos="2880"/></w:tabs><w:ind w:left="2880" w:hanging="360"/></w:pPr></w:lvl><w:lvl w:ilvl="4" w:tplc="2C2AA03E" w:tentative="1"><w:start w:val="1"/><w:numFmt w:val="upperRoman"/><w:lvlText w:val="%5."/><w:lvlJc w:val="right"/><w:pPr><w:tabs><w:tab w:val="num" w:pos="3600"/></w:tabs><w:ind w:left="3600" w:hanging="360"/></w:pPr></w:lvl><w:lvl w:ilvl="5" w:tplc="D2185D8A" w:tentative="1"><w:start w:val="1"/><w:numFmt w:val="upperRoman"/><w:lvlText w:val="%6."/><w:lvlJc w:val="right"/><w:pPr><w:tabs><w:tab w:val="num" w:pos="4320"/></w:tabs><w:ind w:left="4320" w:hanging="360"/></w:pPr></w:lvl><w:lvl w:ilvl="6" w:tplc="E222CD90" w:tentative="1"><w:start w:val="1"/><w:numFmt w:val="upperRoman"/><w:lvlText w:val="%7."/><w:lvlJc w:val="right"/><w:pPr><w:tabs><w:tab w:val="num" w:pos="5040"/></w:tabs><w:ind w:left="5040" w:hanging="360"/></w:pPr></w:lvl><w:lvl w:ilvl="7" w:tplc="900CC9F6" w:tentative="1"><w:start w:val="1"/><w:numFmt w:val="upperRoman"/><w:lvlText w:val="%8."/><w:lvlJc w:val="right"/><w:pPr><w:tabs><w:tab w:val="num" w:pos="5760"/></w:tabs><w:ind w:left="5760" w:hanging="360"/></w:pPr></w:lvl><w:lvl w:ilvl="8" w:tplc="96047AC2" w:tentative="1"><w:start w:val="1"/><w:numFmt w:val="upperRoman"/><w:lvlText w:val="%9."/><w:lvlJc w:val="right"/><w:pPr><w:tabs><w:tab w:val="num" w:pos="6480"/></w:tabs><w:ind w:left="6480" w:hanging="360"/></w:pPr></w:lvl></w:abstractNum><w:abstractNum w:abstractNumId="1" w15:restartNumberingAfterBreak="0"><w:nsid w:val="609E4B18"/><w:multiLevelType w:val="hybridMultilevel"/><w:tmpl w:val="4C526E38"/><w:lvl w:ilvl="0" w:tplc="F56E0D64"><w:start w:val="1"/><w:numFmt w:val="upperRoman"/><w:lvlText w:val="%1."/><w:lvlJc w:val="right"/><w:pPr><w:tabs><w:tab w:val="num" w:pos="720"/></w:tabs><w:ind w:left="720" w:hanging="360"/></w:pPr></w:lvl><w:lvl w:ilvl="1" w:tplc="2DD21D6A"><w:start w:val="1"/><w:numFmt w:val="upperRoman"/><w:lvlText w:val="%2."/><w:lvlJc w:val="right"/><w:pPr><w:tabs><w:tab w:val="num" w:pos="1440"/></w:tabs><w:ind w:left="1440" w:hanging="360"/></w:pPr></w:lvl><w:lvl w:ilvl="2" w:tplc="D056248A"><w:start w:val="1"/><w:numFmt w:val="upperRoman"/><w:lvlText w:val="%3."/><w:lvlJc w:val="right"/><w:pPr><w:tabs><w:tab w:val="num" w:pos="2160"/></w:tabs><w:ind w:left="2160" w:hanging="360"/></w:pPr></w:lvl><w:lvl w:ilvl="3" w:tplc="17F4729C"><w:start w:val="1"/><w:numFmt w:val="upperRoman"/><w:lvlText w:val="%4."/><w:lvlJc w:val="right"/><w:pPr><w:tabs><w:tab w:val="num" w:pos="2880"/></w:tabs><w:ind w:left="2880" w:hanging="360"/></w:pPr></w:lvl><w:lvl w:ilvl="4" w:tplc="3A8442CA" w:tentative="1"><w:start w:val="1"/><w:numFmt w:val="upperRoman"/><w:lvlText w:val="%5."/><w:lvlJc w:val="right"/><w:pPr><w:tabs><w:tab w:val="num" w:pos="3600"/></w:tabs><w:ind w:left="3600" w:hanging="360"/></w:pPr></w:lvl><w:lvl w:ilvl="5" w:tplc="B9C430F6" w:tentative="1"><w:start w:val="1"/><w:numFmt w:val="upperRoman"/><w:lvlText w:val="%6."/><w:lvlJc w:val="right"/><w:pPr><w:tabs><w:tab w:val="num" w:pos="4320"/></w:tabs><w:ind w:left="4320" w:hanging="360"/></w:pPr></w:lvl><w:lvl w:ilvl="6" w:tplc="D8306610" w:tentative="1"><w:start w:val="1"/><w:numFmt w:val="upperRoman"/><w:lvlText w:val="%7."/><w:lvlJc w:val="right"/><w:pPr><w:tabs><w:tab w:val="num" w:pos="5040"/></w:tabs><w:ind w:left="5040" w:hanging="360"/></w:pPr></w:lvl><w:lvl w:ilvl="7" w:tplc="DB468C7E" w:tentative="1"><w:start w:val="1"/><w:numFmt w:val="upperRoman"/><w:lvlText w:val="%8."/><w:lvlJc w:val="right"/><w:pPr><w:tabs><w:tab w:val="num" w:pos="5760"/></w:tabs><w:ind w:left="5760" w:hanging="360"/></w:pPr></w:lvl><w:lvl w:ilvl="8" w:tplc="22B857A6" w:tentative="1"><w:start w:val="1"/><w:numFmt w:val="upperRoman"/><w:lvlText w:val="%9."/><w:lvlJc w:val="right"/><w:pPr><w:tabs><w:tab w:val="num" w:pos="6480"/></w:tabs><w:ind w:left="6480" w:hanging="360"/></w:pPr></w:lvl></w:abstractNum><w:abstractNum w:abstractNumId="2" w15:restartNumberingAfterBreak="0"><w:nsid w:val="6B846512"/><w:multiLevelType w:val="hybridMultilevel"/><w:tmpl w:val="DE8646D2"/><w:lvl w:ilvl="0" w:tplc="38E62118"><w:start w:val="1"/><w:numFmt w:val="lowerLetter"/><w:lvlText w:val="%1"/><w:lvlJc w:val="left"/><w:pPr><w:tabs><w:tab w:val="num" w:pos="720"/></w:tabs><w:ind w:left="720" w:hanging="360"/></w:pPr><w:rPr><w:rFonts w:hint="eastAsia"/></w:rPr></w:lvl><w:lvl w:ilvl="1" w:tplc="2DD21D6A"><w:start w:val="1"/><w:numFmt w:val="upperRoman"/><w:lvlText w:val="%2."/><w:lvlJc w:val="right"/><w:pPr><w:tabs><w:tab w:val="num" w:pos="1440"/></w:tabs><w:ind w:left="1440" w:hanging="360"/></w:pPr></w:lvl><w:lvl w:ilvl="2" w:tplc="D056248A"><w:start w:val="1"/><w:numFmt w:val="upperRoman"/><w:lvlText w:val="%3."/><w:lvlJc w:val="right"/><w:pPr><w:tabs><w:tab w:val="num" w:pos="2160"/></w:tabs><w:ind w:left="2160" w:hanging="360"/></w:pPr></w:lvl><w:lvl w:ilvl="3" w:tplc="17F4729C"><w:start w:val="1"/><w:numFmt w:val="upperRoman"/><w:lvlText w:val="%4."/><w:lvlJc w:val="right"/><w:pPr><w:tabs><w:tab w:val="num" w:pos="2880"/></w:tabs><w:ind w:left="2880" w:hanging="360"/></w:pPr></w:lvl><w:lvl w:ilvl="4" w:tplc="3A8442CA" w:tentative="1"><w:start w:val="1"/><w:numFmt w:val="upperRoman"/><w:lvlText w:val="%5."/><w:lvlJc w:val="right"/><w:pPr><w:tabs><w:tab w:val="num" w:pos="3600"/></w:tabs><w:ind w:left="3600" w:hanging="360"/></w:pPr></w:lvl><w:lvl w:ilvl="5" w:tplc="B9C430F6" w:tentative="1"><w:start w:val="1"/><w:numFmt w:val="upperRoman"/><w:lvlText w:val="%6."/><w:lvlJc w:val="right"/><w:pPr><w:tabs><w:tab w:val="num" w:pos="4320"/></w:tabs><w:ind w:left="4320" w:hanging="360"/></w:pPr></w:lvl><w:lvl w:ilvl="6" w:tplc="D8306610" w:tentative="1"><w:start w:val="1"/><w:numFmt w:val="upperRoman"/><w:lvlText w:val="%7."/><w:lvlJc w:val="right"/><w:pPr><w:tabs><w:tab w:val="num" w:pos="5040"/></w:tabs><w:ind w:left="5040" w:hanging="360"/></w:pPr></w:lvl><w:lvl w:ilvl="7" w:tplc="DB468C7E" w:tentative="1"><w:start w:val="1"/><w:numFmt w:val="upperRoman"/><w:lvlText w:val="%8."/><w:lvlJc w:val="right"/><w:pPr><w:tabs><w:tab w:val="num" w:pos="5760"/></w:tabs><w:ind w:left="5760" w:hanging="360"/></w:pPr></w:lvl><w:lvl w:ilvl="8" w:tplc="22B857A6" w:tentative="1"><w:start w:val="1"/><w:numFmt w:val="upperRoman"/><w:lvlText w:val="%9."/><w:lvlJc w:val="right"/><w:pPr><w:tabs><w:tab w:val="num" w:pos="6480"/></w:tabs><w:ind w:left="6480" w:hanging="360"/></w:pPr></w:lvl></w:abstractNum><w:abstractNum w:abstractNumId="3" w15:restartNumberingAfterBreak="0"><w:nsid w:val="74CE55AB"/><w:multiLevelType w:val="hybridMultilevel"/><w:tmpl w:val="96107D02"/><w:lvl w:ilvl="0" w:tplc="A6C8B296"><w:start w:val="1"/><w:numFmt w:val="lowerRoman"/><w:lvlText w:val="%1."/><w:lvlJc w:val="right"/><w:pPr><w:ind w:left="420" w:hanging="420"/></w:pPr><w:rPr><w:rFonts w:hint="eastAsia"/></w:rPr></w:lvl><w:lvl w:ilvl="1" w:tplc="04090019" w:tentative="1"><w:start w:val="1"/><w:numFmt w:val="lowerLetter"/><w:lvlText w:val="%2)"/><w:lvlJc w:val="left"/><w:pPr><w:ind w:left="840" w:hanging="420"/></w:pPr></w:lvl><w:lvl w:ilvl="2" w:tplc="0409001B" w:tentative="1"><w:start w:val="1"/><w:numFmt w:val="lowerRoman"/><w:lvlText w:val="%3."/><w:lvlJc w:val="right"/><w:pPr><w:ind w:left="1260" w:hanging="420"/></w:pPr></w:lvl><w:lvl w:ilvl="3" w:tplc="0409000F" w:tentative="1"><w:start w:val="1"/><w:numFmt w:val="decimal"/><w:lvlText w:val="%4."/><w:lvlJc w:val="left"/><w:pPr><w:ind w:left="1680" w:hanging="420"/></w:pPr></w:lvl><w:lvl w:ilvl="4" w:tplc="04090019" w:tentative="1"><w:start w:val="1"/><w:numFmt w:val="lowerLetter"/><w:lvlText w:val="%5)"/><w:lvlJc w:val="left"/><w:pPr><w:ind w:left="2100" w:hanging="420"/></w:pPr></w:lvl><w:lvl w:ilvl="5" w:tplc="0409001B" w:tentative="1"><w:start w:val="1"/><w:numFmt w:val="lowerRoman"/><w:lvlText w:val="%6."/><w:lvlJc w:val="right"/><w:pPr><w:ind w:left="2520" w:hanging="420"/></w:pPr></w:lvl><w:lvl w:ilvl="6" w:tplc="0409000F" w:tentative="1"><w:start w:val="1"/><w:numFmt w:val="decimal"/><w:lvlText w:val="%7."/><w:lvlJc w:val="left"/><w:pPr><w:ind w:left="2940" w:hanging="420"/></w:pPr></w:lvl><w:lvl w:ilvl="7" w:tplc="04090019" w:tentative="1"><w:start w:val="1"/><w:numFmt w:val="lowerLetter"/><w:lvlText w:val="%8)"/><w:lvlJc w:val="left"/><w:pPr><w:ind w:left="3360" w:hanging="420"/></w:pPr></w:lvl><w:lvl w:ilvl="8" w:tplc="0409001B" w:tentative="1"><w:start w:val="1"/><w:numFmt w:val="lowerRoman"/><w:lvlText w:val="%9."/><w:lvlJc w:val="right"/><w:pPr><w:ind w:left="3780" w:hanging="420"/></w:pPr></w:lvl></w:abstractNum><w:abstractNum w:abstractNumId="4" w15:restartNumberingAfterBreak="0"><w:nsid w:val="7A8E7DFF"/><w:multiLevelType w:val="hybridMultilevel"/><w:tmpl w:val="E23808AC"/><w:lvl w:ilvl="0" w:tplc="04090015"><w:start w:val="1"/><w:numFmt w:val="upperLetter"/><w:lvlText w:val="%1."/><w:lvlJc w:val="left"/><w:pPr><w:ind w:left="780" w:hanging="420"/></w:pPr></w:lvl><w:lvl w:ilvl="1" w:tplc="04090019" w:tentative="1"><w:start w:val="1"/><w:numFmt w:val="lowerLetter"/><w:lvlText w:val="%2)"/><w:lvlJc w:val="left"/><w:pPr><w:ind w:left="1200" w:hanging="420"/></w:pPr></w:lvl><w:lvl w:ilvl="2" w:tplc="0409001B" w:tentative="1"><w:start w:val="1"/><w:numFmt w:val="lowerRoman"/><w:lvlText w:val="%3."/><w:lvlJc w:val="right"/><w:pPr><w:ind w:left="1620" w:hanging="420"/></w:pPr></w:lvl><w:lvl w:ilvl="3" w:tplc="0409000F" w:tentative="1"><w:start w:val="1"/><w:numFmt w:val="decimal"/><w:lvlText w:val="%4."/><w:lvlJc w:val="left"/><w:pPr><w:ind w:left="2040" w:hanging="420"/></w:pPr></w:lvl><w:lvl w:ilvl="4" w:tplc="04090019" w:tentative="1"><w:start w:val="1"/><w:numFmt w:val="lowerLetter"/><w:lvlText w:val="%5)"/><w:lvlJc w:val="left"/><w:pPr><w:ind w:left="2460" w:hanging="420"/></w:pPr></w:lvl><w:lvl w:ilvl="5" w:tplc="0409001B" w:tentative="1"><w:start w:val="1"/><w:numFmt w:val="lowerRoman"/><w:lvlText w:val="%6."/><w:lvlJc w:val="right"/><w:pPr><w:ind w:left="2880" w:hanging="420"/></w:pPr></w:lvl><w:lvl w:ilvl="6" w:tplc="0409000F" w:tentative="1"><w:start w:val="1"/><w:numFmt w:val="decimal"/><w:lvlText w:val="%7."/><w:lvlJc w:val="left"/><w:pPr><w:ind w:left="3300" w:hanging="420"/></w:pPr></w:lvl><w:lvl w:ilvl="7" w:tplc="04090019" w:tentative="1"><w:start w:val="1"/><w:numFmt w:val="lowerLetter"/><w:lvlText w:val="%8)"/><w:lvlJc w:val="left"/><w:pPr><w:ind w:left="3720" w:hanging="420"/></w:pPr></w:lvl><w:lvl w:ilvl="8" w:tplc="0409001B" w:tentative="1"><w:start w:val="1"/><w:numFmt w:val="lowerRoman"/><w:lvlText w:val="%9."/><w:lvlJc w:val="right"/><w:pPr><w:ind w:left="4140" w:hanging="420"/></w:pPr></w:lvl></w:abstractNum><w:num w:numId="1"><w:abstractNumId w:val="0"/></w:num><w:num w:numId="2"><w:abstractNumId w:val="1"/></w:num><w:num w:numId="3"><w:abstractNumId w:val="3"/></w:num><w:num w:numId="4"><w:abstractNumId w:val="2"/></w:num><w:num w:numId="5"><w:abstractNumId w:val="4"/></w:num></w:numbering>