<?xml version="1.0" encoding="UTF-8" standalone="yes"?>
<w:styles xmlns:mc="http://schemas.openxmlformats.org/markup-compatibility/2006" xmlns:r="http://schemas.openxmlformats.org/officeDocument/2006/relationships" xmlns:w="http://schemas.openxmlformats.org/wordprocessingml/2006/main" xmlns:w14="http://schemas.microsoft.com/office/word/2010/wordml" xmlns:w15="http://schemas.microsoft.com/office/word/2012/wordml" mc:Ignorable="w14 w15"><w:docDefaults><w:rPrDefault><w:rPr><w:rFonts w:ascii="Times New Roman" w:eastAsiaTheme="minorEastAsia" w:hAnsi="Times New Roman" w:cs="Times New Roman"/><w:lang w:val="en-US" w:eastAsia="zh-CN" w:bidi="ar-SA"/></w:rPr></w:rPrDefault><w:pPrDefault/></w:docDefaults><w:latentStyles w:defLockedState="0" w:defUIPriority="0" w:defSemiHidden="0" w:defUnhideWhenUsed="0" w:defQFormat="0" w:count="371"><w:lsdException w:name="Normal" w:qFormat="1"/><w:lsdException w:name="heading 1" w:qFormat="1"/><w:lsdException w:name="heading 2" w:qFormat="1"/><w:lsdException w:name="heading 3" w:qFormat="1"/><w:lsdException w:name="heading 4" w:qFormat="1"/><w:lsdException w:name="heading 5" w:qFormat="1"/><w:lsdException w:name="heading 6" w:qFormat="1"/><w:lsdException w:name="heading 7" w:semiHidden="1" w:unhideWhenUsed="1" w:qFormat="1"/><w:lsdException w:name="heading 8" w:semiHidden="1" w:unhideWhenUsed="1" w:qFormat="1"/><w:lsdException w:name="heading 9" w:semiHidden="1" w:unhideWhenUsed="1" w:qFormat="1"/><w:lsdException w:name="toc 1" w:uiPriority="39"/><w:lsdException w:name="toc 2" w:uiPriority="39"/><w:lsdException w:name="toc 3" w:uiPriority="39"/><w:lsdException w:name="caption" w:semiHidden="1" w:unhideWhenUsed="1" w:qFormat="1"/><w:lsdException w:name="Title" w:qFormat="1"/><w:lsdException w:name="Subtitle" w:qFormat="1"/><w:lsdException w:name="Hyperlink" w:uiPriority="99"/><w:lsdException w:name="Strong" w:qFormat="1"/><w:lsdException w:name="Emphasis" w:qFormat="1"/><w:lsdException w:name="Normal Table" w:semiHidden="1" w:unhideWhenUsed="1"/><w:lsdException w:name="Table Simple 1" w:semiHidden="1" w:unhideWhenUsed="1"/><w:lsdException w:name="Table Simple 2" w:semiHidden="1" w:unhideWhenUsed="1"/><w:lsdException w:name="Table Simple 3" w:semiHidden="1" w:unhideWhenUsed="1"/><w:lsdException w:name="Table Classic 1" w:semiHidden="1" w:unhideWhenUsed="1"/><w:lsdException w:name="Table Classic 2" w:semiHidden="1" w:unhideWhenUsed="1"/><w:lsdException w:name="Table Classic 3" w:semiHidden="1" w:unhideWhenUsed="1"/><w:lsdException w:name="Table Classic 4" w:semiHidden="1" w:unhideWhenUsed="1"/><w:lsdException w:name="Table Colorful 1" w:semiHidden="1" w:unhideWhenUsed="1"/><w:lsdException w:name="Table Colorful 2" w:semiHidden="1" w:unhideWhenUsed="1"/><w:lsdException w:name="Table Colorful 3" w:semiHidden="1" w:unhideWhenUsed="1"/><w:lsdException w:name="Table Columns 1" w:semiHidden="1" w:unhideWhenUsed="1"/><w:lsdException w:name="Table Columns 2" w:semiHidden="1" w:unhideWhenUsed="1"/><w:lsdException w:name="Table Columns 3" w:semiHidden="1" w:unhideWhenUsed="1"/><w:lsdException w:name="Table Columns 4" w:semiHidden="1" w:unhideWhenUsed="1"/><w:lsdException w:name="Table Columns 5" w:semiHidden="1" w:unhideWhenUsed="1"/><w:lsdException w:name="Table Grid 1" w:semiHidden="1" w:unhideWhenUsed="1"/><w:lsdException w:name="Table Grid 2" w:semiHidden="1" w:unhideWhenUsed="1"/><w:lsdException w:name="Table Grid 3" w:semiHidden="1" w:unhideWhenUsed="1"/><w:lsdException w:name="Table Grid 4" w:semiHidden="1" w:unhideWhenUsed="1"/><w:lsdException w:name="Table Grid 5" w:semiHidden="1" w:unhideWhenUsed="1"/><w:lsdException w:name="Table Grid 6" w:semiHidden="1" w:unhideWhenUsed="1"/><w:lsdException w:name="Table Grid 7" w:semiHidden="1" w:unhideWhenUsed="1"/><w:lsdException w:name="Table Grid 8" w:semiHidden="1" w:unhideWhenUsed="1"/><w:lsdException w:name="Table List 1" w:semiHidden="1" w:unhideWhenUsed="1"/><w:lsdException w:name="Table List 2" w:semiHidden="1" w:unhideWhenUsed="1"/><w:lsdException w:name="Table List 3" w:semiHidden="1" w:unhideWhenUsed="1"/><w:lsdException w:name="Table List 4" w:semiHidden="1" w:unhideWhenUsed="1"/><w:lsdException w:name="Table List 5" w:semiHidden="1" w:unhideWhenUsed="1"/><w:lsdException w:name="Table List 6" w:semiHidden="1" w:unhideWhenUsed="1"/><w:lsdException w:name="Table List 7" w:semiHidden="1" w:unhideWhenUsed="1"/><w:lsdException w:name="Table List 8" w:semiHidden="1" w:unhideWhenUsed="1"/><w:lsdException w:name="Table 3D effects 1" w:semiHidden="1" w:unhideWhenUsed="1"/><w:lsdException w:name="Table 3D effects 2" w:semiHidden="1" w:unhideWhenUsed="1"/><w:lsdException w:name="Table 3D effects 3" w:semiHidden="1" w:unhideWhenUsed="1"/><w:lsdException w:name="Table Contemporary" w:semiHidden="1" w:unhideWhenUsed="1"/><w:lsdException w:name="Table Elegant" w:semiHidden="1" w:unhideWhenUsed="1"/><w:lsdException w:name="Table Professional" w:semiHidden="1" w:unhideWhenUsed="1"/><w:lsdException w:name="Table Subtle 1" w:semiHidden="1" w:unhideWhenUsed="1"/><w:lsdException w:name="Table Subtle 2" w:semiHidden="1" w:unhideWhenUsed="1"/><w:lsdException w:name="Table Web 1" w:semiHidden="1" w:unhideWhenUsed="1"/><w:lsdException w:name="Table Web 2" w:semiHidden="1" w:unhideWhenUsed="1"/><w:lsdException w:name="Table Web 3" w:semiHidden="1" w:unhideWhenUsed="1"/><w:lsdException w:name="Table Theme" w:semiHidden="1" w:unhideWhenUsed="1"/><w:lsdException w:name="Placeholder Text" w:semiHidden="1" w:uiPriority="99"/><w:lsdException w:name="No Spacing" w:uiPriority="1" w:qFormat="1"/><w:lsdException w:name="Light Shading" w:uiPriority="60"/><w:lsdException w:name="Light List" w:uiPriority="61"/><w:lsdException w:name="Light Grid" w:uiPriority="62"/><w:lsdException w:name="Medium Shading 1" w:uiPriority="63"/><w:lsdException w:name="Medium Shading 2" w:uiPriority="64"/><w:lsdException w:name="Medium List 1" w:uiPriority="65"/><w:lsdException w:name="Medium List 2" w:uiPriority="66"/><w:lsdException w:name="Medium Grid 1" w:uiPriority="67"/><w:lsdException w:name="Medium Grid 2" w:uiPriority="68"/><w:lsdException w:name="Medium Grid 3" w:uiPriority="69"/><w:lsdException w:name="Dark List" w:uiPriority="70"/><w:lsdException w:name="Colorful Shading" w:uiPriority="71"/><w:lsdException w:name="Colorful List" w:uiPriority="72"/><w:lsdException w:name="Colorful Grid" w:uiPriority="73"/><w:lsdException w:name="Light Shading Accent 1" w:uiPriority="60"/><w:lsdException w:name="Light List Accent 1" w:uiPriority="61"/><w:lsdException w:name="Light Grid Accent 1" w:uiPriority="62"/><w:lsdException w:name="Medium Shading 1 Accent 1" w:uiPriority="63"/><w:lsdException w:name="Medium Shading 2 Accent 1" w:uiPriority="64"/><w:lsdException w:name="Medium List 1 Accent 1" w:uiPriority="65"/><w:lsdException w:name="Revision" w:semiHidden="1" w:uiPriority="99"/><w:lsdException w:name="List Paragraph" w:uiPriority="34" w:qFormat="1"/><w:lsdException w:name="Quote" w:uiPriority="29" w:qFormat="1"/><w:lsdException w:name="Intense Quote" w:uiPriority="30" w:qFormat="1"/><w:lsdException w:name="Medium List 2 Accent 1" w:uiPriority="66"/><w:lsdException w:name="Medium Grid 1 Accent 1" w:uiPriority="67"/><w:lsdException w:name="Medium Grid 2 Accent 1" w:uiPriority="68"/><w:lsdException w:name="Medium Grid 3 Accent 1" w:uiPriority="69"/><w:lsdException w:name="Dark List Accent 1" w:uiPriority="70"/><w:lsdException w:name="Colorful Shading Accent 1" w:uiPriority="71"/><w:lsdException w:name="Colorful List Accent 1" w:uiPriority="72"/><w:lsdException w:name="Colorful Grid Accent 1" w:uiPriority="73"/><w:lsdException w:name="Light Shading Accent 2" w:uiPriority="60"/><w:lsdException w:name="Light List Accent 2" w:uiPriority="61"/><w:lsdException w:name="Light Grid Accent 2" w:uiPriority="62"/><w:lsdException w:name="Medium Shading 1 Accent 2" w:uiPriority="63"/><w:lsdException w:name="Medium Shading 2 Accent 2" w:uiPriority="64"/><w:lsdException w:name="Medium List 1 Accent 2" w:uiPriority="65"/><w:lsdException w:name="Medium List 2 Accent 2" w:uiPriority="66"/><w:lsdException w:name="Medium Grid 1 Accent 2" w:uiPriority="67"/><w:lsdException w:name="Medium Grid 2 Accent 2" w:uiPriority="68"/><w:lsdException w:name="Medium Grid 3 Accent 2" w:uiPriority="69"/><w:lsdException w:name="Dark List Accent 2" w:uiPriority="70"/><w:lsdException w:name="Colorful Shading Accent 2" w:uiPriority="71"/><w:lsdException w:name="Colorful List Accent 2" w:uiPriority="72"/><w:lsdException w:name="Colorful Grid Accent 2" w:uiPriority="73"/><w:lsdException w:name="Light Shading Accent 3" w:uiPriority="60"/><w:lsdException w:name="Light List Accent 3" w:uiPriority="61"/><w:lsdException w:name="Light Grid Accent 3" w:uiPriority="62"/><w:lsdException w:name="Medium Shading 1 Accent 3" w:uiPriority="63"/><w:lsdException w:name="Medium Shading 2 Accent 3" w:uiPriority="64"/><w:lsdException w:name="Medium List 1 Accent 3" w:uiPriority="65"/><w:lsdException w:name="Medium List 2 Accent 3" w:uiPriority="66"/><w:lsdException w:name="Medium Grid 1 Accent 3" w:uiPriority="67"/><w:lsdException w:name="Medium Grid 2 Accent 3" w:uiPriority="68"/><w:lsdException w:name="Medium Grid 3 Accent 3" w:uiPriority="69"/><w:lsdException w:name="Dark List Accent 3" w:uiPriority="70"/><w:lsdException w:name="Colorful Shading Accent 3" w:uiPriority="71"/><w:lsdException w:name="Colorful List Accent 3" w:uiPriority="72"/><w:lsdException w:name="Colorful Grid Accent 3" w:uiPriority="73"/><w:lsdException w:name="Light Shading Accent 4" w:uiPriority="60"/><w:lsdException w:name="Light List Accent 4" w:uiPriority="61"/><w:lsdException w:name="Light Grid Accent 4" w:uiPriority="62"/><w:lsdException w:name="Medium Shading 1 Accent 4" w:uiPriority="63"/><w:lsdException w:name="Medium Shading 2 Accent 4" w:uiPriority="64"/><w:lsdException w:name="Medium List 1 Accent 4" w:uiPriority="65"/><w:lsdException w:name="Medium List 2 Accent 4" w:uiPriority="66"/><w:lsdException w:name="Medium Grid 1 Accent 4" w:uiPriority="67"/><w:lsdException w:name="Medium Grid 2 Accent 4" w:uiPriority="68"/><w:lsdException w:name="Medium Grid 3 Accent 4" w:uiPriority="69"/><w:lsdException w:name="Dark List Accent 4" w:uiPriority="70"/><w:lsdException w:name="Colorful Shading Accent 4" w:uiPriority="71"/><w:lsdException w:name="Colorful List Accent 4" w:uiPriority="72"/><w:lsdException w:name="Colorful Grid Accent 4" w:uiPriority="73"/><w:lsdException w:name="Light Shading Accent 5" w:uiPriority="60"/><w:lsdException w:name="Light List Accent 5" w:uiPriority="61"/><w:lsdException w:name="Light Grid Accent 5" w:uiPriority="62"/><w:lsdException w:name="Medium Shading 1 Accent 5" w:uiPriority="63"/><w:lsdException w:name="Medium Shading 2 Accent 5" w:uiPriority="64"/><w:lsdException w:name="Medium List 1 Accent 5" w:uiPriority="65"/><w:lsdException w:name="Medium List 2 Accent 5" w:uiPriority="66"/><w:lsdException w:name="Medium Grid 1 Accent 5" w:uiPriority="67"/><w:lsdException w:name="Medium Grid 2 Accent 5" w:uiPriority="68"/><w:lsdException w:name="Medium Grid 3 Accent 5" w:uiPriority="69"/><w:lsdException w:name="Dark List Accent 5" w:uiPriority="70"/><w:lsdException w:name="Colorful Shading Accent 5" w:uiPriority="71"/><w:lsdException w:name="Colorful List Accent 5" w:uiPriority="72"/><w:lsdException w:name="Colorful Grid Accent 5" w:uiPriority="73"/><w:lsdException w:name="Light Shading Accent 6" w:uiPriority="60"/><w:lsdException w:name="Light List Accent 6" w:uiPriority="61"/><w:lsdException w:name="Light Grid Accent 6" w:uiPriority="62"/><w:lsdException w:name="Medium Shading 1 Accent 6" w:uiPriority="63"/><w:lsdException w:name="Medium Shading 2 Accent 6" w:uiPriority="64"/><w:lsdException w:name="Medium List 1 Accent 6" w:uiPriority="65"/><w:lsdException w:name="Medium List 2 Accent 6" w:uiPriority="66"/><w:lsdException w:name="Medium Grid 1 Accent 6" w:uiPriority="67"/><w:lsdException w:name="Medium Grid 2 Accent 6" w:uiPriority="68"/><w:lsdException w:name="Medium Grid 3 Accent 6" w:uiPriority="69"/><w:lsdException w:name="Dark List Accent 6" w:uiPriority="70"/><w:lsdException w:name="Colorful Shading Accent 6" w:uiPriority="71"/><w:lsdException w:name="Colorful List Accent 6" w:uiPriority="72"/><w:lsdException w:name="Colorful Grid Accent 6" w:uiPriority="73"/><w:lsdException w:name="Subtle Emphasis" w:uiPriority="19" w:qFormat="1"/><w:lsdException w:name="Intense Emphasis" w:uiPriority="21" w:qFormat="1"/><w:lsdException w:name="Subtle Reference" w:uiPriority="31" w:qFormat="1"/><w:lsdException w:name="Intense Reference" w:uiPriority="32" w:qFormat="1"/><w:lsdException w:name="Book Title" w:uiPriority="33" w:qFormat="1"/><w:lsdException w:name="Bibliography" w:semiHidden="1" w:uiPriority="37" w:unhideWhenUsed="1"/><w:lsdException w:name="TOC Heading" w:semiHidden="1" w:uiPriority="39" w:unhideWhenUsed="1" w:qFormat="1"/><w:lsdException w:name="Plain Table 1" w:uiPriority="41"/><w:lsdException w:name="Plain Table 2" w:uiPriority="42"/><w:lsdException w:name="Plain Table 3" w:uiPriority="43"/><w:lsdException w:name="Plain Table 4" w:uiPriority="44"/><w:lsdException w:name="Plain Table 5" w:uiPriority="45"/><w:lsdException w:name="Grid Table Light" w:uiPriority="40"/><w:lsdException w:name="Grid Table 1 Light" w:uiPriority="46"/><w:lsdException w:name="Grid Table 2" w:uiPriority="47"/><w:lsdException w:name="Grid Table 3" w:uiPriority="48"/><w:lsdException w:name="Grid Table 4" w:uiPriority="49"/><w:lsdException w:name="Grid Table 5 Dark" w:uiPriority="50"/><w:lsdException w:name="Grid Table 6 Colorful" w:uiPriority="51"/><w:lsdException w:name="Grid Table 7 Colorful" w:uiPriority="52"/><w:lsdException w:name="Grid Table 1 Light Accent 1" w:uiPriority="46"/><w:lsdException w:name="Grid Table 2 Accent 1" w:uiPriority="47"/><w:lsdException w:name="Grid Table 3 Accent 1" w:uiPriority="48"/><w:lsdException w:name="Grid Table 4 Accent 1" w:uiPriority="49"/><w:lsdException w:name="Grid Table 5 Dark Accent 1" w:uiPriority="50"/><w:lsdException w:name="Grid Table 6 Colorful Accent 1" w:uiPriority="51"/><w:lsdException w:name="Grid Table 7 Colorful Accent 1" w:uiPriority="52"/><w:lsdException w:name="Grid Table 1 Light Accent 2" w:uiPriority="46"/><w:lsdException w:name="Grid Table 2 Accent 2" w:uiPriority="47"/><w:lsdException w:name="Grid Table 3 Accent 2" w:uiPriority="48"/><w:lsdException w:name="Grid Table 4 Accent 2" w:uiPriority="49"/><w:lsdException w:name="Grid Table 5 Dark Accent 2" w:uiPriority="50"/><w:lsdException w:name="Grid Table 6 Colorful Accent 2" w:uiPriority="51"/><w:lsdException w:name="Grid Table 7 Colorful Accent 2" w:uiPriority="52"/><w:lsdException w:name="Grid Table 1 Light Accent 3" w:uiPriority="46"/><w:lsdException w:name="Grid Table 2 Accent 3" w:uiPriority="47"/><w:lsdException w:name="Grid Table 3 Accent 3" w:uiPriority="48"/><w:lsdException w:name="Grid Table 4 Accent 3" w:uiPriority="49"/><w:lsdException w:name="Grid Table 5 Dark Accent 3" w:uiPriority="50"/><w:lsdException w:name="Grid Table 6 Colorful Accent 3" w:uiPriority="51"/><w:lsdException w:name="Grid Table 7 Colorful Accent 3" w:uiPriority="52"/><w:lsdException w:name="Grid Table 1 Light Accent 4" w:uiPriority="46"/><w:lsdException w:name="Grid Table 2 Accent 4" w:uiPriority="47"/><w:lsdException w:name="Grid Table 3 Accent 4" w:uiPriority="48"/><w:lsdException w:name="Grid Table 4 Accent 4" w:uiPriority="49"/><w:lsdException w:name="Grid Table 5 Dark Accent 4" w:uiPriority="50"/><w:lsdException w:name="Grid Table 6 Colorful Accent 4" w:uiPriority="51"/><w:lsdException w:name="Grid Table 7 Colorful Accent 4" w:uiPriority="52"/><w:lsdException w:name="Grid Table 1 Light Accent 5" w:uiPriority="46"/><w:lsdException w:name="Grid Table 2 Accent 5" w:uiPriority="47"/><w:lsdException w:name="Grid Table 3 Accent 5" w:uiPriority="48"/><w:lsdException w:name="Grid Table 4 Accent 5" w:uiPriority="49"/><w:lsdException w:name="Grid Table 5 Dark Accent 5" w:uiPriority="50"/><w:lsdException w:name="Grid Table 6 Colorful Accent 5" w:uiPriority="51"/><w:lsdException w:name="Grid Table 7 Colorful Accent 5" w:uiPriority="52"/><w:lsdException w:name="Grid Table 1 Light Accent 6" w:uiPriority="46"/><w:lsdException w:name="Grid Table 2 Accent 6" w:uiPriority="47"/><w:lsdException w:name="Grid Table 3 Accent 6" w:uiPriority="48"/><w:lsdException w:name="Grid Table 4 Accent 6" w:uiPriority="49"/><w:lsdException w:name="Grid Table 5 Dark Accent 6" w:uiPriority="50"/><w:lsdException w:name="Grid Table 6 Colorful Accent 6" w:uiPriority="51"/><w:lsdException w:name="Grid Table 7 Colorful Accent 6" w:uiPriority="52"/><w:lsdException w:name="List Table 1 Light" w:uiPriority="46"/><w:lsdException w:name="List Table 2" w:uiPriority="47"/><w:lsdException w:name="List Table 3" w:uiPriority="48"/><w:lsdException w:name="List Table 4" w:uiPriority="49"/><w:lsdException w:name="List Table 5 Dark" w:uiPriority="50"/><w:lsdException w:name="List Table 6 Colorful" w:uiPriority="51"/><w:lsdException w:name="List Table 7 Colorful" w:uiPriority="52"/><w:lsdException w:name="List Table 1 Light Accent 1" w:uiPriority="46"/><w:lsdException w:name="List Table 2 Accent 1" w:uiPriority="47"/><w:lsdException w:name="List Table 3 Accent 1" w:uiPriority="48"/><w:lsdException w:name="List Table 4 Accent 1" w:uiPriority="49"/><w:lsdException w:name="List Table 5 Dark Accent 1" w:uiPriority="50"/><w:lsdException w:name="List Table 6 Colorful Accent 1" w:uiPriority="51"/><w:lsdException w:name="List Table 7 Colorful Accent 1" w:uiPriority="52"/><w:lsdException w:name="List Table 1 Light Accent 2" w:uiPriority="46"/><w:lsdException w:name="List Table 2 Accent 2" w:uiPriority="47"/><w:lsdException w:name="List Table 3 Accent 2" w:uiPriority="48"/><w:lsdException w:name="List Table 4 Accent 2" w:uiPriority="49"/><w:lsdException w:name="List Table 5 Dark Accent 2" w:uiPriority="50"/><w:lsdException w:name="List Table 6 Colorful Accent 2" w:uiPriority="51"/><w:lsdException w:name="List Table 7 Colorful Accent 2" w:uiPriority="52"/><w:lsdException w:name="List Table 1 Light Accent 3" w:uiPriority="46"/><w:lsdException w:name="List Table 2 Accent 3" w:uiPriority="47"/><w:lsdException w:name="List Table 3 Accent 3" w:uiPriority="48"/><w:lsdException w:name="List Table 4 Accent 3" w:uiPriority="49"/><w:lsdException w:name="List Table 5 Dark Accent 3" w:uiPriority="50"/><w:lsdException w:name="List Table 6 Colorful Accent 3" w:uiPriority="51"/><w:lsdException w:name="List Table 7 Colorful Accent 3" w:uiPriority="52"/><w:lsdException w:name="List Table 1 Light Accent 4" w:uiPriority="46"/><w:lsdException w:name="List Table 2 Accent 4" w:uiPriority="47"/><w:lsdException w:name="List Table 3 Accent 4" w:uiPriority="48"/><w:lsdException w:name="List Table 4 Accent 4" w:uiPriority="49"/><w:lsdException w:name="List Table 5 Dark Accent 4" w:uiPriority="50"/><w:lsdException w:name="List Table 6 Colorful Accent 4" w:uiPriority="51"/><w:lsdException w:name="List Table 7 Colorful Accent 4" w:uiPriority="52"/><w:lsdException w:name="List Table 1 Light Accent 5" w:uiPriority="46"/><w:lsdException w:name="List Table 2 Accent 5" w:uiPriority="47"/><w:lsdException w:name="List Table 3 Accent 5" w:uiPriority="48"/><w:lsdException w:name="List Table 4 Accent 5" w:uiPriority="49"/><w:lsdException w:name="List Table 5 Dark Accent 5" w:uiPriority="50"/><w:lsdException w:name="List Table 6 Colorful Accent 5" w:uiPriority="51"/><w:lsdException w:name="List Table 7 Colorful Accent 5" w:uiPriority="52"/><w:lsdException w:name="List Table 1 Light Accent 6" w:uiPriority="46"/><w:lsdException w:name="List Table 2 Accent 6" w:uiPriority="47"/><w:lsdException w:name="List Table 3 Accent 6" w:uiPriority="48"/><w:lsdException w:name="List Table 4 Accent 6" w:uiPriority="49"/><w:lsdException w:name="List Table 5 Dark Accent 6" w:uiPriority="50"/><w:lsdException w:name="List Table 6 Colorful Accent 6" w:uiPriority="51"/><w:lsdException w:name="List Table 7 Colorful Accent 6" w:uiPriority="52"/></w:latentStyles><w:style w:type="paragraph" w:default="1" w:styleId="a"><w:name w:val="Normal"/><w:qFormat/><w:rPr><w:sz w:val="24"/><w:szCs w:val="24"/></w:rPr></w:style><w:style w:type="paragraph" w:styleId="1"><w:name w:val="heading 1"/><w:basedOn w:val="a"/><w:next w:val="a"/><w:qFormat/><w:rsid w:val="00EF7B96"/><w:pPr><w:keepNext/><w:spacing w:before="240" w:after="60"/><w:outlineLvl w:val="0"/></w:pPr><w:rPr><w:rFonts w:ascii="Arial" w:hAnsi="Arial" w:cs="Arial"/><w:b/><w:bCs/><w:kern w:val="32"/><w:sz w:val="32"/><w:szCs w:val="32"/></w:rPr></w:style><w:style w:type="paragraph" w:styleId="2"><w:name w:val="heading 2"/><w:basedOn w:val="a"/><w:next w:val="a"/><w:qFormat/><w:rsid w:val="00EF7B96"/><w:pPr><w:keepNext/><w:spacing w:before="240" w:after="60"/><w:outlineLvl w:val="1"/></w:pPr><w:rPr><w:rFonts w:ascii="Arial" w:hAnsi="Arial" w:cs="Arial"/><w:b/><w:bCs/><w:i/><w:iCs/><w:sz w:val="28"/><w:szCs w:val="28"/></w:rPr></w:style><w:style w:type="paragraph" w:styleId="3"><w:name w:val="heading 3"/><w:basedOn w:val="a"/><w:next w:val="a"/><w:qFormat/><w:rsid w:val="00EF7B96"/><w:pPr><w:keepNext/><w:spacing w:before="240" w:after="60"/><w:outlineLvl w:val="2"/></w:pPr><w:rPr><w:rFonts w:ascii="Arial" w:hAnsi="Arial" w:cs="Arial"/><w:b/><w:bCs/><w:sz w:val="26"/><w:szCs w:val="26"/></w:rPr></w:style><w:style w:type="paragraph" w:styleId="4"><w:name w:val="heading 4"/><w:basedOn w:val="a"/><w:next w:val="a"/><w:qFormat/><w:rsid w:val="00EF7B96"/><w:pPr><w:keepNext/><w:spacing w:before="240" w:after="60"/><w:outlineLvl w:val="3"/></w:pPr><w:rPr><w:b/><w:bCs/><w:sz w:val="28"/><w:szCs w:val="28"/></w:rPr></w:style><w:style w:type="paragraph" w:styleId="5"><w:name w:val="heading 5"/><w:basedOn w:val="a"/><w:next w:val="a"/><w:qFormat/><w:rsid w:val="00EF7B96"/><w:pPr><w:spacing w:before="240" w:after="60"/><w:outlineLvl w:val="4"/></w:pPr><w:rPr><w:b/><w:bCs/><w:i/><w:iCs/><w:sz w:val="26"/><w:szCs w:val="26"/></w:rPr></w:style><w:style w:type="paragraph" w:styleId="6"><w:name w:val="heading 6"/><w:basedOn w:val="a"/><w:next w:val="a"/><w:qFormat/><w:rsid w:val="00EF7B96"/><w:pPr><w:spacing w:before="240" w:after="60"/><w:outlineLvl w:val="5"/></w:pPr><w:rPr><w:b/><w:bCs/><w:sz w:val="22"/><w:szCs w:val="22"/></w:rPr></w:style><w:style w:type="character" w:default="1" w:styleId="a0"><w:name w:val="Default Paragraph Font"/><w:uiPriority w:val="1"/><w:semiHidden/><w:unhideWhenUsed/></w:style><w:style w:type="table" w:default="1" w:styleId="a1"><w:name w:val="Normal Table"/><w:uiPriority w:val="99"/><w:semiHidden/><w:unhideWhenUsed/><w:tblPr><w:tblInd w:w="0" w:type="dxa"/><w:tblCellMar><w:top w:w="0" w:type="dxa"/><w:left w:w="108" w:type="dxa"/><w:bottom w:w="0" w:type="dxa"/><w:right w:w="108" w:type="dxa"/></w:tblCellMar></w:tblPr></w:style><w:style w:type="numbering" w:default="1" w:styleId="a2"><w:name w:val="No List"/><w:uiPriority w:val="99"/><w:semiHidden/><w:unhideWhenUsed/></w:style><w:style w:type="paragraph" w:styleId="a3"><w:name w:val="Title"/><w:basedOn w:val="a"/><w:qFormat/><w:rsid w:val="00EF7B96"/><w:pPr><w:spacing w:before="240" w:after="60"/><w:jc w:val="center"/><w:outlineLvl w:val="0"/></w:pPr><w:rPr><w:rFonts w:ascii="Arial" w:hAnsi="Arial" w:cs="Arial"/><w:b/><w:bCs/><w:kern w:val="28"/><w:sz w:val="32"/><w:szCs w:val="32"/></w:rPr></w:style><w:style w:type="paragraph" w:styleId="10"><w:name w:val="toc 1"/><w:basedOn w:val="a"/><w:next w:val="a"/><w:autoRedefine/><w:uiPriority w:val="39"/><w:rsid w:val="00805BCE"/></w:style><w:style w:type="character" w:styleId="a4"><w:name w:val="Hyperlink"/><w:basedOn w:val="a0"/><w:uiPriority w:val="99"/><w:rsid w:val="00EF7B96"/><w:rPr><w:color w:val="0000FF"/><w:u w:val="single"/></w:rPr></w:style><w:style w:type="paragraph" w:styleId="20"><w:name w:val="toc 2"/><w:basedOn w:val="a"/><w:next w:val="a"/><w:autoRedefine/><w:uiPriority w:val="39"/><w:rsid w:val="00805BCE"/><w:pPr><w:ind w:left="240"/></w:pPr></w:style><w:style w:type="paragraph" w:styleId="30"><w:name w:val="toc 3"/><w:basedOn w:val="a"/><w:next w:val="a"/><w:autoRedefine/><w:uiPriority w:val="39"/><w:rsid w:val="00805BCE"/><w:pPr><w:ind w:left="480"/></w:pPr></w:style></w:styles>