<?xml version="1.0" encoding="utf-8"?>
<Lib NameU="Education">
    <Elem Name="letter" Prompt="letter" NameU="letter" PromptU="letter"/>
    <Elem Name="Trophy" Prompt="Trophy" NameU="Trophy" PromptU="Trophy"/>
    <Elem Name="Blackboard" Prompt="Blackboard" NameU="Blackboard" PromptU="Blackboard"/>
    <Elem Name="Pencils and rulers" Prompt="Pencils and rulers" NameU="Pencils and rulers" PromptU="Pencils and rulers"/>
    <Elem Name="Slide" Prompt="Slide" NameU="Slide" PromptU="Slide"/>
    <Elem Name="School bag" Prompt="School bag" NameU="School bag" PromptU="School bag"/>
    <Elem Name="Tellurion" Prompt="Tellurion" NameU="Tellurion" PromptU="Tellurion"/>
    <Elem Name="Notepad" Prompt="Notepad" NameU="Notepad" PromptU="Notepad"/>
    <Elem Name="Notebook" Prompt="Notebook" NameU="Notebook" PromptU="Notebook"/>
    <Elem Name="Test tube" Prompt="Test tube" NameU="Test tube" PromptU="Test tube"/>
    <Elem Name="Desk lamp" Prompt="Desk lamp" NameU="Desk lamp" PromptU="Desk lamp"/>
    <Elem Name="Sandglass" Prompt="Sandglass" NameU="Sandglass" PromptU="Sandglass"/>
    <Elem Name="Medal" Prompt="Medal" NameU="Medal" PromptU="Medal"/>
    <Elem Name="Trencher cap" Prompt="Trencher cap" NameU="Trencher cap" PromptU="Trencher cap"/>
    <Elem Name="Pen" Prompt="Pen" NameU="Pen" PromptU="Pen"/>
    <Elem Name="Folder" Prompt="Folder" NameU="Folder" PromptU="Folder"/>
    <Elem Name="Paper file" Prompt="Paper file" NameU="Paper file" PromptU="Paper file"/>
    <Elem Name="School" Prompt="School" NameU="School" PromptU="School"/>
    <Elem Name="Newspaper" Prompt="Newspaper" NameU="Newspaper" PromptU="Newspaper"/>
    <Elem Name="Algorithm" Prompt="Algorithm" NameU="Algorithm" PromptU="Algorithm"/>
    <Elem Name="English letters" Prompt="English letters" NameU="English letters" PromptU="English letters"/>
    <Elem Name="Cell" Prompt="Cell" NameU="Cell" PromptU="Cell"/>
    <Elem Name="Microscope" Prompt="Microscope" NameU="Microscope" PromptU="Microscope"/>
    <Elem Name="History" Prompt="History" NameU="History" PromptU="History"/>
    <Elem Name="Open book" Prompt="Open book" NameU="Open book" PromptU="Open book"/>
    <Elem Name="Magnifying glass" Prompt="Magnifying glass" NameU="Magnifying glass" PromptU="Magnifying glass"/>
    <Elem Name="Compass" Prompt="Compass" NameU="Compass" PromptU="Compass"/>
    <Elem Name="Flask" Prompt="Flask" NameU="Flask" PromptU="Flask"/>
    <Elem Name="Molecule" Prompt="Molecule" NameU="Molecule" PromptU="Molecule"/>
    <Elem Name="School bus" Prompt="School bus" NameU="School bus" PromptU="School bus"/>
    <Elem Name="Brush pot" Prompt="Brush pot" NameU="Brush pot" PromptU="Brush pot"/>
    <Elem Name="Trencher cap" Prompt="Trencher cap" NameU="Trencher cap" PromptU="Trencher cap"/>
    <Elem Name="Book" Prompt="Book" NameU="Book" PromptU="Book"/>
    <Elem Name="Testimonials" Prompt="Testimonials" NameU="Testimonials" PromptU="Testimonials"/>
    <Elem Name="Glasses" Prompt="Glasses" NameU="Glasses" PromptU="Glasses"/>
    <Elem Name="Computer desk" Prompt="Computer desk" NameU="Computer desk" PromptU="Computer desk"/>
    <Elem Name="Light" Prompt="Light" NameU="Light" PromptU="Light"/>
    <Elem Name="Watch" Prompt="Watch" NameU="Watch" PromptU="Watch"/>
    <Elem Name="Penknife" Prompt="Penknife" NameU="Penknife" PromptU="Penknife"/>
    <Elem Name="Automatic pencil" Prompt="Automatic pencil" NameU="Automatic pencil" PromptU="Automatic pencil"/>
    <Elem Name="Pencil" Prompt="Pencil" NameU="Pencil" PromptU="Pencil"/>
    <Elem Name="Chinese brush" Prompt="Chinese brush" NameU="Chinese brush" PromptU="Chinese brush"/>
    <Elem Name="Mark pen" Prompt="Mark pen" NameU="Mark pen" PromptU="Mark pen"/>
    <Elem Name="Dance" Prompt="Dance" NameU="Dance" PromptU="Dance"/>
    <Elem Name="Discussion" Prompt="Discussion" NameU="Discussion" PromptU="Discussion"/>
    <Elem Name="Psychology" Prompt="Psychology" NameU="Psychology" PromptU="Psychology"/>
    <Elem Name="Eraser" Prompt="Eraser" NameU="Eraser" PromptU="Eraser"/>
    <Elem Name="Paint box" Prompt="Paint box" NameU="Paint box" PromptU="Paint box"/>
    <Elem Name="Palette" Prompt="Palette" NameU="Palette" PromptU="Palette"/>
    <Elem Name="Compasses" Prompt="Compasses" NameU="Compasses" PromptU="Compasses"/>
    <Elem Name="Brush" Prompt="Brush" NameU="Brush" PromptU="Brush"/>
</Lib>
