<?xml version="1.0" encoding="utf-8"?>
<Lib NameU="Plant">
    <Elem Name="Tree" Prompt="Tree" NameU="Tree" PromptU="Tree"/>
    <Elem Name="Flower" Prompt="Flower" NameU="Flower" PromptU="Flower"/>
    <Elem Name="Flower" Prompt="Flower" NameU="Flower" PromptU="Flower"/>
    <Elem Name="Grass" Prompt="Grass" NameU="Grass" PromptU="Grass"/>
    <Elem Name="Tree" Prompt="Tree" NameU="Tree" PromptU="Tree"/>
    <Elem Name="Four-Leaf Clover" Prompt="Four-Leaf Clover" NameU="Four-Leaf Clover" PromptU="Four-Leaf Clover"/>
    <Elem Name="Tree" Prompt="Tree" NameU="Tree" PromptU="Tree"/>
    <Elem Name="Banyan tree" Prompt="Banyan tree" NameU="Banyan tree" PromptU="Banyan tree"/>
    <Elem Name="Cedar" Prompt="Cedar" NameU="Cedar" PromptU="Cedar"/>
    <Elem Name="Leaves" Prompt="Leaves" NameU="Leaves" PromptU="Leaves"/>
    <Elem Name="Leaves" Prompt="Leaves" NameU="Leaves" PromptU="Leaves"/>
    <Elem Name="Leaves" Prompt="Leaves" NameU="Leaves" PromptU="Leaves"/>
    <Elem Name="Cactus" Prompt="Cactus" NameU="Cactus" PromptU="Cactus"/>
    <Elem Name="Mushroom" Prompt="Mushroom" NameU="Mushroom" PromptU="Mushroom"/>
    <Elem Name="Potted" Prompt="Potted" NameU="Potted" PromptU="Potted"/>
    <Elem Name="Potted" Prompt="Potted" NameU="Potted" PromptU="Potted"/>
    <Elem Name="Potted" Prompt="Potted" NameU="Potted" PromptU="Potted"/>
    <Elem Name="Potted" Prompt="Potted" NameU="Potted" PromptU="Potted"/>
    <Elem Name="Cactus" Prompt="Cactus" NameU="Cactus" PromptU="Cactus"/>
    <Elem Name="Cactus" Prompt="Cactus" NameU="Cactus" PromptU="Cactus"/>
    <Elem Name="Leaf" Prompt="Leaf" NameU="Leaf" PromptU="Leaf"/>
    <Elem Name="Leaf" Prompt="Leaf" NameU="Leaf" PromptU="Leaf"/>
    <Elem Name="Leaves" Prompt="Leaves" NameU="Leaves" PromptU="Leaves"/>
    <Elem Name="Leaf" Prompt="Leaf" NameU="Leaf" PromptU="Leaf"/>
    <Elem Name="Leaf" Prompt="Leaf" NameU="Leaf" PromptU="Leaf"/>
    <Elem Name="Leaf" Prompt="Leaf" NameU="Leaf" PromptU="Leaf"/>
</Lib>
