<?xml version="1.0" encoding="utf-8"?>
<Lib NameU="Sea Life">
    <Elem Name="Crab" Prompt="Crab" NameU="Crab" PromptU="Crab"/>
    <Elem Name="Lobster" Prompt="Lobster" NameU="Lobster" PromptU="Lobster"/>
    <Elem Name="Squid" Prompt="Squid" NameU="Squid" PromptU="Squid"/>
    <Elem Name="Seaweed" Prompt="Seaweed" NameU="Seaweed" PromptU="Seaweed"/>
    <Elem Name="Hippocampus" Prompt="Hippocampus" NameU="Hippocampus" PromptU="Hippocampus"/>
    <Elem Name="Conch" Prompt="Conch" NameU="Conch" PromptU="Conch"/>
    <Elem Name="Sea cucumber" Prompt="Sea cucumber" NameU="Sea cucumber" PromptU="Sea cucumber"/>
    <Elem Name="Kelp" Prompt="Kelp" NameU="Kelp" PromptU="Kelp"/>
    <Elem Name="Lobster" Prompt="Lobster" NameU="Lobster" PromptU="Lobster"/>
    <Elem Name="Conch" Prompt="Conch" NameU="Conch" PromptU="Conch"/>
    <Elem Name="Shell" Prompt="Shell" NameU="Shell" PromptU="Shell"/>
    <Elem Name="Shell" Prompt="Shell" NameU="Shell" PromptU="Shell"/>
    <Elem Name="Jellyfish" Prompt="Jellyfish" NameU="Jellyfish" PromptU="Jellyfish"/>
    <Elem Name="Starfish" Prompt="Starfish" NameU="Starfish" PromptU="Starfish"/>
    <Elem Name="Goldfish" Prompt="Goldfish" NameU="Goldfish" PromptU="Goldfish"/>
    <Elem Name="Fish" Prompt="Fish" NameU="Fish" PromptU="Fish"/>
    <Elem Name="Fish" Prompt="Fish" NameU="Fish" PromptU="Fish"/>
    <Elem Name="Walrus" Prompt="Walrus" NameU="Walrus" PromptU="Walrus"/>
    <Elem Name="Shark" Prompt="Shark" NameU="Shark" PromptU="Shark"/>
    <Elem Name="Seal" Prompt="Seal" NameU="Seal" PromptU="Seal"/>
    <Elem Name="Dolphins" Prompt="Dolphins" NameU="Dolphins" PromptU="Dolphins"/>
    <Elem Name="Batfish" Prompt="Batfish" NameU="Batfish" PromptU="Batfish"/>
    <Elem Name="Octopus" Prompt="Octopus" NameU="Octopus" PromptU="Octopus"/>
    <Elem Name="Sea turtles" Prompt="Sea turtles" NameU="Sea turtles" PromptU="Sea turtles"/>
    <Elem Name="Penguin" Prompt="Penguin" NameU="Penguin" PromptU="Penguin"/>
</Lib>
