<?xml version="1.0" encoding="utf-8"?>
<Libraries>
    <Lib Path="./Symbols/Animal.mdt">
        <Item Name="河马" Prompt="河马"/>
        <Item Name="蜜蜂" Prompt="蜜蜂"/>
        <Item Name="奶牛" Prompt="奶牛"/>
        <Item Name="兔子" Prompt="兔子"/>
        <Item Name="老虎" Prompt="老虎"/>
        <Item Name="老鼠" Prompt="老鼠"/>
        <Item Name="马" Prompt="马"/>
        <Item Name="鹿" Prompt="鹿"/>
        <Item Name="狮子" Prompt="狮子"/>
        <Item Name="大象" Prompt="大象"/>
        <Item Name="熊猫" Prompt="熊猫"/>
        <Item Name="棕熊" Prompt="棕熊"/>
        <Item Name="狗" Prompt="狗"/>
        <Item Name="绵羊" Prompt="绵羊"/>
        <Item Name="猪" Prompt="猪"/>
        <Item Name="长颈鹿" Prompt="长颈鹿"/>
        <Item Name="考拉" Prompt="考拉"/>
        <Item Name="猫" Prompt="猫"/>
        <Item Name="猴子" Prompt="猴子"/>
        <Item Name="狐狸" Prompt="狐狸"/>
    </Lib>
	<Lib Path="./Symbols/Education.mdt">
        <Item Name="信" Prompt="信"/>
        <Item Name="奖杯" Prompt="奖杯"/>
        <Item Name="黑板" Prompt="黑板"/>
        <Item Name="铅笔和尺子" Prompt="铅笔和尺子"/>
        <Item Name="幻灯片" Prompt="幻灯片"/>
        <Item Name="书包" Prompt="书包"/>
        <Item Name="地球仪" Prompt="地球仪"/>
        <Item Name="记事本" Prompt="记事本"/>
        <Item Name="笔记本" Prompt="笔记本"/>
        <Item Name="试管" Prompt="试管"/>
        <Item Name="台灯" Prompt="台灯"/>
        <Item Name="沙漏" Prompt="沙漏"/>
        <Item Name="金牌" Prompt="金牌"/>
        <Item Name="学士帽" Prompt="学士帽"/>
        <Item Name="钢笔" Prompt="钢笔"/>
        <Item Name="文件夹" Prompt="文件夹"/>
        <Item Name="文件" Prompt="文件"/>
        <Item Name="学校" Prompt="学校"/>
        <Item Name="报纸" Prompt="报纸"/>
        <Item Name="计算" Prompt="计算"/>
        <Item Name="英语字母" Prompt="英语字母"/>
        <Item Name="细胞" Prompt="细胞"/>
        <Item Name="显微镜" Prompt="显微镜"/>
        <Item Name="竹简" Prompt="竹简"/>
        <Item Name="打开的书" Prompt="打开的书"/>
        <Item Name="放大镜" Prompt="放大镜"/>
        <Item Name="指南针" Prompt="指南针"/>
        <Item Name="烧瓶" Prompt="烧瓶"/>
        <Item Name="分子" Prompt="分子"/>
        <Item Name="校巴" Prompt="校巴"/>
        <Item Name="笔筒" Prompt="笔筒"/>
        <Item Name="学士帽" Prompt="学士帽"/>
        <Item Name="书" Prompt="书"/>
        <Item Name="证明" Prompt="证明"/>
        <Item Name="眼镜" Prompt="眼镜"/>
        <Item Name="台式电脑桌" Prompt="台式电脑桌"/>
        <Item Name="灯泡" Prompt="灯泡"/>
        <Item Name="手表" Prompt="手表"/>
        <Item Name="裁纸刀" Prompt="裁纸刀"/>
        <Item Name="自动铅笔" Prompt="自动铅笔"/>
        <Item Name="铅笔" Prompt="铅笔"/>
        <Item Name="毛笔" Prompt="毛笔"/>
        <Item Name="记号笔" Prompt="记号笔"/>
        <Item Name="跳舞" Prompt="跳舞"/>
        <Item Name="讨论" Prompt="讨论"/>
        <Item Name="心脏" Prompt="心脏"/>
        <Item Name="橡皮擦" Prompt="橡皮擦"/>
        <Item Name="颜料盒" Prompt="颜料盒"/>
        <Item Name="调色板" Prompt="调色板"/>
        <Item Name="指南针" Prompt="指南针"/>
        <Item Name="刷子" Prompt="刷子"/>
    </Lib>
	<Lib Path="./Symbols/ElectronicDevices.mdt">
        <Item Name="电视机" Prompt="电视机"/>
        <Item Name="液晶电视" Prompt="液晶电视"/>
        <Item Name="平板电脑" Prompt="平板电脑"/>
        <Item Name="台式电脑" Prompt="台式电脑"/>
        <Item Name="笔记本" Prompt="笔记本"/>
        <Item Name="鼠标" Prompt="鼠标"/>
        <Item Name="打印机" Prompt="打印机"/>
        <Item Name="手机" Prompt="手机"/>
        <Item Name="手机" Prompt="手机"/>
        <Item Name="闹钟" Prompt="闹钟"/>
        <Item Name="电话" Prompt="电话"/>
        <Item Name="优盘" Prompt="优盘"/>
        <Item Name="计算器" Prompt="计算器"/>
        <Item Name="手表" Prompt="手表"/>
        <Item Name="苹果手表" Prompt="苹果手表"/>
        <Item Name="微软健康手环" Prompt="微软健康手环"/>
        <Item Name="虚拟眼镜" Prompt="虚拟眼镜"/>
        <Item Name="服务器" Prompt="服务器"/>
        <Item Name="主机" Prompt="主机"/>
        <Item Name="转换器" Prompt="转换器"/>
        <Item Name="收音机" Prompt="收音机"/>
        <Item Name="传真机" Prompt="传真机"/>
        <Item Name="无人机" Prompt="无人机"/>
        <Item Name="无人机" Prompt="无人机"/>
        <Item Name="摄像头" Prompt="摄像头"/>
        <Item Name="摄像头" Prompt="摄像头"/>
        <Item Name="麦克风" Prompt="麦克风"/>
		<Item Name="摄像头" Prompt="摄像头"/>
        <Item Name="软盘" Prompt="软盘"/>
        <Item Name="扬声器" Prompt="扬声器"/>
        <Item Name="随身听" Prompt="随身听"/>
        <Item Name="数字版" Prompt="数字版"/>
        <Item Name="投影仪" Prompt="投影仪"/>
		<Item Name="路由器" Prompt="路由器"/>
        <Item Name="摄像头" Prompt="摄像头"/>
        <Item Name="对讲机" Prompt="对讲机"/>
        <Item Name="头戴式耳机" Prompt="头戴式耳机"/>
        <Item Name="游戏机" Prompt="游戏机"/>
    </Lib>
	<Lib Path="./Symbols/EnvironmentalProtection.mdt">
        <Item Name="保护水资源" Prompt="保护水资源"/>
        <Item Name="地球" Prompt="地球"/>
        <Item Name="节能灯管" Prompt="节能灯管"/>
        <Item Name="节能灯管" Prompt="节能灯管"/>
        <Item Name="电动车" Prompt="电动车"/>
        <Item Name="太阳" Prompt="太阳"/>
        <Item Name="垃圾桶" Prompt="垃圾桶"/>
        <Item Name="垃圾桶" Prompt="垃圾桶"/>
        <Item Name="自行车" Prompt="自行车"/>
        <Item Name="环保居家" Prompt="环保居家"/>
        <Item Name="太阳能" Prompt="太阳能"/>
        <Item Name="风能" Prompt="风能"/>
        <Item Name="风能" Prompt="风能"/>
        <Item Name="环保袋" Prompt="环保袋"/>
        <Item Name="水循环" Prompt="水循环"/>
        <Item Name="环保标志" Prompt="环保标志"/>
        <Item Name="环保标志" Prompt="环保标志"/>
        <Item Name="奖章" Prompt="奖章"/>
        <Item Name="环保标志" Prompt="环保标志"/>
        <Item Name="环保标志" Prompt="环保标志"/>
        <Item Name="烟" Prompt="烟"/>
        <Item Name="轻烟" Prompt="轻烟"/>
        <Item Name="梯子" Prompt="梯子"/>
        <Item Name="水槽" Prompt="水槽"/>
        <Item Name="水槽" Prompt="水槽"/>
        <Item Name="工厂" Prompt="工厂"/>
        <Item Name="回收利用标志" Prompt="回收利用标志"/>
        <Item Name="云朵" Prompt="云朵"/>
        <Item Name="树木" Prompt="树木"/>
        <Item Name="仙人掌" Prompt="仙人掌"/>
        <Item Name="环保盒" Prompt="环保盒"/>
        <Item Name="路标" Prompt="路标"/>
        <Item Name="热气球" Prompt="热气球"/>
        <Item Name="可再生纸" Prompt="可再生纸"/>
        <Item Name="电池" Prompt="电池"/>
        <Item Name="烟囱" Prompt="烟囱"/>
        <Item Name="办公楼" Prompt="办公楼"/>
        <Item Name="学校" Prompt="学校"/>
        <Item Name="起重机" Prompt="起重机"/>
        <Item Name="环保" Prompt="环保"/>
        <Item Name="水龙头" Prompt="水龙头"/>
		<Item Name="可回收瓶子" Prompt="可回收瓶子"/>
    </Lib>
	<Lib Path="./Symbols/Expressions.mdt">
        <Item Name="笑" Prompt="笑"/>
        <Item Name="开心" Prompt="开心"/>
        <Item Name="惊讶" Prompt="惊讶"/>
        <Item Name="眨眼睛" Prompt="眨眼睛"/>
        <Item Name="大喜" Prompt="大喜"/>
        <Item Name="冷漠" Prompt="冷漠"/>
        <Item Name="轻蔑" Prompt="轻蔑"/>
        <Item Name="生气" Prompt="生气"/>
        <Item Name="不满" Prompt="不满"/>
        <Item Name="抱歉" Prompt="抱歉"/>
        <Item Name="尴尬" Prompt="尴尬"/>
        <Item Name="可爱" Prompt="可爱"/>
        <Item Name="贪婪" Prompt="贪婪"/>
        <Item Name="恨" Prompt="恨"/>
        <Item Name="害怕" Prompt="害怕"/>
        <Item Name="生气" Prompt="生气"/>
        <Item Name="紧张" Prompt="紧张"/>
        <Item Name="失望" Prompt="失望"/>
    </Lib>
	<Lib Path="./Symbols/Food.mdt">
        <Item Name="餐具" Prompt="餐具"/>
        <Item Name="菠萝" Prompt="菠萝"/>
        <Item Name="生日蛋糕" Prompt="生日蛋糕"/>
        <Item Name="纸杯蛋糕" Prompt="纸杯蛋糕"/>
        <Item Name="饮料" Prompt="饮料"/>
        <Item Name="汉堡" Prompt="汉堡"/>
        <Item Name="红酒" Prompt="红酒"/>
        <Item Name="茶壶" Prompt="茶壶"/>
        <Item Name="橙子" Prompt="橙子"/>
        <Item Name="烤鸡" Prompt="烤鸡"/>
        <Item Name="青椒" Prompt="青椒"/>
        <Item Name="梨" Prompt="梨"/>
        <Item Name="胡萝卜" Prompt="胡萝卜"/>
        <Item Name="猕猴桃" Prompt="猕猴桃"/>
        <Item Name="米饭" Prompt="米饭"/>
        <Item Name="苹果" Prompt="苹果"/>
        <Item Name="荷兰豆" Prompt="荷兰豆"/>
        <Item Name="培根" Prompt="培根"/>
        <Item Name="鳄梨" Prompt="鳄梨"/>
        <Item Name="香蕉" Prompt="香蕉"/>
        <Item Name="茄子" Prompt="茄子"/>
        <Item Name="柠檬" Prompt="柠檬"/>
        <Item Name="饼干" Prompt="饼干"/>
        <Item Name="西兰花" Prompt="西兰花"/>
        <Item Name="牛角面包" Prompt="牛角面包"/>
        <Item Name="糖果手杖" Prompt="糖果手杖"/>
        <Item Name="火腿肠" Prompt="火腿肠"/>
        <Item Name="樱桃" Prompt="樱桃"/>
        <Item Name="菠萝面包" Prompt="菠萝面包"/>
        <Item Name="鸡蛋" Prompt="鸡蛋"/>
        <Item Name="鱼" Prompt="鱼"/>
        <Item Name="茶" Prompt="茶"/>
        <Item Name="啤酒" Prompt="啤酒"/>
        <Item Name="糖果" Prompt="糖果"/>
        <Item Name="鸡腿" Prompt="鸡腿"/>
        <Item Name="辣椒" Prompt="辣椒"/>
        <Item Name="芒果" Prompt="芒果"/>
        <Item Name="酸奶" Prompt="酸奶"/>
        <Item Name="西瓜" Prompt="西瓜"/>
        <Item Name="冷饮" Prompt="冷饮"/>
        <Item Name="咖啡" Prompt="咖啡"/>
        <Item Name="蘑菇" Prompt="蘑菇"/>
        <Item Name="可乐" Prompt="可乐"/>
        <Item Name="面条" Prompt="面条"/>
        <Item Name="薯条" Prompt="薯条"/>
        <Item Name="披萨" Prompt="披萨"/>
        <Item Name="肉" Prompt="肉"/>
        <Item Name="冰激凌" Prompt="冰激凌"/>
        <Item Name="酸奶" Prompt="酸奶"/>
        <Item Name="葡萄" Prompt="葡萄"/>
        <Item Name="煎蛋" Prompt="煎蛋"/>
    </Lib>
	<Lib Path="./Symbols/Holiday.mdt">
        <Item Name="冬青" Prompt="冬青"/>
        <Item Name="雪橇车" Prompt="雪橇车"/>
        <Item Name="礼物盒" Prompt="礼物盒"/>
        <Item Name="礼物" Prompt="礼物"/>
        <Item Name="圣诞树" Prompt="圣诞树"/>
        <Item Name="手套" Prompt="手套"/>
        <Item Name="圣诞长袜" Prompt="圣诞长袜"/>
        <Item Name="圣诞老人" Prompt="圣诞老人"/>
        <Item Name="圣诞帽" Prompt="圣诞帽"/>
        <Item Name="圣诞铃铛" Prompt="圣诞铃铛"/>
        <Item Name="小饰品" Prompt="小饰品"/>
        <Item Name="圣诞姜饼" Prompt="圣诞姜饼"/>
        <Item Name="雪人" Prompt="雪人"/>
        <Item Name="驯鹿" Prompt="驯鹿"/>
        <Item Name="雪花" Prompt="雪花"/>
        <Item Name="蛋糕" Prompt="蛋糕"/>
        <Item Name="气球" Prompt="气球"/>
        <Item Name="蜡烛" Prompt="蜡烛"/>
        <Item Name="圣诞鹿角" Prompt="圣诞鹿角"/>
        <Item Name="鞭炮" Prompt="鞭炮"/>
        <Item Name="挂坠" Prompt="挂坠"/>
        <Item Name="烟花" Prompt="烟花"/>
        <Item Name="灯笼" Prompt="灯笼"/>
        <Item Name="灯笼" Prompt="灯笼"/>
        <Item Name="帽子" Prompt="帽子"/>
        <Item Name="福字" Prompt="福字"/>
        <Item Name="红包" Prompt="红包"/>
        <Item Name="心锁" Prompt="心锁"/>
        <Item Name="巧克力" Prompt="巧克力"/>
        <Item Name="一对爱情鸟" Prompt="一对爱情鸟"/>
        <Item Name="对话框" Prompt="对话框"/>
        <Item Name="婚礼服" Prompt="婚礼服"/>
        <Item Name="西装" Prompt="西装"/>
        <Item Name="玫瑰" Prompt="玫瑰"/>
        <Item Name="戒指" Prompt="戒指"/>
        <Item Name="项链" Prompt="项链"/>
        <Item Name="情书" Prompt="情书"/>
        <Item Name="照片" Prompt="照片"/>
        <Item Name="王冠" Prompt="王冠"/>
        <Item Name="南瓜" Prompt="南瓜"/>
        <Item Name="鬼" Prompt="鬼"/>
        <Item Name="蝙蝠" Prompt="蝙蝠"/>
        <Item Name="鬼" Prompt="鬼"/>
        <Item Name="帽子" Prompt="帽子"/>
        <Item Name="巫师帽" Prompt="巫师帽"/>
        <Item Name="枫叶" Prompt="枫叶"/>
        <Item Name="复活节彩蛋" Prompt="复活节彩蛋"/>
        <Item Name="面具" Prompt="面具"/>
        <Item Name="生日贺卡" Prompt="生日贺卡"/>
        <Item Name="蜡烛" Prompt="蜡烛"/>
        <Item Name="蜡烛" Prompt="蜡烛"/>
		<Item Name="蜡烛" Prompt="蜡烛"/>
		<Item Name="蜡烛" Prompt="蜡烛"/>
		<Item Name="蜡烛" Prompt="蜡烛"/>
		<Item Name="蜡烛" Prompt="蜡烛"/>
		<Item Name="蜡烛" Prompt="蜡烛"/>
		<Item Name="蜡烛" Prompt="蜡烛"/>
		<Item Name="蜡烛" Prompt="蜡烛"/>
		<Item Name="蜡烛" Prompt="蜡烛"/>
    </Lib>
    <Lib Path="./Symbols/Insect.mdt">
        <Item Name="瓢虫" Prompt="瓢虫"/>
        <Item Name="甲虫" Prompt="甲虫"/>
        <Item Name="蚂蚁" Prompt="蚂蚁"/>
        <Item Name="螳螂" Prompt="螳螂"/>
        <Item Name="苍蝇" Prompt="苍蝇"/>
        <Item Name="蜜蜂" Prompt="蜜蜂"/>
        <Item Name="蜈蚣" Prompt="蜈蚣"/>
        <Item Name="毛虫" Prompt="毛虫"/>
        <Item Name="蝴蝶" Prompt="蝴蝶"/>
        <Item Name="蟑螂" Prompt="蟑螂"/>
        <Item Name="蝗虫" Prompt="蝗虫"/>
        <Item Name="虫子" Prompt="虫子"/>
        <Item Name="虱子" Prompt="虱子"/>
        <Item Name="蚊子" Prompt="蚊子"/>
        <Item Name="蚯蚓" Prompt="蚯蚓"/>
        <Item Name="象鼻虫" Prompt="象鼻虫"/>
        <Item Name="蜗牛" Prompt="蜗牛"/>
        <Item Name="萤火虫" Prompt="萤火虫"/>
        <Item Name="蝎子" Prompt="蝎子"/>
        <Item Name="蜻蜓" Prompt="蜻蜓"/>
        <Item Name="蝴蝶" Prompt="蝴蝶"/>
        <Item Name="蝉" Prompt="蝉"/>
        <Item Name="蛐蛐" Prompt="蛐蛐"/>
        <Item Name="甲虫" Prompt="甲虫"/>
        <Item Name="蜘蛛" Prompt="蜘蛛"/>
        <Item Name="飞蛾" Prompt="飞蛾"/>
    </Lib>
	<Lib Path="./Symbols/Medical.mdt">
        <Item Name="大脑" Prompt="大脑"/>
        <Item Name="基因" Prompt="基因"/>
        <Item Name="心电图" Prompt="心电图"/>
        <Item Name="分子结构" Prompt="分子结构"/>
        <Item Name="胎儿" Prompt="胎儿"/>
        <Item Name="家庭" Prompt="家庭"/>
        <Item Name="显微镜" Prompt="显微镜"/>
        <Item Name="医学记录" Prompt="医学记录"/>
        <Item Name="救护车" Prompt="救护车"/>
        <Item Name="病床" Prompt="病床"/>
        <Item Name="体重称" Prompt="体重称"/>
        <Item Name="康复设备" Prompt="康复设备"/>
        <Item Name="打吊针" Prompt="打吊针"/>
        <Item Name="康复设备" Prompt="康复设备"/>
        <Item Name="轮椅" Prompt="轮椅"/>
        <Item Name="拐杖" Prompt="拐杖"/>
        <Item Name="拐杖" Prompt="拐杖"/>
        <Item Name="试管" Prompt="试管"/>
        <Item Name="试管" Prompt="试管"/>
        <Item Name="温度计" Prompt="温度计"/>
        <Item Name="医院" Prompt="医院"/>
        <Item Name="胶囊" Prompt="胶囊"/>
        <Item Name="药片" Prompt="药片"/>
        <Item Name="人工呼吸器" Prompt="人工呼吸器"/>
        <Item Name="急救箱" Prompt="急救箱"/>
        <Item Name="针" Prompt="针"/>
        <Item Name="肠道" Prompt="肠道"/>
        <Item Name="耳朵" Prompt="耳朵"/>
        <Item Name="脾" Prompt="脾"/>
        <Item Name="胃" Prompt="胃"/>
        <Item Name="肺" Prompt="肺"/>
        <Item Name="肝脏" Prompt="肝脏"/>
        <Item Name="心脏" Prompt="心脏"/>
        <Item Name="护士帽" Prompt="护士帽"/>
        <Item Name="听诊器" Prompt="听诊器"/>
        <Item Name="牙齿" Prompt="牙齿"/>
        <Item Name="轮椅通道" Prompt="轮椅通道"/>
        <Item Name="危险" Prompt="危险"/>
        <Item Name="病床" Prompt="病床"/>
        <Item Name="病毒" Prompt="病毒"/>
        <Item Name="药瓶" Prompt="药瓶"/>
        <Item Name="心电图" Prompt="心电图"/>
        <Item Name="医生" Prompt="医生"/>
        <Item Name="病毒" Prompt="病毒"/>
        <Item Name="X射线" Prompt="X射线"/>
        <Item Name="护士" Prompt="护士"/>
    </Lib>
    <Lib Path="./Symbols/Office.mdt">
        <Item Name="工牌" Prompt="工牌"/>
        <Item Name="简历" Prompt="简历"/>
        <Item Name="印章" Prompt="印章"/>
        <Item Name="打印机" Prompt="打印机"/>
        <Item Name="欧元" Prompt="欧元"/>
        <Item Name="人名币" Prompt="人名币"/>
        <Item Name="英镑" Prompt="英镑"/>
        <Item Name="美元" Prompt="美元"/>
        <Item Name="一袋美金" Prompt="一袋美金"/>
        <Item Name="一袋人名币" Prompt="一袋人名币"/>
        <Item Name="一袋欧元" Prompt="一袋欧元"/>
        <Item Name="一袋英镑" Prompt="一袋英镑"/>
        <Item Name="做得差" Prompt="做得差"/>
        <Item Name="做得棒" Prompt="做得棒"/>
        <Item Name="鼠标" Prompt="鼠标"/>
        <Item Name="地球" Prompt="地球"/>
        <Item Name="钻石" Prompt="钻石"/>
        <Item Name="文章" Prompt="文章"/>
        <Item Name="日历" Prompt="日历"/>
        <Item Name="信" Prompt="信"/>
        <Item Name="信封" Prompt="信封"/>
        <Item Name="钟" Prompt="钟"/>
        <Item Name="笔" Prompt="笔"/>
        <Item Name="公文包" Prompt="公文包"/>
        <Item Name="玩手机" Prompt="玩手机"/>
        <Item Name="文件" Prompt="文件"/>
        <Item Name="短信" Prompt="短信"/>
        <Item Name="手机" Prompt="手机"/>
        <Item Name="闹钟" Prompt="闹钟"/>
        <Item Name="剪刀" Prompt="剪刀"/>
        <Item Name="头脑风暴" Prompt="头脑风暴"/>
        <Item Name="西装" Prompt="西装"/>
        <Item Name="电脑" Prompt="电脑"/>
        <Item Name="笔记本电脑" Prompt="笔记本电脑"/>
        <Item Name="手推车" Prompt="手推车"/>
        <Item Name="在线购物" Prompt="在线购物"/>
        <Item Name="仓库" Prompt="仓库"/>
        <Item Name="银行" Prompt="银行"/>
        <Item Name="银行" Prompt="银行"/>
        <Item Name="兑换货币" Prompt="兑换货币"/>
        <Item Name="灯泡" Prompt="灯泡"/>
        <Item Name="视频" Prompt="视频"/>
        <Item Name="地图" Prompt="地图"/>
        <Item Name="地理位置" Prompt="地理位置"/>
        <Item Name="标签" Prompt="标签"/>
        <Item Name="手提包" Prompt="手提包"/>
        <Item Name="合作" Prompt="合作"/>
        <Item Name="目标" Prompt="目标"/>
        <Item Name="沙漏" Prompt="沙漏"/>
        <Item Name="降低" Prompt="降低"/>
        <Item Name="增长" Prompt="增长"/>
        <Item Name="团队合作" Prompt="团队合作"/>
        <Item Name="公平" Prompt="公平"/>
        <Item Name="排名" Prompt="排名"/>
        <Item Name="打电话" Prompt="打电话"/>
        <Item Name="别针" Prompt="别针"/>
        <Item Name="电话" Prompt="电话"/>
        <Item Name="饼图" Prompt="饼图"/>
        <Item Name="饼图" Prompt="饼图"/>
        <Item Name="优盘" Prompt="优盘"/>
        <Item Name="大头针" Prompt="大头针"/>
        <Item Name="网络" Prompt="网络"/>
        <Item Name="计算器" Prompt="计算器"/>
        <Item Name="文件" Prompt="文件"/>
        <Item Name="盾牌" Prompt="盾牌"/>
        <Item Name="财宝" Prompt="财宝"/>
        <Item Name="美元" Prompt="美元"/>
        <Item Name="收款机" Prompt="收款机"/>
        <Item Name="名片" Prompt="名片"/>
        <Item Name="办公室职员" Prompt="办公室职员"/>
        <Item Name="团队" Prompt="团队"/>
        <Item Name="记事本" Prompt="记事本"/>
        <Item Name="分析" Prompt="分析"/>
        <Item Name="文件夹" Prompt="文件夹"/>
        <Item Name="发票" Prompt="发票"/>
        <Item Name="储钱罐" Prompt="储钱罐"/>
        <Item Name="扬声器" Prompt="扬声器"/>
        <Item Name="竞争" Prompt="竞争"/>
        <Item Name="竞争" Prompt="竞争"/>
        <Item Name="奖杯" Prompt="奖杯"/>
        <Item Name="奖牌" Prompt="奖牌"/>
        <Item Name="奖品" Prompt="奖品"/>
        <Item Name="幻灯片" Prompt="幻灯片"/>
        <Item Name="幻灯片" Prompt="幻灯片"/>
        <Item Name="幻灯片" Prompt="幻灯片"/>
        <Item Name="雨伞" Prompt="雨伞"/>
    </Lib>
	<Lib Path="./Symbols/Plant.mdt">
    <Item Name="树木" Prompt="树木"/>
    <Item Name="花朵" Prompt="花朵"/>
    <Item Name="花朵" Prompt="花朵"/>
    <Item Name="草" Prompt="草"/>
    <Item Name="树木" Prompt="树木"/>
    <Item Name="四叶苜蓿" Prompt="四叶苜蓿"/>
    <Item Name="树木" Prompt="树木"/>
    <Item Name="榕树" Prompt="榕树"/>
    <Item Name="雪松" Prompt="雪松"/>
    <Item Name="叶子" Prompt="叶子"/>
    <Item Name="叶子" Prompt="叶子"/>
    <Item Name="叶子" Prompt="叶子"/>
    <Item Name="仙人掌" Prompt="仙人掌"/>
    <Item Name="蘑菇" Prompt="蘑菇"/>
    <Item Name="盆栽" Prompt="盆栽"/>
    <Item Name="盆栽" Prompt="盆栽"/>
    <Item Name="盆栽" Prompt="盆栽"/>
    <Item Name="盆栽" Prompt="盆栽"/>
    <Item Name="仙人掌" Prompt="仙人掌"/>
    <Item Name="仙人掌" Prompt="仙人掌"/>
    <Item Name="叶子" Prompt="叶子"/>
    <Item Name="叶子" Prompt="叶子"/>
    <Item Name="叶子" Prompt="叶子"/>
    <Item Name="叶子" Prompt="叶子"/>
    <Item Name="叶子" Prompt="叶子"/>
    <Item Name="叶子" Prompt="叶子"/>
</Lib>
<Lib Path="./Symbols/Professions.mdt">
    <Item Name="女员工" Prompt="女员工"/>
    <Item Name="女教师" Prompt="女教师"/>
    <Item Name="篮球运动员" Prompt="篮球运动员"/>
    <Item Name="女毕业生" Prompt="女毕业生"/>
    <Item Name="女医生" Prompt="女医生"/>
    <Item Name="男医生" Prompt="男医生"/>
    <Item Name="牙医" Prompt="牙医"/>
    <Item Name="厨师" Prompt="厨师"/>
    <Item Name="主席" Prompt="主席"/>
    <Item Name="程序员" Prompt="程序员"/>
    <Item Name="学生" Prompt="学生"/>
    <Item Name="客服" Prompt="客服"/>
    <Item Name="男员工" Prompt="男员工"/>
    <Item Name="理发师" Prompt="理发师"/>
    <Item Name="圣诞老人" Prompt="圣诞老人"/>
    <Item Name="牧师" Prompt="牧师"/>
    <Item Name="法官" Prompt="法官"/>
    <Item Name="工人" Prompt="工人"/>
    <Item Name="警察" Prompt="警察"/>
    <Item Name="母亲" Prompt="母亲"/>
    <Item Name="说唱歌手" Prompt="说唱歌手"/>
    <Item Name="女学生" Prompt="女学生"/>
</Lib>
<Lib Path="./Symbols/RoadSign.mdt">
    <Item Name="禁止直行和向右转" Prompt="禁止直行和向右转"/>
    <Item Name="禁止直行和向左转" Prompt="禁止直行和向左转"/>
    <Item Name="禁止掉头" Prompt="禁止掉头"/>
    <Item Name="禁止左转" Prompt="禁止左转"/>
    <Item Name="禁止右转" Prompt="禁止右转"/>
    <Item Name="禁止行人通行" Prompt="禁止行人通行"/>
    <Item Name="禁止超车" Prompt="禁止超车"/>
    <Item Name="禁止通行" Prompt="禁止通行"/>
    <Item Name="禁止左转或右转" Prompt="禁止左转或右转"/>
    <Item Name="禁止非机动车通行" Prompt="禁止非机动车通行"/>
    <Item Name="禁止机动车通行" Prompt="禁止机动车通行"/>
    <Item Name="禁止卡车通行" Prompt="禁止卡车通行"/>
    <Item Name="双向交通" Prompt="双向交通"/>
    <Item Name="十字交叉" Prompt="十字交叉"/>
    <Item Name="T形交叉" Prompt="T形交叉"/>
    <Item Name="T形交叉" Prompt="T形交叉"/>
    <Item Name="注意信号灯" Prompt="注意信号灯"/>
    <Item Name="雷电警告" Prompt="雷电警告"/>
    <Item Name="T形交叉" Prompt="T形交叉"/>
    <Item Name="Y形交叉" Prompt="Y形交叉"/>
    <Item Name="驼峰桥" Prompt="驼峰桥"/>
    <Item Name="危险" Prompt="危险"/>
    <Item Name="注意跌落" Prompt="注意跌落"/>
    <Item Name="注意非机动车" Prompt="注意非机动车"/>
    <Item Name="环岛" Prompt="环岛"/>
    <Item Name="两侧变窄" Prompt="两侧变窄"/>
    <Item Name="驼峰桥" Prompt="驼峰桥"/>
    <Item Name="注意骑马道" Prompt="注意骑马道"/>
    <Item Name="限高警告" Prompt="限高警告"/>
    <Item Name="注意落石" Prompt="注意落石"/>
    <Item Name="易滑" Prompt="易滑"/>
    <Item Name="注意儿童" Prompt="注意儿童"/>
    <Item Name="注意牲畜" Prompt="注意牲畜"/>
    <Item Name="上陡坡" Prompt="上陡坡"/>
    <Item Name="下陡坡" Prompt="下陡坡"/>
    <Item Name="陡坡" Prompt="陡坡"/>
    <Item Name="注意危险" Prompt="注意危险"/>
    <Item Name="禁止通行" Prompt="禁止通行"/>
    <Item Name="向主干道汇流" Prompt="向主干道汇流"/>
    <Item Name="车辆绕行" Prompt="车辆绕行"/>
    <Item Name="注意弯道" Prompt="注意弯道"/>
    <Item Name="双向交通" Prompt="双向交通"/>
    <Item Name="注意桥面" Prompt="注意桥面"/>
    <Item Name="注意信号灯" Prompt="注意信号灯"/>
    <Item Name="注意行人" Prompt="注意行人"/>
    <Item Name="路面施工" Prompt="路面施工"/>
    <Item Name="禁止通行" Prompt="禁止通行"/>
    <Item Name="减速让行" Prompt="减速让行"/>
    <Item Name="分流处" Prompt="分流处"/>
    <Item Name="禁止通行" Prompt="禁止通行"/>
    <Item Name="禁止驶入" Prompt="禁止驶入"/>
    <Item Name="禁止通行" Prompt="禁止通行"/>
    <Item Name="禁止行人通行" Prompt="禁止行人通行"/>
    <Item Name="禁止巴士通行" Prompt="禁止巴士通行"/>
    <Item Name="禁止拖车通行" Prompt="禁止拖车通行"/>
    <Item Name="禁止卡车通行" Prompt="禁止卡车通行"/>
    <Item Name="限制车长" Prompt="限制车长"/>
    <Item Name="禁止非机动车通行" Prompt="禁止非机动车通行"/>
    <Item Name="禁止摩托车通行" Prompt="禁止摩托车通行"/>
    <Item Name="禁止马车通行" Prompt="禁止马车通行"/>
    <Item Name="禁止机动车和非机动车通行" Prompt="禁止机动车和非机动车通行"/>
    <Item Name="禁止机动车通行" Prompt="禁止机动车通行"/>
    <Item Name="禁止通行" Prompt="禁止通行"/>
    <Item Name="禁止通行" Prompt="禁止通行"/>
    <Item Name="禁止掉头" Prompt="禁止掉头"/>
    <Item Name="禁止停车" Prompt="禁止停车"/>
    <Item Name="禁止左转" Prompt="禁止左转"/>
    <Item Name="禁止右转" Prompt="禁止右转"/>
    <Item Name="限速" Prompt="限速"/>
    <Item Name="限高" Prompt="限高"/>
    <Item Name="限宽" Prompt="限宽"/>
    <Item Name="禁止通行" Prompt="禁止通行"/>
    <Item Name="限重" Prompt="限重"/>
    <Item Name="环岛" Prompt="环岛"/>
    <Item Name="非机动车可通行" Prompt="非机动车可通行"/>
    <Item Name="右侧通行" Prompt="右侧通行"/>
    <Item Name="右转" Prompt="右转"/>
    <Item Name="行人和非机动车道" Prompt="行人和非机动车道"/>
    <Item Name="行人和非机动车道分离" Prompt="行人和非机动车道分离"/>
    <Item Name="最低时速" Prompt="最低时速"/>
    <Item Name="加油站" Prompt="加油站"/>
    <Item Name="旅馆" Prompt="旅馆"/>
    <Item Name="人行道" Prompt="人行道"/>
    <Item Name="厕所" Prompt="厕所"/>
    <Item Name="餐饮休息站" Prompt="餐饮休息站"/>
    <Item Name="停车场" Prompt="停车场"/>
    <Item Name="紧急呼救" Prompt="紧急呼救"/>
</Lib>
<Lib Path="./Symbols/SeaLife.mdt">
    <Item Name="螃蟹" Prompt="螃蟹"/>
    <Item Name="龙虾" Prompt="龙虾"/>
    <Item Name="鱿鱼" Prompt="鱿鱼"/>
    <Item Name="海藻" Prompt="海藻"/>
    <Item Name="海马" Prompt="海马"/>
    <Item Name="海螺" Prompt="海螺"/>
    <Item Name="海参" Prompt="海参"/>
    <Item Name="海带" Prompt="海带"/>
    <Item Name="龙虾" Prompt="龙虾"/>
    <Item Name="海螺" Prompt="海螺"/>
    <Item Name="贝壳" Prompt="贝壳"/>
    <Item Name="贝壳" Prompt="贝壳"/>
    <Item Name="水母" Prompt="水母"/>
    <Item Name="海星" Prompt="海星"/>
    <Item Name="金鱼" Prompt="金鱼"/>
    <Item Name="鱼" Prompt="鱼"/>
    <Item Name="鱼" Prompt="鱼"/>
    <Item Name="海象" Prompt="海象"/>
    <Item Name="鲨鱼" Prompt="鲨鱼"/>
    <Item Name="海豹" Prompt="海豹"/>
    <Item Name="海豚" Prompt="海豚"/>
    <Item Name="蝙蝠鱼" Prompt="蝙蝠鱼"/>
    <Item Name="章鱼" Prompt="章鱼"/>
    <Item Name="海龟" Prompt="海龟"/>
    <Item Name="企鹅" Prompt="企鹅"/>
</Lib>
<Lib Path="./Symbols/Sport.mdt">
    <Item Name="篮球" Prompt="篮球"/>
    <Item Name="排球" Prompt="排球"/>
    <Item Name="足球" Prompt="足球"/>
    <Item Name="棒球" Prompt="棒球"/>
    <Item Name="瑜伽球" Prompt="瑜伽球"/>
    <Item Name="壁球" Prompt="壁球"/>
    <Item Name="台球" Prompt="台球"/>
    <Item Name="网球" Prompt="网球"/>
    <Item Name="运动衣" Prompt="运动衣"/>
    <Item Name="板球" Prompt="板球"/>
    <Item Name="橄榄球" Prompt="橄榄球"/>
    <Item Name="羽毛球" Prompt="羽毛球"/>
    <Item Name="滑板" Prompt="滑板"/>
    <Item Name="乒乓球拍" Prompt="乒乓球拍"/>
    <Item Name="棒球" Prompt="棒球"/>
    <Item Name="滑冰鞋" Prompt="滑冰鞋"/>
    <Item Name="泳镜" Prompt="泳镜"/>
    <Item Name="轮滑" Prompt="轮滑"/>
    <Item Name="哑铃" Prompt="哑铃"/>
    <Item Name="拳击手套" Prompt="拳击手套"/>
    <Item Name="保龄球" Prompt="保龄球"/>
    <Item Name="呼啦圈" Prompt="呼啦圈"/>
    <Item Name="领奖台" Prompt="领奖台"/>
    <Item Name="救生圈" Prompt="救生圈"/>
    <Item Name="旗子" Prompt="旗子"/>
    <Item Name="头盔" Prompt="头盔"/>
    <Item Name="健身包" Prompt="健身包"/>
    <Item Name="杠铃" Prompt="杠铃"/>
    <Item Name="哨子" Prompt="哨子"/>
    <Item Name="赛艇" Prompt="赛艇"/>
    <Item Name="篮球场" Prompt="篮球场"/>
    <Item Name="奖牌" Prompt="奖牌"/>
    <Item Name="潜水器" Prompt="潜水器"/>
    <Item Name="跳绳" Prompt="跳绳"/>
    <Item Name="击剑" Prompt="击剑"/>
    <Item Name="跆拳道服" Prompt="跆拳道服"/>
    <Item Name="高尔夫" Prompt="高尔夫"/>
    <Item Name="握力器" Prompt="握力器"/>
    <Item Name="瑜伽垫" Prompt="瑜伽垫"/>
    <Item Name="奖杯" Prompt="奖杯"/>
</Lib>
 <Lib Path="./Symbols/Technology.mdt">
    <Item Name="外星人" Prompt="外星人"/>
    <Item Name="发射塔" Prompt="发射塔"/>
    <Item Name="机器人" Prompt="机器人"/>
    <Item Name="星球" Prompt="星球"/>
    <Item Name="火箭" Prompt="火箭"/>
    <Item Name="卫星" Prompt="卫星"/>
    <Item Name="灯光" Prompt="灯光"/>
    <Item Name="电脑" Prompt="电脑"/>
    <Item Name="分子结构" Prompt="分子结构"/>
    <Item Name="显微镜" Prompt="显微镜"/>
    <Item Name="摄像头" Prompt="摄像头"/>
    <Item Name="传输线" Prompt="传输线"/>
    <Item Name="苹果随身听" Prompt="苹果随身听"/>
    <Item Name="鼠标" Prompt="鼠标"/>
    <Item Name="烧瓶" Prompt="烧瓶"/>
    <Item Name="卫星" Prompt="卫星"/>
    <Item Name="卫星" Prompt="卫星"/>
    <Item Name="头戴式耳机" Prompt="头戴式耳机"/>
    <Item Name="路由器" Prompt="路由器"/>
    <Item Name="照相机" Prompt="照相机"/>
    <Item Name="麦克风" Prompt="麦克风"/>
    <Item Name="信号塔" Prompt="信号塔"/>
    <Item Name="扬声器" Prompt="扬声器"/>
    <Item Name="天文望远镜" Prompt="天文望远镜"/>
</Lib>
 <Lib Path="./Symbols/Tourism.mdt">
    <Item Name="银行卡" Prompt="银行卡"/>
    <Item Name="钱包" Prompt="钱包"/>
    <Item Name="备忘录" Prompt="备忘录"/>
    <Item Name="钟" Prompt="钟"/>
    <Item Name="票" Prompt="票"/>
    <Item Name="雪山" Prompt="雪山"/>
    <Item Name="指南针" Prompt="指南针"/>
    <Item Name="购物袋" Prompt="购物袋"/>
    <Item Name="飞机票" Prompt="飞机票"/>
    <Item Name="签证" Prompt="签证"/>
    <Item Name="出租车" Prompt="出租车"/>
    <Item Name="照相机" Prompt="照相机"/>
    <Item Name="行李" Prompt="行李"/>
    <Item Name="旅馆" Prompt="旅馆"/>
    <Item Name="果汁" Prompt="果汁"/>
    <Item Name="椰树" Prompt="椰树"/>
    <Item Name="冰激凌" Prompt="冰激凌"/>
    <Item Name="兑换货币" Prompt="兑换货币"/>
    <Item Name="冰激凌" Prompt="冰激凌"/>
    <Item Name="地图" Prompt="地图"/>
    <Item Name="美食" Prompt="美食"/>
    <Item Name="拖鞋" Prompt="拖鞋"/>
    <Item Name="热气球" Prompt="热气球"/>
    <Item Name="路标" Prompt="路标"/>
    <Item Name="雨伞" Prompt="雨伞"/>
    <Item Name="火车" Prompt="火车"/>
    <Item Name="双层巴士" Prompt="双层巴士"/>
    <Item Name="太阳帽" Prompt="太阳帽"/>
    <Item Name="背包" Prompt="背包"/>
    <Item Name="地址" Prompt="地址"/>
    <Item Name="手推车" Prompt="手推车"/>
</Lib>
<Lib Path="./Symbols/Transportation.mdt">
    <Item Name="飞机" Prompt="飞机"/>
    <Item Name="电瓶车" Prompt="电瓶车"/>
    <Item Name="轿车" Prompt="轿车"/>
    <Item Name="地铁" Prompt="地铁"/>
    <Item Name="交通灯" Prompt="交通灯"/>
    <Item Name="巴士" Prompt="巴士"/>
    <Item Name="电瓶车" Prompt="电瓶车"/>
    <Item Name="轮船" Prompt="轮船"/>
    <Item Name="游艇" Prompt="游艇"/>
    <Item Name="卡车" Prompt="卡车"/>
    <Item Name="拖拉机" Prompt="拖拉机"/>
    <Item Name="自行车" Prompt="自行车"/>
    <Item Name="帆船" Prompt="帆船"/>
    <Item Name="测井轮" Prompt="测井轮"/>
    <Item Name="潜水艇" Prompt="潜水艇"/>
    <Item Name="摩托车" Prompt="摩托车"/>
    <Item Name="汽车" Prompt="汽车"/>
    <Item Name="电瓶车" Prompt="电瓶车"/>
    <Item Name="巴士" Prompt="巴士"/>
    <Item Name="火箭" Prompt="火箭"/>
    <Item Name="救护车" Prompt="救护车"/>
    <Item Name="汽车" Prompt="汽车"/>
    <Item Name="直升机" Prompt="直升机"/>
</Lib>
    <Lib Path="./Symbols/Weather.mdt">
        <Item Name="云朵" Prompt="云朵"/>
    <Item Name="晴天" Prompt="晴天"/>
    <Item Name="多云" Prompt="多云"/>
    <Item Name="阴天" Prompt="阴天"/>
    <Item Name="阵雨" Prompt="阵雨"/>
    <Item Name="大雨" Prompt="大雨"/>
    <Item Name="小雨" Prompt="小雨"/>
    <Item Name="小雪" Prompt="小雪"/>
    <Item Name="大雪" Prompt="大雪"/>
    <Item Name="雨夹雪" Prompt="雨夹雪"/>
    <Item Name="龙卷风" Prompt="龙卷风"/>
    <Item Name="夜晚" Prompt="夜晚"/>
    <Item Name="星空" Prompt="星空"/>
    <Item Name="雷雨" Prompt="雷雨"/>
    <Item Name="闪电" Prompt="闪电"/>
    <Item Name="雾" Prompt="雾"/>
    <Item Name="雾" Prompt="雾"/>
    <Item Name="冰雹" Prompt="冰雹"/>
    <Item Name="飘尘" Prompt="飘尘"/>
    <Item Name="风暴" Prompt="风暴"/>
    <Item Name="风向仪" Prompt="风向仪"/>
    <Item Name="雪夜" Prompt="雪夜"/>
    <Item Name="多云的夜晚" Prompt="多云的夜晚"/>
    <Item Name="龙卷风之夜" Prompt="龙卷风之夜"/>
    <Item Name="雨夜" Prompt="雨夜"/>
    <Item Name="有雾的夜晚" Prompt="有雾的夜晚"/>
    <Item Name="彩虹" Prompt="彩虹"/>
    <Item Name="粉尘测定仪" Prompt="粉尘测定仪"/>
    </Lib>
</Libraries>
