<?xml version="1.0" encoding="utf-8"?>
<Libraries>
    <Lib Path="./Symbols/Animal.mdt">
        <Item Name="Nilpferd" Prompt="Nilpferd"/>
        <Item Name="Biene" Prompt="Biene"/>
        <Item Name="Kuh" Prompt="Kuh"/>
        <Item Name="Hase" Prompt="Hase"/>
        <Item Name="Tiger" Prompt="Tiger"/>
        <Item Name="Maus" Prompt="Maus"/>
        <Item Name="Pferd" Prompt="Pferd"/>
        <Item Name="Reh" Prompt="Reh"/>
        <Item Name="Löwe" Prompt="Löwe"/>
        <Item Name="Elefant" Prompt="Elefant"/>
        <Item Name="Panda" Prompt="Panda"/>
        <Item Name="Braunbär" Prompt="Braunbär"/>
        <Item Name="Hund" Prompt="Hund"/>
        <Item Name="Schaf" Prompt="Schaf"/>
        <Item Name="Schwein" Prompt="Schwein"/>
        <Item Name="Giraffe" Prompt="Giraffe"/>
        <Item Name="Koala" Prompt="Koala"/>
        <Item Name="Katze" Prompt="Katze"/>
        <Item Name="Affe" Prompt="Affe"/>
        <Item Name="Fuchs" Prompt="Fuchs"/>
    </Lib>
	<Lib Path="./Symbols/Education.mdt">
        <Item Name="Brief" Prompt="Brief"/>
        <Item Name="Trophäe" Prompt="Trophäe"/>
        <Item Name="Schultafel" Prompt="Schultafel"/>
        <Item Name="Bleistift und Maßstab" Prompt="Bleistift und Maßstab"/>
        <Item Name="Diapositiv" Prompt="Diapositiv"/>
        <Item Name="Schultasche" Prompt="Schultasche"/>
        <Item Name="Globus" Prompt="Globus"/>
        <Item Name="Notizblock" Prompt="Notizblock"/>
        <Item Name="Notizbuch" Prompt="Notizbuch"/>
        <Item Name="Reagenzglas" Prompt="Reagenzglas"/>
        <Item Name="Tischlampe" Prompt="Tischlampe"/>
        <Item Name="Sanduhr" Prompt="Sanduhr"/>
        <Item Name="Medaille" Prompt="Medaille"/>
        <Item Name="Doktorhut" Prompt="Doktorhut"/>
        <Item Name="Schreibstift" Prompt="Schreibstift"/>
        <Item Name="Ordner" Prompt="Ordner"/>
        <Item Name="Paper file" Prompt="Paper file"/>
        <Item Name="Schule" Prompt="Schule"/>
        <Item Name="Zeitung" Prompt="Zeitung"/>
        <Item Name="Algorithmus" Prompt="Algorithmus"/>
        <Item Name="Englische Buchstaben" Prompt="Englische Buchstaben"/>
        <Item Name="Zell" Prompt="Zell"/>
        <Item Name="Mikroskop" Prompt="Mikroskop"/>
        <Item Name="Bambus slip" Prompt="Bambus slip"/>
        <Item Name="Buch öffnen" Prompt="Buch öffnen"/>
        <Item Name="Vergrößerungsglas" Prompt="Vergrößerungsglas"/>
        <Item Name="Kompass" Prompt="Kompass"/>
        <Item Name="Glaskolben" Prompt="Glaskolben"/>
        <Item Name="Molekül" Prompt="Molekül"/>
        <Item Name="Schulbus" Prompt="Schulbus"/>
        <Item Name="Brush pot" Prompt="Brush pot"/>
        <Item Name="Doktorhut" Prompt="Doktorhut"/>
        <Item Name="Buch" Prompt="Buch"/>
        <Item Name="Zeugnisse" Prompt="Zeugnisse"/>
        <Item Name="Brille" Prompt="Brille"/>
        <Item Name="Computertisch" Prompt="Computertisch"/>
        <Item Name="Birne" Prompt="Birne"/>
        <Item Name="Handuhr" Prompt="Handuhr"/>
        <Item Name="Federmesser" Prompt="Federmesser"/>
        <Item Name="Kugelschreiber" Prompt="Kugelschreiber"/>
        <Item Name="Bleistift" Prompt="Bleistift"/>
        <Item Name="Chinesischer Pinsel" Prompt="Chinesischer Pinsel"/>
        <Item Name="Markierstift" Prompt="Markierstift"/>
        <Item Name="Tanzen" Prompt="Tanzen"/>
        <Item Name="Diskussion" Prompt="Diskussion"/> 
        <Item Name="Herz" Prompt="Herz"/>
        <Item Name="Radiergummi" Prompt="Radiergummi"/>
        <Item Name="Malkasten" Prompt="Malkasten"/>
        <Item Name="Palette" Prompt="Palette"/>
        <Item Name="Zirkel" Prompt="Zirkel"/>
        <Item Name="Pinsel" Prompt="Pinsel"/>
    </Lib> 
	<Lib Path="./Symbols/ElectronicDevices.mdt">
        <Item Name="Fernseher" Prompt="Fernseher"/>
        <Item Name="LCD Fernseher" Prompt="LCD Fernseher"/>
        <Item Name="Tablet-PC" Prompt="Tablet-PC"/>
        <Item Name="Desktop-Rechner" Prompt="Desktop-Rechner"/>
        <Item Name="Notebook-Computer" Prompt="Notebook-Computer"/>
        <Item Name="Maus" Prompt="Maus"/>
        <Item Name="Printer" Prompt="Printer"/>
        <Item Name="Handy" Prompt="Handy"/>
        <Item Name="Handy" Prompt="Handy"/>
        <Item Name="Uhr" Prompt="Uhr"/>
        <Item Name="Telefon" Prompt="Telefon"/>
        <Item Name="USB-Stick" Prompt="USB-Stick"/>
        <Item Name="Taschenrechner" Prompt="Taschenrechner"/>
        <Item Name="Handuhr" Prompt="Watch"/>
        <Item Name="Apple Uhr" Prompt="Apple Uhr"/>
        <Item Name="Microsoft Band" Prompt="Microsoft Band"/>
        <Item Name="VR Brille" Prompt="VR Brille"/>
        <Item Name="Server" Prompt="Server"/>
        <Item Name="Haupttriebwerk" Prompt="Haupttriebwerk"/>
        <Item Name="Konverter" Prompt="Konverter"/>
        <Item Name="Radio" Prompt="Radio"/>
        <Item Name="Fax" Prompt="Fax"/>
        <Item Name="Unbemanntes Luftfahrzeug (uav)" Prompt="Unbemanntes Luftfahrzeug (uav)"/>
        <Item Name="Unbemanntes Luftfahrzeug (uav)" Prompt="Unbemanntes Luftfahrzeug (uav)"/>
        <Item Name="Kamera" Prompt="Kamera"/>
        <Item Name="Kamera" Prompt="Kamera"/>
        <Item Name="Mikrofon" Prompt="Mikrofon"/>
		<Item Name="Kamera" Prompt="Kamera"/>
        <Item Name="Diskette" Prompt="Diskette"/>
        <Item Name="Lautsprecherbox" Prompt="Lautsprecherbox"/>
        <Item Name="MP3" Prompt="MP3"/>
        <Item Name="Digitale Tafel" Prompt="Digital board"/>
        <Item Name="Projector" Prompt="Projector"/>
		<Item Name="Router" Prompt="Router"/>
        <Item Name="Kamera" Prompt="Kamera"/>
        <Item Name="Gegensprechanlage" Prompt="Gegensprechanlage"/>
        <Item Name="Headset" Prompt="Headset"/>
        <Item Name="Game Boy" Prompt="Game Boy"/>
    </Lib>
	<Lib Path="./Symbols/EnvironmentalProtection.mdt">
        <Item Name="Sparen Wasser" Prompt="Sparen Wasser"/>
        <Item Name="Erde" Prompt="Erde"/>
        <Item Name="Energiesparlampen" Prompt="Energiesparlampen"/>
        <Item Name="Energiesparlampen" Prompt="Energiesparlampen"/>
        <Item Name="Elektro-Auto" Prompt="Elektro-Auto"/>
        <Item Name="Sonne" Prompt="Sonne"/>
        <Item Name="Müll" Prompt="Müll"/>
        <Item Name="Abfall" Prompt="Abfall"/>
        <Item Name="Fahrrad" Prompt="Fahrrad"/>
        <Item Name="Umweltfreundliches Wohnen" Prompt="Umweltfreundliches Wohnen"/>
        <Item Name="Solar-Energie" Prompt="Solar-Energie"/>
        <Item Name="Wind" Prompt="Wind"/>
        <Item Name="Wind" Prompt="Wind"/>
        <Item Name="Umweltschutztasche" Prompt="Umweltschutztasche"/>
        <Item Name="Wasserkreislauf" Prompt="Wasserkreislauf"/>
        <Item Name="Umweltzeichen" Prompt="Umweltzeichen"/>
        <Item Name="Umweltzeichen" Prompt="Umweltzeichen"/>
        <Item Name="Medaille" Prompt="Medaille"/>
        <Item Name="Umweltschutz-Logo" Prompt="Umweltschutz-Logo"/>
        <Item Name="Umweltschutz-Logo" Prompt="Umweltschutz-Logo"/>
        <Item Name="Rauch" Prompt="Rauch"/>
        <Item Name="Leichter smoke" Prompt="Leichter smoke"/>
        <Item Name="Leiter" Prompt="Leiter"/>
        <Item Name="sink" Prompt="sink"/>
        <Item Name="sink" Prompt="sink"/>
        <Item Name="Fabrik" Prompt="Fabrik"/>
        <Item Name="Recycling-Etikett" Prompt="Recycling-Etikett"/>
        <Item Name="Wolke" Prompt="Wolke"/>
        <Item Name="Baum" Prompt="Baum"/>
        <Item Name="Kaktus" Prompt="Kaktus"/>
        <Item Name="Umweltschutzbox" Prompt="Umweltschutzbox"/>
        <Item Name="Straßenschild" Prompt="Straßenschild"/>
        <Item Name="Heißluftballon" Prompt="Heißluftballon"/>
        <Item Name="Recycled-Papier" Prompt="Recycled-Papier"/>
        <Item Name="Batterie" Prompt="Batterie"/>
        <Item Name="Kamin" Prompt="Kamin"/>
        <Item Name="Bürogebäude" Prompt="Bürogebäude"/>
        <Item Name="Schule" Prompt="Schule"/>
        <Item Name="Kran" Prompt="Kran"/>
        <Item Name="Umweltschutz" Prompt="Umweltschutz"/>
        <Item Name="Wasserhahn" Prompt="Wasserhahn"/>
		<Item Name="Recycling-Flaschen" Prompt="Recycling-Flaschen"/>
    </Lib>
	<Lib Path="./Symbols/Expressions.mdt">
        <Item Name="lächeln" Prompt="lächeln"/>
        <Item Name="glücklich" Prompt="glücklich"/>
        <Item Name="erstaunt" Prompt="erstaunt"/>
        <Item Name="Blink" Prompt="Blink"/>
        <Item Name="Lieblichkeit" Prompt="Lieblichkeit"/>
        <Item Name="Gleichgültigkeit" Prompt="indifference"/>
        <Item Name="unzufrieden" Prompt="unzufrieden"/>
        <Item Name="wütend" Prompt="wütend"/>
        <Item Name="verachten" Prompt="verachten"/>
        <Item Name="entschuldigt" Prompt="entschuldigt"/>
        <Item Name="verlegen" Prompt="verlegen"/>
        <Item Name="süß" Prompt="süß"/>
        <Item Name="habegierig" Prompt="habegierig"/>
        <Item Name="hässig" Prompt="hässig"/>
        <Item Name="ängstlich" Prompt="ängstlich"/>
        <Item Name="wütend" Prompt="wütend"/>
        <Item Name="nervös" Prompt="nervös"/>
        <Item Name="enttäuscht" Prompt="enttäuscht"/>
    </Lib>
	<Lib Path="./Symbols/Food.mdt">
        <Item Name="Geschirr" Prompt="Geschirr"/>
        <Item Name="Ananas" Prompt="Ananas"/>
        <Item Name="Geburtstagkuchen" Prompt="Geburtstagkuchen"/>
        <Item Name="Napfkuchen" Prompt="Napfkuchen"/>
        <Item Name="Getränke" Prompt="Getränke"/>
        <Item Name="Hamburg" Prompt="Hamburg"/>
        <Item Name="Rotwein" Prompt="Rotwein"/>
        <Item Name="Teekessel" Prompt="Teekessel"/>
        <Item Name="Orange" Prompt="Orange"/>
        <Item Name="Brathühnchen" Prompt="Brathühnchen"/>
        <Item Name="Grüner Paprika" Prompt="Grüner Paprika"/>
        <Item Name="Birne" Prompt="Birne"/>
        <Item Name="Karotte" Prompt="Karotte"/>
        <Item Name="Kiwifrucht" Prompt="Kiwifrucht"/>
        <Item Name="Reis" Prompt="Reis"/>
        <Item Name="Apfel" Prompt="Apfel"/>
        <Item Name="Erbse" Prompt="Erbse"/>
        <Item Name="Bacon" Prompt="Bacon"/>
        <Item Name="Avocadobirne" Prompt="Avocadobirne"/>
        <Item Name="Banana" Prompt="Banana"/>
        <Item Name="Eierfrucht" Prompt="Eierfrucht"/>
        <Item Name="Zitrone" Prompt="Zitrone"/>
        <Item Name="Keks" Prompt="Keks"/>
        <Item Name="Brokkoli" Prompt="Brokkoli"/>
        <Item Name="Croissant" Prompt="Croissant"/>
        <Item Name="Zuckerstange" Prompt="Zuckerstange"/>
        <Item Name="Schinkenwurst" Prompt="Schinkenwurst"/>
        <Item Name="Kirsche" Prompt="Kirsche"/>
        <Item Name="Ananasbrot" Prompt="Ananasbrot"/>
        <Item Name="Eier" Prompt="Eier"/>
        <Item Name="Fisch" Prompt="Fisch"/>
        <Item Name="Tee" Prompt="Tee"/>
        <Item Name="Bier" Prompt="Bier"/>
        <Item Name="Süßigkeiten" Prompt="Süßigkeiten"/>
        <Item Name="Keule" Prompt="Keule"/>
        <Item Name="Chili" Prompt="Chili"/>
        <Item Name="Mango" Prompt="Mango"/>
        <Item Name="Joghurt" Prompt="Joghurt"/>
        <Item Name="Wassermelone" Prompt="Watermelone"/>
        <Item Name="Kalte Getränke" Prompt="Kalte Getränke"/>
        <Item Name="Koffee" Prompt="Koffee"/>
        <Item Name="Pilz" Prompt="Pilz"/>
        <Item Name="Coca Cola" Prompt="Coca Cola"/>
        <Item Name="Nudeln" Prompt="Nudeln"/>
        <Item Name="Pommes frites" Prompt="Pommes frites"/>
        <Item Name="Pizza" Prompt="Pizza"/>
        <Item Name="Fleisch" Prompt="Fleisch"/>
        <Item Name="Eis" Prompt="Eis"/>
        <Item Name="Krapfen" Prompt="Krapfen"/>
        <Item Name="Traube" Prompt="Traube"/>
        <Item Name="Spiegeleier" Prompt="Spiegeleier"/>
    </Lib>
	<Lib Path="./Symbols/Holiday.mdt">
        <Item Name="Stechpalme" Prompt="Stechpalme"/>
        <Item Name="Schlittenwagen" Prompt="Schlittenwagen"/>
        <Item Name="Geschenktasche" Prompt="Geschenktasche"/>
        <Item Name="Geschenk" Prompt="Geschenk"/>
        <Item Name="Weihnachtsbaum" Prompt="Weihnachtsbaum"/>
        <Item Name="Handschuh" Prompt="Handschuh"/>
        <Item Name="Weihnachtsstrumpf" Prompt="Weihnachtsstrumpf"/>
        <Item Name="Weihnachtsmann" Prompt="Weihnachtsmann"/>
        <Item Name="Weihnachtsmütze" Prompt="Weihnachtsmütze"/>
        <Item Name="Weihnachtsglocke" Prompt="Weihnachtsglocke"/>
        <Item Name="Kugeln" Prompt="Kugeln"/>
        <Item Name="Lebkuchen" Prompt="Lebkuchen"/>
        <Item Name="Schneemann" Prompt="Schneemann"/>
        <Item Name="Rentier" Prompt="Rentier"/>
        <Item Name="Schneeflocke" Prompt="Schneeflocke"/>
        <Item Name="Kuchen" Prompt="Kuchen"/>
        <Item Name="Ballon" Prompt="Ballon"/>
        <Item Name="Kerze" Prompt="Kerze"/>
        <Item Name="Weihnachtsgeweih" Prompt="Weihnachtsgeweih"/>
        <Item Name="Feuerwerk" Prompt="Feuerwerk"/>
        <Item Name="Anhänger" Prompt="Anhänger"/>
        <Item Name="Feuerwerk" Prompt="Feuerwerk"/>
        <Item Name="Laterne" Prompt="Laterne"/>
        <Item Name="Laterne" Prompt="Laterne"/>
        <Item Name="Hut" Prompt="Hut"/>
        <Item Name="Fu Schriftzeichen" Prompt="Fu Schriftzeichen"/>
        <Item Name="Roter Umschlag" Prompt="Roter Umschlag"/>
        <Item Name="Herzschloss" Prompt="Herzschloss"/>
        <Item Name="Schokolade" Prompt="Schokolade"/>
        <Item Name="Ein Paar Turteltauben" Prompt="Ein Paar Turteltauben"/>
        <Item Name="Dialogbox" Prompt="Dialogbox"/>
        <Item Name="Hochzeitskleid" Prompt="Hochzeitskleid"/>
        <Item Name="Anzug" Prompt="Anzug"/>
        <Item Name="Rose" Prompt="Rose"/>
        <Item Name="Ring" Prompt="Ring"/>
        <Item Name="Halskette" Prompt="Halskette"/>
        <Item Name="Liebesbrief" Prompt="Liebesbrief"/>
        <Item Name="Fotografie" Prompt="Fotografie"/>
        <Item Name="Krone" Prompt="Krone"/>
        <Item Name="Kürbis" Prompt="Kürbis"/>
        <Item Name="Geist" Prompt="Geist"/>
        <Item Name="Bat" Prompt="Bat"/>
        <Item Name="Geist" Prompt="Geist"/>
        <Item Name="Grab" Prompt="Grab"/>
        <Item Name="Hexenhut" Prompt="Hexenhut"/>
        <Item Name="Ahornblatt" Prompt="Ahornblatt"/>
        <Item Name="Osterei" Prompt="Osterei"/>
        <Item Name="Mask" Prompt="Mask"/>
        <Item Name="Geburtstagswünsche" Prompt="Geburtstagswünsche"/>
        <Item Name="Kerze" Prompt="Kerze"/>
        <Item Name="Kerze" Prompt="Kerze"/>
		<Item Name="Kerze" Prompt="Kerze"/>
		<Item Name="Kerze" Prompt="Kerze"/>
		<Item Name="Kerze" Prompt="Kerze"/>
		<Item Name="Kerze" Prompt="Kerze"/>
		<Item Name="Kerze" Prompt="Kerze"/>
		<Item Name="Kerze" Prompt="Kerze"/>
		<Item Name="Kerze" Prompt="Kerze"/>
		<Item Name="Kerze" Prompt="Kerze"/>
    </Lib>
    <Lib Path="./Symbols/Insect.mdt">
        <Item Name="Marienkäfer" Prompt="Marienkäfer"/>
        <Item Name="Käfer" Prompt="Käfer"/>
        <Item Name="Ameisen" Prompt="Ameisen"/>
        <Item Name="Gottesanbeterin" Prompt="Gottesanbeterin"/>
        <Item Name="Fliege" Prompt="Fliege"/>
        <Item Name="Bienen" Prompt="Bienen"/>
        <Item Name="Tausendfüßler" Prompt="Tausendfüßler"/>
        <Item Name="Raupe" Prompt="Raupe"/>
        <Item Name="Schmetterling" Prompt="Schmetterling"/>
        <Item Name="Kakerlake" Prompt="Kakerlake"/>
        <Item Name="Heuschrecke" Prompt="Heuschrecke"/>
        <Item Name="Insekt" Prompt="Insekt"/>
        <Item Name="Läuse" Prompt="Läuse"/>
        <Item Name="Mücke" Prompt="Mücke"/>
        <Item Name="Regenwurm" Prompt="Regenwurm"/>
        <Item Name="Rüsselkäfer" Prompt="Rüsselkäfer"/>
        <Item Name="Schnecke" Prompt="Schnecke"/>
        <Item Name="Glühwürmchen" Prompt="Glühwürmchen"/>
        <Item Name="Skorpion" Prompt="Skorpion"/>
        <Item Name="Libelle" Prompt="Libelle"/>
        <Item Name="Schmetterling" Prompt="Schmetterling"/>
        <Item Name="Zikada" Prompt="Zikada"/>
        <Item Name="Kricket" Prompt="Kricket"/>
        <Item Name="Käfer" Prompt="Käfer"/>
        <Item Name="Spinne" Prompt="Spinne"/>
        <Item Name="Motte" Prompt="Motte"/>
    </Lib>
	<Lib Path="./Symbols/Medical.mdt">
        <Item Name="Gehirn" Prompt="Gehirn"/>
        <Item Name="DNA" Prompt="DNA"/>
        <Item Name="Elektrokardiogramm" Prompt="Elektrokardiogramm"/>
        <Item Name="molekulare Struktur" Prompt="molekulare Struktur"/>
        <Item Name="Fötus" Prompt="Fötus"/>
        <Item Name="Familie" Prompt="Familie"/>
        <Item Name="Mikroskop" Prompt="Mikroskop"/>
        <Item Name="Krankenakten" Prompt="Krankenakten"/>
        <Item Name="Krankenwagen" Prompt="Krankenwagen"/>
        <Item Name="Krankenbett" Prompt="Krankenbett"/>
        <Item Name="Gewichtsskala" Prompt="Gewichtsskala"/>
        <Item Name="Rehabilitationsausrüstung1" Prompt="Rehabilitationsausrüstung1"/>
        <Item Name="Tropf" Prompt="Tropf"/>
        <Item Name="Rehabilitationsausrüstung" Prompt="Rehabilitationsausrüstung"/>
        <Item Name="Rollstuhl" Prompt="Rollstuhl"/>
        <Item Name="Spazierstock" Prompt="Spazierstock"/>
        <Item Name="Spazierstock" Prompt="Spazierstock"/>
        <Item Name="Reagenzglas" Prompt="Reagenzglas"/>
        <Item Name="Reagenzglas" Prompt="Reagenzglas"/>
        <Item Name="Thermometer" Prompt="Thermometer"/>
        <Item Name="Krankenhaus" Prompt="Krankenhaus"/>
        <Item Name="Kapsel" Prompt="Kapsel"/>
        <Item Name="Pillen" Prompt="Pillen"/>
        <Item Name="Respirator" Prompt="Respirator"/>
        <Item Name="Verbandkasten" Prompt="Verbandkasten"/>
        <Item Name="Nadel" Prompt="Nadel"/>
        <Item Name="Darm" Prompt="Darm"/>
        <Item Name="Ohren" Prompt="Ohren"/>
        <Item Name="Milz" Prompt="Milz"/>
        <Item Name="Bauch" Prompt="Bauch"/>
        <Item Name="Lunge" Prompt="Lunge"/>
        <Item Name="Leber" Prompt="Leber"/>
        <Item Name="Herz" Prompt="Herz"/>
        <Item Name="Krankenschwestermütze" Prompt="Krankenschwestermütze"/>
        <Item Name="Stethoskop" Prompt="Stethoskop"/>
        <Item Name="Zahn" Prompt="Zahn"/>
        <Item Name="Rollstuhlzugang" Prompt="Rollstuhlzugang"/>
        <Item Name="Gefahr" Prompt="Gefahr"/>
        <Item Name="Krankenbett" Prompt="Krankenbett"/>
        <Item Name="Virus" Prompt="Virus"/>
        <Item Name="Flasche" Prompt="Flasche"/>
        <Item Name="Elektrokardiogramm" Prompt="Elektrokardiogramm"/>
        <Item Name="Arzt" Prompt="Arzt"/>
        <Item Name="Virus" Prompt="Virus"/>
        <Item Name="X-Ray" Prompt="X-Ray"/>
        <Item Name="Krankenschwester" Prompt="Krankenschwester"/>
    </Lib>
    <Lib Path="./Symbols/Office.mdt">
        <Item Name="Employee's card" Prompt="Employee's card"/>
        <Item Name="Lebensablauf" Prompt="Lebensablauf"/>
        <Item Name="Stempel" Prompt="Stempel"/>
        <Item Name="Drucker" Prompt="Drucker"/>
        <Item Name="Euro" Prompt="Euro"/>
        <Item Name="RMB" Prompt="RMB"/>
        <Item Name="Pfund" Prompt="Pfund"/>
        <Item Name="Dollar" Prompt="Dollar"/>
        <Item Name="Ein Geldbeutel mit Dollar" Prompt="Ein Geldbeutel mit Dollar"/>
        <Item Name="Ein Geldbeutel mit RMB" Prompt="Ein Geldbeutel mit RMB"/>
        <Item Name="Ein Geldbeutel mit Euro" Prompt="Ein Geldbeutel mit Euro"/>
        <Item Name="Ein Geldbeutel mit Pfund" Prompt="Ein Geldbeutel mit Pfund"/>
        <Item Name="Schlecht" Prompt="Schlecht"/>
        <Item Name="Gut" Prompt="Gut"/>
        <Item Name="Maus" Prompt="Maus"/>
        <Item Name="Die Erde" Prompt="Die Erde"/>
        <Item Name="Diamond" Prompt="Diamond"/>
        <Item Name="Artikel" Prompt="Artikel"/>
        <Item Name="Kalender" Prompt="Kalender"/>
        <Item Name="Brief" Prompt="Brief"/>
        <Item Name="Briefumschlag" Prompt="Briefumschlag"/>
        <Item Name="Wanduhr" Prompt="Wanduhr"/>
        <Item Name="Bleistift" Prompt="Bleistift"/>
        <Item Name="Aktentasche" Prompt="Aktentasche"/>
        <Item Name="Handy spielen" Prompt="Handy spielen"/>
        <Item Name="Dokument" Prompt="Dokument"/>
        <Item Name="SMS" Prompt="SMS"/>
        <Item Name="Handy" Prompt="Handy"/>
        <Item Name="Wecker" Prompt="Wecker"/>
        <Item Name="Schere" Prompt="Schere"/>
        <Item Name="Brainstorm" Prompt="Brainstorm"/>
        <Item Name="Anzug" Prompt="Anzug"/>
        <Item Name="Computer" Prompt="Computer"/>
        <Item Name="Laptop" Prompt="Laptop"/>
        <Item Name="Wagen" Prompt="Wagen"/>
        <Item Name="Online-Einkaufen" Prompt="Online-Einkaufen"/>
        <Item Name="Warenhaus" Prompt="Warenhaus"/>
        <Item Name="Bank" Prompt="Bank"/>
        <Item Name="Bank" Prompt="Bank"/>
        <Item Name="Währungsumrechnung" Prompt="Währungsumrechnung"/>
        <Item Name="Birne" Prompt="Birne"/>
        <Item Name="Videowiedergabe" Prompt="Videowiedergabe"/>
        <Item Name="Landkarte" Prompt="Landkarte"/>
        <Item Name="Lage" Prompt="Lage"/>
        <Item Name="Label" Prompt="Label"/>
        <Item Name="Handtasche" Prompt="Handtasche"/>
        <Item Name="Kooperation" Prompt="Kooperation"/>
        <Item Name="Ziel" Prompt="Ziel"/>
        <Item Name="Sanduhr" Prompt="Sanduhr"/>
        <Item Name="Abstieg" Prompt="Abstieg"/>
        <Item Name="Anstieg" Prompt="Anstieg"/>
        <Item Name="Team-Zusammenarbeit" Prompt="Team-Zusammenarbeit"/>
        <Item Name="Recht" Prompt="Recht"/>
        <Item Name="Rang" Prompt="Rang"/>
        <Item Name="Telefonieren" Prompt="Telefonieren"/>
        <Item Name="Büroklammer" Prompt="Büroklammer"/>
        <Item Name="Telefon" Prompt="Telefon"/>
        <Item Name="Kartogramm" Prompt="Kartogramm"/>
        <Item Name="Kartogramm" Prompt="Kartogramm"/>
        <Item Name="USB-Stick" Prompt="USB-Stick"/>
        <Item Name="Reisszwecke" Prompt="Reisszwecke"/>
        <Item Name="Network" Prompt="Network"/>
        <Item Name="Kalkulator" Prompt="Kalkulator"/>
        <Item Name="Akte" Prompt="Akte"/>
        <Item Name="Schild" Prompt="Schild"/>
        <Item Name="Schatz" Prompt="Schatz"/>
        <Item Name="USD" Prompt="USD"/>
        <Item Name="Kasse" Prompt="Kasse"/>
        <Item Name="Visitenkarte" Prompt="Visitenkarte"/>
        <Item Name="Bürokaufmann" Prompt="Bürokaufmann"/>
        <Item Name="Team" Prompt="Team"/>
        <Item Name="Notizblock" Prompt="Notizblock"/>
        <Item Name="Analyse" Prompt="Analyse"/>
        <Item Name="Ordner" Prompt="Ordner"/>
        <Item Name="Rechnung" Prompt="Rechnung"/>
        <Item Name="Sparschwein" Prompt="Sparschwein"/>
        <Item Name="Lautsprecher" Prompt="Lautsprecher"/>
        <Item Name="Wettbewerb" Prompt="Wettbewerb"/>
        <Item Name="Wettbewerb" Prompt="Wettbewerb"/>
        <Item Name="Trophäe" Prompt="Trophäe"/>
        <Item Name="Medaille" Prompt="Medaille"/>
        <Item Name="Geschenk" Prompt="Geschenk"/>
        <Item Name="Diapositiv" Prompt="Diapositiv"/>
        <Item Name="Diapositiv" Prompt="Diapositiv"/>
        <Item Name="Diapositiv" Prompt="Diapositiv"/>
        <Item Name="Regenschirm" Prompt="Regenschirm"/>
    </Lib>
	<Lib Path="./Symbols/Plant.mdt">
    <Item Name="Baum" Prompt="Baum"/>
    <Item Name="Blume" Prompt="Blume"/>
    <Item Name="Blume" Prompt="Blume"/>
    <Item Name="Gras" Prompt="Gras"/>
    <Item Name="Baum" Prompt="Baum"/>
    <Item Name="Vierblättriges Kleeblatt" Prompt="Vierblättriges Kleeblatt"/>
    <Item Name="Baum" Prompt="Baum"/>
    <Item Name="Banyanbaum" Prompt="Banyanbaum"/>
    <Item Name="Zedar" Prompt="Zedar"/>
    <Item Name="Blatt" Prompt="Blatt"/>
    <Item Name="Blatt" Prompt="Blatt"/>
    <Item Name="Blatt" Prompt="Blatt"/>
    <Item Name="Kaktus" Prompt="Kaktus"/>
    <Item Name="Pilz" Prompt="Pilz"/>
    <Item Name="Topfplanze" Prompt="Topfplanze"/>
    <Item Name="Topfplanze" Prompt="Topfplanze"/>
    <Item Name="Topfplanze" Prompt="Topfplanze"/>
    <Item Name="Topfplanze" Prompt="Topfplanze"/>
    <Item Name="Kaktus" Prompt="Kaktus"/>
    <Item Name="Kaktus" Prompt="Kaktus"/>
    <Item Name="Blatt" Prompt="Blatt"/>
    <Item Name="Blatt" Prompt="Blatt"/>
    <Item Name="Blätter" Prompt="Blätter"/>
    <Item Name="Blatt" Prompt="Blatt"/>
    <Item Name="Blatt" Prompt="Blatt"/>
    <Item Name="Blatt" Prompt="Blatt"/>
</Lib>
<Lib Path="./Symbols/Professions.mdt">
    <Item Name="Arbeitnehmerin" Prompt="Arbeitnehmerin"/>
    <Item Name="Lehrerin" Prompt="Lehrerin"/>
    <Item Name="Basketball-Spieler" Prompt="Basketball-Spieler"/>
    <Item Name="Absolventinnen" Prompt="Absolventinnen"/>
    <Item Name="Arztinen" Prompt="Arztinnen"/>
    <Item Name="Arzt" Prompt="Arzt"/>
    <Item Name="Zahnarzt" Prompt="Zahnarzt"/>
    <Item Name="Chef" Prompt="Chef"/>
    <Item Name="President" Prompt="President"/>
    <Item Name="Programmer" Prompt="Programmer"/>
    <Item Name="Student" Prompt="Student"/>
    <Item Name="Kunden-Service" Prompt="Kunden-Service"/>
    <Item Name="Angestellter" Prompt="Angestellter"/>
    <Item Name="Friseur" Prompt="Friseur"/>
    <Item Name="Weihnachtsmann" Prompt="Weihnachtsmann"/>
    <Item Name="Pfarrer" Prompt="Pfarrer"/>
    <Item Name="Rechter" Prompt="Rechter"/>
    <Item Name="Arbeitnehmer" Prompt="Arbeitsnehmer"/>
    <Item Name="Polizei" Prompt="Polizei"/>
    <Item Name="Mutter" Prompt="Mutter"/>
    <Item Name="Rapper" Prompt="Rapper"/>
    <Item Name="Studentin" Prompt="Studentin"/>
</Lib>
<Lib Path="./Symbols/RoadSign.mdt">
    <Item Name="Ende der vorgeschriebenen Fahrtrichtung geradeaus oder rechts" Prompt="Ende der vorgeschriebenen Fahrtrichtung geradeaus oder rechts"/>
    <Item Name="Ende der vorgeschriebenen Fahrtrischtung geradeaus oder links" Prompt="No straight and left turns"/>
    <Item Name="Ende der Umleitung" Prompt="Ende der Umleitung"/>
    <Item Name="Ende der vorgeschriebenen Fahrtrichtung links" Prompt="Ende der vorgeschriebenen Fahrtrichtung links"/>
    <Item Name="Ende der vorgeschriebenen Fahrtrichtung rechts" Prompt="Ende der vorgeschriebenen Fahrtrichtung rechts"/>
    <Item Name="Verbot der Fußgänger" Prompt="Verbot der Fußgänger"/>
    <Item Name="Überholen verboten" Prompt="Überholen verboten"/>
    <Item Name="Einfahrt verboten" Prompt="Einfahrt verboten"/>
    <Item Name="Ende der vorgeschriebenen Fahrtrichtung links oder rechts" Prompt="Ende der vorgeschriebenen Fahrtrichtung links oder rechts"/>
    <Item Name="Verbot für Fahrradfahrer" Prompt="Verbot für Fahrradfahrer"/>
    <Item Name="Autofahrt verboten" Prompt="Autofahrt verboten"/>
    <Item Name="LKW verboten" Prompt="LKW verboten"/>
    <Item Name="Beide Richtungen" Prompt="Beide Richtungen"/>
    <Item Name="Kreuzung vorliegend" Prompt="Kreuzung vorliegend"/>
    <Item Name="Right side auxiliary" Prompt="Right side auxiliary"/>
    <Item Name="Left side auxiliary" Prompt="Left side auxiliary"/>
    <Item Name="Lichtzeichenanlage" Prompt="Lichtzeichenanlage"/>
    <Item Name="" Prompt="There are wires overhead"/>
    <Item Name="T Kreuzung" Prompt="T Kreuzung"/>
    <Item Name="Y Kreuzung" Prompt="Y Kreuzung"/>
    <Item Name="Bodenwellen" Prompt="Bodenwellen"/>
    <Item Name="Gefahr" Prompt="Gefahr"/>
    <Item Name="Vorsicht vorm Fallen" Prompt="Vorsicht vorm Fallen"/>
    <Item Name="Achtung Nicht-Kraftfahrzeug" Prompt="Achtung Nicht-Kraftfahrzeug"/>
    <Item Name="Fahrtrichtung im Kreisverkehr" Prompt="Fahrtrichtung im Kreisverkehr"/>
    <Item Name="Straßenverengung" Prompt="Straßenverengung"/>
    <Item Name="Bodenwellen" Prompt="Bodenwellen"/>
    <Item Name="Verbot für Reiter" Prompt="Verbot für Reiter"/>
    <Item Name="Höhenbegrenzungswarnung" Prompt="Height limit warning"/>
    <Item Name="Steinschlag" Prompt="Steinschlag"/>
    <Item Name="Splitt, Schotter" Prompt="Splitt, Schotter"/>
    <Item Name="Achtung vor Kinder" Prompt="Achtung vor Kinder"/>
    <Item Name="Viehtrieb- Schaf" Prompt="Viehtrieb- Schaf"/>
    <Item Name="Viehtrieb- Rinder" Prompt="Viehtrieb- Rinder"/>
    <Item Name="Gefälle 10%" Prompt="Gefälle 10%"/>
    <Item Name="Steigung 20%" Prompt="Steigung 20%"/>
    <Item Name="Gefahrstelle" Prompt="Gefahrstelle"/>
    <Item Name="Andreaskreuz" Prompt="Andreaskreuz"/>
    <Item Name="Vorfahrt" Prompt="Vorfahrt"/>
    <Item Name="Kurve (rechts)" Prompt="Kurve (rechts)"/>
    <Item Name="Doppelkurve (zunächst rechts)" Prompt="Doppelkurve (zunächst rechts)"/>
    <Item Name="Vorrang des Gegenverkehrs" Prompt="Vorrang des Gegenverkehrs"/>
    <Item Name="Bewegliche Brücke" Prompt="Bewegliche Brücke"/>
    <Item Name="Ampeln" Prompt="Ampeln"/>
    <Item Name="Fußgängerüberweg" Prompt="Fußgängerüberweg"/>
    <Item Name="Baustelle" Prompt="Baustelle"/>
    <Item Name="Einfahrt verboten" Prompt="Einfahrt verboten"/>
    <Item Name="Vorfahrt gewähren" Prompt="Vorfahrt gewähren"/>
    <Item Name="Andreaskreuze" Prompt="Andreaskreuze"/>
    <Item Name="Halt! Vorfahrt gewähren" Prompt="Halt! Vorfahrt gewähren"/>
    <Item Name="Verbot der Einfahrt" Prompt="Verbot der Einfahrt"/>
    <Item Name="Verbot für Fahrzeuge aller Art" Prompt="Verbot für Fahrzeuge aller Art"/>
    <Item Name="Verbot für Fußgänger" Prompt="Verbot für Fußgänger"/>
    <Item Name="Verbot für Fahrzeuge über angegebene Passagiere(Autofahrer inklusive)" Prompt="Verbot für Fahrzeuge über angegebene Passagiere(Autofahrer inklusive)"/>
    <Item Name="No towing/trailers allowed" Prompt="No towing/trailers allowed"/>
    <Item Name="Kein LKW mit mehr als dem vorgeschriebenen Gewicht(metrische Tonne)" Prompt="Kein LKW mit mehr als dem vorgeschriebenen Gewicht(metrische Tonne)"/>
    <Item Name="Eingeschränkte Länge(Fuß)" Prompt="Eingeschränkte Länge(Fuß)"/>
    <Item Name="Keine Nicht-Kraftfahrzeuge erlaubt" Prompt="Keine Nicht-Kraftfahrzeuge erlaubt"/>
    <Item Name="Keine Motorräder erlaubt" Prompt="Keine Motorräder erlaubt"/>
    <Item Name="Keine Rikschas erlaubt" Prompt="Keine Rikschas erlaubt"/>
    <Item Name="Keine Kraftfahrzeuge erlaubt- außer Motorräder" Prompt="Keine Kraftfahrzeuge erlaubt- außer Motorräder"/>
    <Item Name="Autofahrt verboten" Prompt="Autofahrt verboten"/>
    <Item Name="Durchfahrt verboten" Prompt="Durchfahrt verboten"/>
    <Item Name="Transport gefährlicher Güter ist verboten" Prompt="Transport gefährlicher Güter ist verboten"/>
    <Item Name="U-Turn verboten" Prompt="U-Turn verboten"/>
    <Item Name="Parken verboten" Prompt="Parken verboten"/>
    <Item Name="Ende der Kurve nach links" Prompt="Ende der Kurve nach links"/>
    <Item Name="Ende der Kurve nach rechts" Prompt="Ende der Kure nach rechts"/>
    <Item Name="Geschwindigkeitsbeschränkung" Prompt="Geschwindigkeitsbeschränkung"/>
    <Item Name="Höhebeschränkung" Prompt="Höhebeschränkung"/>
    <Item Name="Breitebeschränkung" Prompt="Breitebeschränkung"/>
    <Item Name="Langes Parken ist verboten" Prompt="Langes Parken ist verboten"/>
    <Item Name="Gewichtsbeschränkung" Prompt="Gewichtsbeschränkung"/>
    <Item Name="Um die Insel fahren" Prompt="Um die Insel fahren"/>
    <Item Name="Nicht motorisiertes Fahren" Prompt="Nicht motorisiertes Fahren"/>
    <Item Name="Auf der Rechts-Straße" Prompt="Auf der Rechts-Straße"/>
    <Item Name="Nach rechts drehen" Prompt="Nach rechts drehen"/>
    <Item Name="Fußgänger teilen sich die Fahrspuren mit Nicht-Kraftfahrzeugen" Prompt="Fußgänger teilen sich die Fahrspuren mit Nicht-Kraftfahrzeugen"/>
    <Item Name="Trennung von Fußgänger- und Nichtkraftfahrzeugspur" Prompt="Trennung von Fußgänger- und Nichtkraftfahrzeugspur"/>
    <Item Name="Mindestgeschwindigkeit" Prompt="Mindestgeschwindigkeit"/>
    <Item Name="Tankstelle" Prompt="Tankstelle"/>
    <Item Name="Hotel" Prompt="Hotel"/>
    <Item Name="Bürgersteig" Prompt="Bürgersteig"/>
    <Item Name="WC" Prompt="Toilette"/>
    <Item Name="Autobahngasthaus" Prompt="Autobahngasthaus"/>
    <Item Name="Parken" Prompt="Parken"/>
    <Item Name="Notruf" Prompt="Notruf"/>
</Lib>
<Lib Path="./Symbols/SeaLife.mdt">
    <Item Name="Krabbe" Prompt="Krabbe"/>
    <Item Name="Hummer" Prompt="Hummer"/>
    <Item Name="Oktopus" Prompt="Oktopus"/>
    <Item Name="Seegras" Prompt="Seegras"/>
    <Item Name="Hippocampus" Prompt="Hippocampus"/>
    <Item Name="Schneckenhorn" Prompt="Schneckenhorn"/>
    <Item Name="Seegurke" Prompt="Seegurke"/>
    <Item Name="Seetang" Prompt="Seetang"/>
    <Item Name="Seekrebs" Prompt="Seekrebs"/>
    <Item Name="Schneckenhorn" Prompt="Schneckenhorn"/>
    <Item Name="Muschelschale" Prompt="Muschelschale"/>
    <Item Name="Muschelschale" Prompt="Muschelschale"/>
    <Item Name="Qualle" Prompt="Qualle"/>
    <Item Name="Seestern" Prompt="Seestern"/>
    <Item Name="Goldfisch" Prompt="Goldfisch"/>
    <Item Name="Fisch" Prompt="Fisch"/>
    <Item Name="Fisch" Prompt="Fisch"/>
    <Item Name="Walroß" Prompt="Walroß"/>
    <Item Name="Haifisch" Prompt="Haifisch"/>
    <Item Name="Seehund" Prompt="Seehund"/>
    <Item Name="Delphine" Prompt="Delphine"/>
    <Item Name="Fledermausfisch" Prompt="Fledermausfisch"/>
    <Item Name="Oktopus" Prompt="Oktopus"/>
    <Item Name="Seeschildkröten" Prompt="Seeschildkröten"/>
    <Item Name="Penguin" Prompt="Penguin"/>
</Lib>
<Lib Path="./Symbols/Sport.mdt">
    <Item Name="Basketball" Prompt="Basketball"/>
    <Item Name="Volleyball" Prompt="Volleyball"/>
    <Item Name="Fußball" Prompt="Fußball"/>
    <Item Name="Baseball" Prompt="Baseball"/>
    <Item Name="Yogaball" Prompt="Yogaball"/>
    <Item Name="Squash" Prompt="Squash"/>
    <Item Name="Billard" Prompt="Billard"/>
    <Item Name="Tennis" Prompt="Tennis"/>
    <Item Name="Sportkleidung" Prompt="Sportkleidung"/>
    <Item Name="Kricket" Prompt="Kricket"/>
    <Item Name="Rugby" Prompt="Rugby"/>
    <Item Name="Badminton" Prompt="Badminton"/>
    <Item Name="Skateboard" Prompt="Skateboard"/>
    <Item Name="Tischtennisschläger" Prompt="Tischtennisschläger"/>
    <Item Name="Baseball" Prompt="Baseball"/>
    <Item Name="Skateschuhe" Prompt="Skateschuhe"/>
    <Item Name="Taucherbrille" Prompt="Taucherbrille"/>
    <Item Name="Rollschuhlauf" Prompt="Rollschuhlauf"/>
    <Item Name="Kurzhantel " Prompt="Kurzhantel"/>
    <Item Name="Boxinghandschuhe" Prompt="Boxinghandschuhe"/>
    <Item Name="Bowlingkugel" Prompt="Bowlingkugel"/>
    <Item Name="Hula-Hoop" Prompt="Hula-Hoop"/>
    <Item Name="Podest" Prompt="Podest"/>
    <Item Name="Rettungsring" Prompt="Rettungsring"/>
    <Item Name="Flagge" Prompt="Flagge"/>
    <Item Name="Helm" Prompt="Helm"/>
    <Item Name="Sporttasche" Prompt="Sporttasche"/>
    <Item Name="Hantel" Prompt="Hantel"/>
    <Item Name="Pfeifen" Prompt="Pfeifen"/>
    <Item Name="Rudern" Prompt="Rudern"/>
    <Item Name="Spielplatz" Prompt="Spielplatz"/>
    <Item Name="Medaille" Prompt="Medaille"/>
    <Item Name="Tauchboot" Prompt="Tauchboot"/>
    <Item Name="Seilspringen" Prompt="Seilspringen"/>
    <Item Name="Fechten" Prompt="Fechten"/>
    <Item Name="TKD Uniform" Prompt="TKD Uniform"/>
    <Item Name="Golf" Prompt="Golf"/>
    <Item Name="Pinch-Meter" Prompt="Pinch-Meter"/>
    <Item Name="Yogamatte" Prompt="Yogamatte"/>
    <Item Name="Trophäe" Prompt="Trophäe"/>
</Lib>
 <Lib Path="./Symbols/Technology.mdt">
    <Item Name="Außerirdische" Prompt="Außerirdische"/>
    <Item Name="Versorgungsturm" Prompt="Versorgungsturm"/>
    <Item Name="Roboter" Prompt="Roboter"/>
    <Item Name="Planet" Prompt="Planet"/>
    <Item Name="Raketen" Prompt="Raketen"/>
    <Item Name="Satellit" Prompt="Satellit"/>
    <Item Name="Leicht" Prompt="Leicht"/>
    <Item Name="Computer" Prompt="Computer"/>
    <Item Name="Molekulare Struktur" Prompt="Molekulare Struktur"/>
    <Item Name="Mikroskop" Prompt="Mikroskop"/>
    <Item Name="Kamera" Prompt="Kamera"/>
    <Item Name="Datenanschluss" Prompt="Datenanschluss"/>
    <Item Name="IPod" Prompt="IPod"/>
    <Item Name="Maus" Prompt="Maus"/>
    <Item Name="Kolben" Prompt="Kolben"/>
    <Item Name="Satellit" Prompt="Satellit"/>
    <Item Name="Satellit" Prompt="Satellit"/>
    <Item Name="Headset" Prompt="Headset"/>
    <Item Name="Router" Prompt="Router"/>
    <Item Name="Kamera" Prompt="Kamera"/>
    <Item Name="Mikrofon" Prompt="Mikrofon"/>
    <Item Name="Signalturm" Prompt="Signalturm"/>
    <Item Name="Lautsprecher" Prompt="Lautsprecher"/>
    <Item Name="Astronomisches Teleskop" Prompt="Astronomisches Teleskop"/>
</Lib>
 <Lib Path="./Symbols/Tourism.mdt">
    <Item Name="Bankkarte" Prompt="Bankkarte"/>
    <Item Name="Brieftasch" Prompt="Brieftasche"/>
    <Item Name="Memo" Prompt="Memo"/>
    <Item Name="Wanduhr" Prompt="Wanduhr"/>
    <Item Name="Fahrkarte" Prompt="Fahrkarte"/>
    <Item Name="Schneegipfel" Prompt="Schneegipfel"/>
    <Item Name="Kompass" Prompt="Kompass"/>
    <Item Name="Einkaufstüte" Prompt="Einkaufstüte"/>
    <Item Name="Flugticket" Prompt="Flugticket"/>
    <Item Name="Visa" Prompt="Visa"/>
    <Item Name="Taxi" Prompt="Taxi"/>
    <Item Name="Kamera" Prompt="Kamera"/>
    <Item Name="Gepäck" Prompt="Gepäck"/>
    <Item Name="Hotel" Prompt="Hotel"/>
    <Item Name="Fürchtgetränke" Prompt="Fürchtegetränke"/>
    <Item Name="Kokosnussbaum" Prompt="Kokonassbaum"/>
    <Item Name="Eiscreme" Prompt="Eiscreme"/>
    <Item Name="Währungsumrechnung" Prompt="Währungsumrechnung"/>
    <Item Name="Eiscreme" Prompt="Eiscreme"/>
    <Item Name="Landkarte" Prompt="Landkarte"/>
    <Item Name="Gutes Essen" Prompt="Gutes Essen"/>
    <Item Name="Flip-Flops" Prompt="Flip-flops"/>
    <Item Name="Heißluftballon" Prompt="Heißluftballon"/>
    <Item Name="Straßenschild" Prompt="Straßenschild"/>
    <Item Name="Regenschirm" Prompt="Regenschirm"/>
    <Item Name="Bahn" Prompt="Bahn"/>
    <Item Name="Doppeldecker-Bus" Prompt="Doppeldecker-Bus"/>
    <Item Name="Sonnenhut" Prompt="Sonnenhut"/>
    <Item Name="Rucksack" Prompt="Rucksack"/>
    <Item Name="Adresse" Prompt="Adresse"/>
    <Item Name="Gepäckwagen" Prompt="Gepäckwagen"/>
</Lib>
<Lib Path="./Symbols/Transportation.mdt">
    <Item Name="Flugfahrzeug" Prompt="Flugfahrzeug"/>
    <Item Name="Elektroauto" Prompt="Elektroauto"/>
    <Item Name="Limousine" Prompt="Limousine"/>
    <Item Name="U-Bahn" Prompt="U-Bahn"/>
    <Item Name="Ampel" Prompt="Ampel"/>
    <Item Name="Bus" Prompt="Bus"/>
    <Item Name="Elektroauto" Prompt="Elektroauto"/>
    <Item Name="Dampfer" Prompt="Dampfer"/>
    <Item Name="Jacht" Prompt="Jacht"/>
    <Item Name="Lastkraftwagen" Prompt="Lastkraftwagen"/>
    <Item Name="Schlepper" Prompt="Schlepper"/>
    <Item Name="Fahrrad" Prompt="Fahrrad"/>
    <Item Name="Segelboot" Prompt="Segelboot"/>
    <Item Name="Logging-Rad" Prompt="Logging-Rad"/>
    <Item Name="U-Boot" Prompt=""/>
    <Item Name="Motorrad" Prompt="Motorrad"/>
    <Item Name="Auto" Prompt="Auto"/>
    <Item Name="Batterie-Auto" Prompt="Batterie-Auto"/>
    <Item Name="Bus" Prompt="Bus"/>
    <Item Name="Rakete" Prompt="Rakete"/>
    <Item Name="Krankenwagen" Prompt="Krankenwagen"/>
    <Item Name="Automobil" Prompt="Automobil"/>
    <Item Name="Hubschrauber" Prompt="Hubschrauber"/>
</Lib>
    <Lib Path="./Symbols/Weather.mdt">
        <Item Name="Wolken" Prompt="Wolken"/>
    <Item Name="Sonnig" Prompt="Sonnig"/>
    <Item Name="Wolkig" Prompt="Wolkig"/>
    <Item Name="Bewölkt" Prompt="Bewölkt"/>
    <Item Name="Ragenfall" Prompt="Regenfall"/>
    <Item Name="Heftige Regenfälle" Prompt="Heftige Regenfälle"/>
    <Item Name="Leichte Regenfälle" Prompt="Leichte Regenfälle"/>
    <Item Name="Leichter Schneefall" Prompt="Leichter Schneefall"/>
    <Item Name="Starker Schneefall" Prompt="Starker Schneefall"/>
    <Item Name="Schneeregen" Prompt="Schneeregen"/>
    <Item Name="Tornado" Prompt="Tornado"/>
    <Item Name="Nacht" Prompt="Nacht"/>
    <Item Name="Sternenklarer Himmel" Prompt="Sternenklarer Himmel"/>
    <Item Name="Regensturm" Prompt="Regensturm"/>
    <Item Name="Strahl" Prompt="Strahl"/>
    <Item Name="Das Wetter ist neblig" Prompt="Das Wetter ist neblig"/>
    <Item Name="Neblig" Prompt="Neblig"/>
    <Item Name="Eissturm und Regen" Prompt="Eissturm und Regen"/>
    <Item Name="Flugasche" Prompt="Flugasche"/>
    <Item Name="Windsturm" Prompt="Windsturm"/>
    <Item Name="Windanzeiger" Prompt="Windanzeiger"/>
    <Item Name="Schneenacht" Prompt="Schneenacht"/>
    <Item Name="Bewölkte Nacht" Prompt="Bewölkte Nacht"/>
    <Item Name="Tornado Nacht" Prompt="Tornado Nacht"/>
    <Item Name="Regnerische Nacht" Prompt="Regnerische Nacht"/>
    <Item Name="Neblige Nacht" Prompt="Neblige Nacht"/>
    <Item Name="Regenbogen" Prompt="Regenbogen"/>
    <Item Name="Staubtester" Prompt="Staubtester"/>
    </Lib>
</Libraries>
