<?xml version="1.0" encoding="utf-8"?>
<Libraries>
    <Lib Path="./Symbols/Animal.mdt">
        <Item Name="カバ" Prompt="カバ"/>
        <Item Name="蜂" Prompt="蜂"/>
        <Item Name="牛" Prompt="牛"/>
        <Item Name="うさぎ" Prompt="うさぎ"/>
        <Item Name="虎" Prompt="虎"/>
        <Item Name="ネズミ" Prompt="ネズミ"/>
        <Item Name="馬" Prompt="馬"/>
        <Item Name="鹿" Prompt="鹿"/>
        <Item Name="ライオン" Prompt="ライオン"/>
        <Item Name="象" Prompt="象"/>
        <Item Name="パンダ" Prompt="パンダ"/>
        <Item Name="ヒグマ" Prompt="ヒグマ"/>
        <Item Name="犬" Prompt="犬"/>
        <Item Name="羊" Prompt="羊"/>
        <Item Name="豚" Prompt="豚"/>
        <Item Name="キリン" Prompt="キリン"/>
        <Item Name="コアラ" Prompt="コアラ"/>
        <Item Name="猫" Prompt="猫"/>
        <Item Name="サル" Prompt="サル"/>
        <Item Name="狐" Prompt="狐"/>
    </Lib>
	<Lib Path="./Symbols/Education.mdt">
        <Item Name="手紙" Prompt="手紙"/>
        <Item Name="トロフィー" Prompt="トロフィー"/>
        <Item Name="黒板" Prompt="黒板"/>
        <Item Name="鉛筆と定規" Prompt="鉛筆と定規"/>
        <Item Name="スライド" Prompt="スライド"/>
        <Item Name="ランドセル" Prompt="ランドセル"/>
        <Item Name="地球儀" Prompt="地球儀"/>
        <Item Name="メモ帳" Prompt="メモ帳"/>
        <Item Name="メモ帳" Prompt="メモ帳"/>
        <Item Name="試験管" Prompt="試験管"/>
        <Item Name="デスクランプ" Prompt="デスクランプ"/>
        <Item Name="砂時計" Prompt="砂時計"/>
        <Item Name="メダル" Prompt="メダル"/>
        <Item Name="トレンチャーキャップ" Prompt="トレンチャーキャップ"/>
        <Item Name="ペン" Prompt="ペン"/>
        <Item Name="フォルダー" Prompt="フォルダー"/>
        <Item Name="ファイル" Prompt="ファイル"/>
        <Item Name="学校" Prompt="学校"/>
        <Item Name="新聞" Prompt="新聞"/>
        <Item Name="数学" Prompt="数学"/>
        <Item Name="ABC" Prompt="ABC"/>
        <Item Name="細胞" Prompt="細胞"/>
        <Item Name="顕微鏡" Prompt="顕微鏡"/>
        <Item Name="竹簡" Prompt="竹簡"/>
        <Item Name="読書" Prompt="読書"/>
        <Item Name="虫眼鏡" Prompt="虫眼鏡"/>
        <Item Name="コンパス" Prompt="コンパス"/>
        <Item Name="フラスコ" Prompt="フラスコ"/>
        <Item Name="分子" Prompt="分子"/>
        <Item Name="スクールバス" Prompt="スクールバス"/>
        <Item Name="ペンホルダー" Prompt="ペンホルダー"/>
        <Item Name="トレンチャーキャップ" Prompt="トレンチャーキャップ"/>
        <Item Name="本" Prompt="本"/>
        <Item Name="表彰状" Prompt="表彰状"/>
        <Item Name="眼鏡" Prompt="眼鏡"/>
        <Item Name="コンピューターデスク" Prompt="コンピューターデスク"/>
        <Item Name="バルブ" Prompt="バルブ"/>
        <Item Name="腕時計" Prompt="腕時計"/>
        <Item Name="ポケットナイフ" Prompt="ポケットナイフ"/>
        <Item Name="シャープペンシル" Prompt="シャープペンシル"/>
        <Item Name="鉛筆" Prompt="鉛筆"/>
        <Item Name="筆" Prompt="筆"/>
        <Item Name="マークペン" Prompt="マークペン"/>
        <Item Name="踊り" Prompt="踊り"/>
        <Item Name="討論" Prompt="討論"/>
        <Item Name="ハート" Prompt="ハート"/>
        <Item Name="消しゴム" Prompt="消しゴム"/>
        <Item Name="ペイントボックス" Prompt="ペイントボックス"/>
        <Item Name="パレット" Prompt="パレット"/>
        <Item Name="コンパス" Prompt="コンパス"/>
        <Item Name="ブラシ" Prompt="ブラシ"/>
    </Lib>
	<Lib Path="./Symbols/ElectronicDevices.mdt">
        <Item Name="テレビ" Prompt="テレビ"/>
        <Item Name="液晶テレビ" Prompt="液晶テレビ"/>
        <Item Name="タブレットPC" Prompt="タブレットPC"/>
        <Item Name="デスクトップコンピューター" Prompt="デスクトップコンピューター"/>
        <Item Name="パソコン" Prompt="パソコン"/>
        <Item Name="マウス" Prompt="マウス"/>
        <Item Name="プリンター" Prompt="プリンター"/>
        <Item Name="スマホ" Prompt="スマホ"/>
        <Item Name="スマホ" Prompt="スマホ"/>
        <Item Name="時計" Prompt="時計"/>
        <Item Name="電話" Prompt="電話"/>
        <Item Name="USBメモリー" Prompt="USBメモリー"/>
        <Item Name="電卓" Prompt="電卓"/>
        <Item Name="腕時計" Prompt="腕時計"/>
        <Item Name="Apple Watch" Prompt="Apple Watch"/>
        <Item Name="Microsoft Band" Prompt="Microsoft Band"/>
        <Item Name="VR 眼鏡" Prompt="VR 眼鏡"/>
        <Item Name="サーバ" Prompt="サーバ"/>
        <Item Name="PCエンジン" Prompt="PCエンジン"/>
        <Item Name="切替器" Prompt="切替器"/>
        <Item Name="ラジオ" Prompt="ラジオ"/>
        <Item Name="ファックス" Prompt="ファックス"/>
        <Item Name="無人航空機" Prompt="無人航空機"/>
        <Item Name="無人航空機" Prompt="無人航空機"/>
        <Item Name="カメラ" Prompt="カメラ"/>
        <Item Name="カメラ" Prompt="カメラ"/>
        <Item Name="マイクロフォン" Prompt="マイクロフォン"/>
		<Item Name="カメラ" Prompt="カメラ"/>
        <Item Name="フロッピーディスク" Prompt="フロッピーディスク"/>
        <Item Name="スピーカーボックス" Prompt="スピーカーボックス"/>
        <Item Name="MP3" Prompt="MP3"/>
        <Item Name="デジタルボード" Prompt="デジタルボード"/>
        <Item Name="プロジェクター" Prompt="プロジェクター"/>
		<Item Name="ルーター" Prompt="ルーター"/>
        <Item Name="カメラ" Prompt="カメラ"/>
        <Item Name="インターホン" Prompt="インターホン"/>
        <Item Name="ヘッドセット" Prompt="ヘッドセット"/>
        <Item Name="ゲームボーイ" Prompt="ゲームボーイ"/>
    </Lib>
	<Lib Path="./Symbols/EnvironmentalProtection.mdt">
        <Item Name="水を節約する" Prompt="水を節約する"/>
        <Item Name="地球" Prompt="地球"/>
        <Item Name="省エネランプ" Prompt="省エネランプ"/>
        <Item Name="省エネランプ" Prompt="省エネランプ"/>
        <Item Name="電気自動車" Prompt="電気自動車"/>
        <Item Name="太陽" Prompt="太陽"/>
        <Item Name="ゴミ" Prompt="ゴミ"/>
        <Item Name="ゴミ" Prompt="ゴミ"/>
        <Item Name="自転車" Prompt="自転車"/>
        <Item Name="エコの住宅" Prompt="エコの住宅"/>
        <Item Name="太陽エネルギー" Prompt="太陽エネルギー"/>
        <Item Name="風力発電" Prompt="風力発電"/>
        <Item Name="風力発電" Prompt="風力発電"/>
        <Item Name="エコバッグ" Prompt="エコバッグ"/>
        <Item Name="水循環" Prompt="水循環"/>
        <Item Name="エコラベル" Prompt="エコラベル"/>
        <Item Name="エコラベル" Prompt="エコラベル"/>
        <Item Name="メダル" Prompt="メダル"/>
        <Item Name="エコラベル" Prompt="エコラベル"/>
        <Item Name="エコラベル" Prompt="エコラベル"/>
        <Item Name="煙" Prompt="煙"/>
        <Item Name="煙" Prompt="煙"/>
        <Item Name="ラダー" Prompt="ラダー"/>
        <Item Name="シンク" Prompt="シンク"/>
        <Item Name="シンク" Prompt="シンク"/>
        <Item Name="工場" Prompt="工場"/>
        <Item Name="リサイクルラベル" Prompt="リサイクルラベル"/>
        <Item Name="クラウド" Prompt="クラウド"/>
        <Item Name="木" Prompt="木"/>
        <Item Name="カクタス" Prompt="カクタス"/>
        <Item Name="エコボックス" Prompt="エコボックス"/>
        <Item Name="道路標識" Prompt="道路標識"/>
        <Item Name="熱気球" Prompt="熱気球"/>
        <Item Name="再生紙" Prompt="再生紙"/>
        <Item Name="電池" Prompt="電池"/>
        <Item Name="煙突" Prompt="煙突"/>
        <Item Name="オフィスビル" Prompt="オフィスビル"/>
        <Item Name="学校" Prompt="学校"/>
        <Item Name="クレーン" Prompt="クレーン"/>
        <Item Name="環境保護" Prompt="環境保護"/>
        <Item Name="蛇口" Prompt="蛇口"/>
		<Item Name="リサイクルボトル" Prompt="リサイクルボトル"/>
    </Lib>
	<Lib Path="./Symbols/Expressions.mdt">
        <Item Name="笑い" Prompt="笑い"/>
        <Item Name="うれしい" Prompt="うれしい"/>
        <Item Name="驚き" Prompt="驚き"/>
        <Item Name="まばたき" Prompt="まばたき"/>
        <Item Name="超うれしい" Prompt="超うれしい"/>
        <Item Name="無関心" Prompt="無関心"/>
        <Item Name="軽蔑" Prompt="軽蔑"/>
        <Item Name="怒る" Prompt="怒る"/>
        <Item Name="不満" Prompt="不満"/>
        <Item Name="ごめん" Prompt="ごめん"/>
        <Item Name="恥ずかしい" Prompt="恥ずかしい"/>
        <Item Name="かわいい" Prompt="かわいい"/>
        <Item Name="貪欲" Prompt="貪欲"/>
        <Item Name="嫌い" Prompt="嫌い"/>
        <Item Name="恐れる" Prompt="恐れる"/>
        <Item Name="怒る" Prompt="怒る"/>
        <Item Name="緊張する" Prompt="緊張する"/>
        <Item Name="がっかりした" Prompt="がっかりした"/>
    </Lib>
	<Lib Path="./Symbols/Food.mdt">
        <Item Name="食器" Prompt="食器"/>
        <Item Name="パイナップル" Prompt="パイナップル"/>
        <Item Name="バースデーケーキ" Prompt="バースデーケーキ"/>
        <Item Name="カップケーキ" Prompt="カップケーキ"/>
        <Item Name="飲み物" Prompt="飲み物"/>
        <Item Name="ハンバーガー" Prompt="ハンバーガー"/>
        <Item Name="赤ワイン" Prompt="赤ワイン"/>
        <Item Name="どびん" Prompt="どびん"/>
        <Item Name="みかん" Prompt="みかん"/>
        <Item Name="ローストチキン" Prompt="ローストチキン"/>
        <Item Name="ピーマン" Prompt="ピーマン"/>
        <Item Name="梨" Prompt="梨"/>
        <Item Name="人参" Prompt="人参"/>
        <Item Name="キウイフルーツ" Prompt="キウイフルーツ"/>
        <Item Name="米" Prompt="米"/>
        <Item Name="りんご" Prompt="りんご"/>
        <Item Name="雪エンドウ豆" Prompt="雪エンドウ豆"/>
        <Item Name="ベーコン" Prompt="ベーコン"/>
        <Item Name="アボカド" Prompt="アボカド"/>
        <Item Name="バナナ" Prompt="バナナ"/>
        <Item Name="なす" Prompt="なす"/>
        <Item Name="レモン" Prompt="レモン"/>
        <Item Name="ビスケット" Prompt="ビスケット"/>
        <Item Name="ブロッコリー" Prompt="ブロッコリー"/>
        <Item Name="クロワッサン" Prompt="クロワッサン"/>
        <Item Name="キャンディケーン" Prompt="キャンディケーン"/>
        <Item Name="ハムソーセージ" Prompt="ハムソーセージ"/>
        <Item Name="チェリー" Prompt="チェリー"/>
        <Item Name="パイナップルパン" Prompt="パイナップルパン"/>
        <Item Name="たまご" Prompt="たまご"/>
        <Item Name="魚" Prompt="魚"/>
        <Item Name="お茶ー" Prompt="お茶ー"/>
        <Item Name="ビール" Prompt="ビール"/>
        <Item Name="キャンディー" Prompt="キャンディー"/>
        <Item Name="鶏もも" Prompt="鶏もも"/>
        <Item Name="チリ" Prompt="チリ"/>
        <Item Name="マンゴ" Prompt="マンゴ"/>
        <Item Name="ヨーグルト" Prompt="ヨーグルト"/>
        <Item Name="スイカ" Prompt="スイカ"/>
        <Item Name="冷たい飲み物" Prompt="冷たい飲み物"/>
        <Item Name="コーヒー" Prompt="コーヒー"/>
        <Item Name="キノコ" Prompt="キノコ"/>
        <Item Name="コカコーラ" Prompt="コカコーラ"/>
        <Item Name="麺" Prompt="麺"/>
        <Item Name="フライドポテト" Prompt="フライドポテト"/>
        <Item Name="ピザ" Prompt="ピザ"/>
        <Item Name="肉" Prompt="肉"/>
        <Item Name="アイスクリーム" Prompt="アイスクリーム"/>
        <Item Name="ドーナツ" Prompt="ドーナツ"/>
        <Item Name="葡萄" Prompt="葡萄"/>
        <Item Name="目玉焼き" Prompt="目玉焼き"/>
    </Lib>
	<Lib Path="./Symbols/Holiday.mdt">
        <Item Name="モチノキ" Prompt="モチノキ"/>
        <Item Name="そり車" Prompt="そり車"/>
        <Item Name="福袋" Prompt="福袋"/>
        <Item Name="ギフト" Prompt="ギフト"/>
        <Item Name="クリスマスツリー" Prompt="クリスマスツリー"/>
        <Item Name="グローブ" Prompt="グローブ"/>
        <Item Name="クリスマスストッキング" Prompt="クリスマスストッキング"/>
        <Item Name="サンタクロース" Prompt="サンタクロース"/>
        <Item Name="クリスマス帽子" Prompt="クリスマス帽子"/>
        <Item Name="クリスマスベル" Prompt="クリスマスベル"/>
        <Item Name="飾り物" Prompt="飾り物"/>
        <Item Name="レープクーヘン" Prompt="レープクーヘン"/>
        <Item Name="雪だるま" Prompt="雪だるま"/>
        <Item Name="トナカイ" Prompt="トナカイ"/>
        <Item Name="雪片" Prompt="雪片"/>
        <Item Name="ケーキ" Prompt="ケーキ"/>
        <Item Name="風船" Prompt="風船"/>
        <Item Name="キャンドル" Prompt="キャンドル"/>
        <Item Name="クリスマスアントラーズ" Prompt="クリスマスアントラーズ"/>
        <Item Name="爆竹" Prompt="爆竹"/>
        <Item Name="飾りもの" Prompt="飾りもの"/>
        <Item Name="花火" Prompt="花火"/>
        <Item Name="ランタン" Prompt="ランタン"/>
        <Item Name="ランタン" Prompt="灯籠"/>
        <Item Name="帽子" Prompt="帽子"/>
        <Item Name="福" Prompt="福"/>
        <Item Name="赤い封筒" Prompt="赤い封筒"/>
        <Item Name="ハートロック" Prompt="ハートロック"/>
        <Item Name="チョコレート" Prompt="チョコレート"/>
        <Item Name="愛の鳥" Prompt="愛の鳥"/>
        <Item Name="ダイアログボックス" Prompt="ダイアログボックス"/>
        <Item Name="ウェディングドレス" Prompt="ウェディングドレス"/>
        <Item Name="メンズスーツ" Prompt="メンズスーツ"/>
        <Item Name="ローズ" Prompt="ローズ"/>
        <Item Name="指輪" Prompt="指輪"/>
        <Item Name="ネックレス" Prompt="ネックレス"/>
        <Item Name="ラブレター" Prompt="ラブレター"/>
        <Item Name="写真" Prompt="写真"/>
        <Item Name="王冠" Prompt="王冠"/>
        <Item Name="パンプキン" Prompt="パンプキン"/>
        <Item Name="幽霊" Prompt="幽霊"/>
        <Item Name="コウモリ" Prompt="コウモリ"/>
        <Item Name="幽霊" Prompt="幽霊"/>
        <Item Name="帽子" Prompt="帽子"/>
        <Item Name="魔女の帽子" Prompt="魔女の帽子"/>
        <Item Name="カエデの葉" Prompt="カエデの葉"/>
        <Item Name="イースターエッグ" Prompt="イースターエッグ"/>
        <Item Name="マスク" Prompt="マスク"/>
        <Item Name="誕生日カード" Prompt="誕生日カード"/>
        <Item Name="キャンドル" Prompt="キャンドル"/>
        <Item Name="キャンドル" Prompt="キャンドル"/>
		<Item Name="キャンドル" Prompt="キャンドル"/>
		<Item Name="キャンドル" Prompt="キャンドル"/>
		<Item Name="キャンドル" Prompt="キャンドル"/>
		<Item Name="キャンドル" Prompt="キャンドル"/>
		<Item Name="キャンドル" Prompt="キャンドル"/>
		<Item Name="キャンドル" Prompt="キャンドル"/>
		<Item Name="キャンドル" Prompt="キャンドル"/>
		<Item Name="キャンドル" Prompt="キャンドル"/>
    </Lib>
    <Lib Path="./Symbols/Insect.mdt">
        <Item Name="テントウムシ" Prompt="テントウムシ"/>
        <Item Name="テントウムシ" Prompt="テントウムシ"/>
        <Item Name="アリ" Prompt="アリ"/>
        <Item Name="カマキリ" Prompt="カマキリ"/>
        <Item Name="ハエ" Prompt="ハエ"/>
        <Item Name="蜂" Prompt="蜂"/>
        <Item Name="ムカデ" Prompt="ムカデ"/>
        <Item Name="毛虫" Prompt="毛虫"/>
        <Item Name="蝶" Prompt="蝶"/>
        <Item Name="ゴキブリ" Prompt="ゴキブリ"/>
        <Item Name="バッタ" Prompt="バッタ"/>
        <Item Name="虫" Prompt="虫"/>
        <Item Name="シラミ" Prompt="シラミ"/>
        <Item Name="蚊" Prompt="蚊"/>
        <Item Name="ミミズ" Prompt="ミミズ"/>
        <Item Name="ゾウムシ" Prompt="ゾウムシ"/>
        <Item Name="かたつむり" Prompt="かたつむり"/>
        <Item Name="ホタル" Prompt="ホタル"/>
        <Item Name="サソリ" Prompt="サソリ"/>
        <Item Name="トンボ" Prompt="トンボ"/>
        <Item Name="蝶" Prompt="蝶"/>
        <Item Name="蝉" Prompt="蝉"/>
        <Item Name="コオロギ" Prompt="コオロギ"/>
        <Item Name="甲虫" Prompt="甲虫"/>
        <Item Name="クモ" Prompt="クモ"/>
        <Item Name="蛾" Prompt="蛾"/>
    </Lib>
	<Lib Path="./Symbols/Medical.mdt">
        <Item Name="脳" Prompt="脳"/>
        <Item Name="DNA" Prompt="DNA"/>
        <Item Name="心電図" Prompt="心電図"/>
        <Item Name="分子構造" Prompt="分子構造"/>
        <Item Name="胎児" Prompt="胎児"/>
        <Item Name="家族" Prompt="家族"/>
        <Item Name="顕微鏡" Prompt="顕微鏡"/>
        <Item Name="医療記録" Prompt="医療記録"/>
        <Item Name="救急車" Prompt="救急車"/>
        <Item Name="病床" Prompt="病床"/>
        <Item Name="体重計" Prompt="体重計"/>
        <Item Name="リハビリ機器" Prompt="リハビリ機器"/>
        <Item Name="点滴" Prompt="点滴"/>
        <Item Name="リハビリ機器" Prompt="リハビリ機器"/>
        <Item Name="車いす" Prompt="車いす"/>
        <Item Name="杖" Prompt="杖"/>
        <Item Name="杖" Prompt="杖"/>
        <Item Name="試験管" Prompt="試験管"/>
        <Item Name="試験管" Prompt="試験管"/>
        <Item Name="体温計" Prompt="体温計"/>
        <Item Name="病院" Prompt="病院"/>
        <Item Name="カプセル" Prompt="カプセル"/>
        <Item Name="丸薬" Prompt="丸薬"/>
        <Item Name="人工呼吸器" Prompt="人工呼吸器"/>
        <Item Name="救急セット" Prompt="救急セット"/>
        <Item Name="注射針" Prompt="注射針"/>
        <Item Name="腸" Prompt="腸"/>
        <Item Name="耳" Prompt="耳"/>
        <Item Name="脾臓" Prompt="脾臓"/>
        <Item Name="胃" Prompt="胃"/>
        <Item Name="肺" Prompt="肺"/>
        <Item Name="肝臓" Prompt="肝臓"/>
        <Item Name="心臓" Prompt="心臓"/>
        <Item Name="ナースキャップ" Prompt="ナースキャップ"/>
        <Item Name="聴診器" Prompt="聴診器"/>
        <Item Name="歯" Prompt="歯"/>
        <Item Name="車いす通行" Prompt="車いす通行"/>
        <Item Name="ハザード" Prompt="ハザード"/>
        <Item Name="病床" Prompt="病床"/>
        <Item Name="ウイルス" Prompt="ウイルス"/>
        <Item Name="薬瓶" Prompt="薬瓶"/>
        <Item Name="心電図" Prompt="心電図"/>
        <Item Name="医者" Prompt="医者"/>
        <Item Name="ウイルス" Prompt="ウイルス"/>
        <Item Name="X線" Prompt="X線"/>
        <Item Name="看護師" Prompt="看護師"/>
    </Lib>
    <Lib Path="./Symbols/Office.mdt">
        <Item Name="社員証" Prompt="社員証"/>
        <Item Name="履歴" Prompt="履歴"/>
        <Item Name="消印" Prompt="消印"/>
        <Item Name="プリンター" Prompt="プリンター"/>
        <Item Name="ユーロ" Prompt="ユーロ"/>
        <Item Name="人民幣" Prompt="人民幣"/>
        <Item Name="ポンド" Prompt="ポンド"/>
        <Item Name="ドル" Prompt="ドル"/>
        <Item Name="ドル" Prompt="ドル"/>
        <Item Name="人民幣" Prompt="人民幣"/>
        <Item Name="ユーロ" Prompt="ユーロ"/>
        <Item Name="ポンド" Prompt="ポンド"/>
        <Item Name="悪い" Prompt="悪い"/>
        <Item Name="良い" Prompt="良い"/>
        <Item Name="マウス" Prompt="マウス"/>
        <Item Name="地球" Prompt="地球"/>
        <Item Name="ダイヤモンド" Prompt="ダイヤモンド"/>
        <Item Name="資料" Prompt="資料"/>
        <Item Name="カレンダー" Prompt="カレンダー"/>
        <Item Name="手紙" Prompt="手紙"/>
        <Item Name="封筒" Prompt="封筒"/>
        <Item Name="時計" Prompt="時計"/>
        <Item Name="鉛筆" Prompt="鉛筆"/>
        <Item Name="ブリーフケース" Prompt="ブリーフケース"/>
        <Item Name="スマホ" Prompt="スマホ"/>
        <Item Name="ファイル" Prompt="ファイル"/>
        <Item Name="SMS" Prompt="SMS"/>
        <Item Name="携帯電話" Prompt="携帯電話"/>
        <Item Name="目覚まし時計" Prompt="目覚まし時計"/>
        <Item Name="はさみ" Prompt="はさみ"/>
        <Item Name="ブレーンストーミング" Prompt="ブレーンストーミング"/>
        <Item Name="スーツ" Prompt="スーツ"/>
        <Item Name="パソコン" Prompt="パソコン"/>
        <Item Name="ノートパソコン" Prompt="ノートパソコン"/>
        <Item Name="カート" Prompt="カート"/>
        <Item Name="オンラインショッピング" Prompt="オンラインショッピング"/>
        <Item Name="倉庫" Prompt="倉庫"/>
        <Item Name="銀行" Prompt="銀行"/>
        <Item Name="銀行" Prompt="銀行"/>
        <Item Name="通貨換算" Prompt="通貨換算"/>
        <Item Name="バルブ" Prompt="バルブ"/>
        <Item Name="ビデオ" Prompt="ビデオ"/>
        <Item Name="地図" Prompt="地図"/>
        <Item Name="位置" Prompt="位置"/>
        <Item Name="ラベル" Prompt="ラベル"/>
        <Item Name="ハンドバッグ" Prompt="ハンドバッグ"/>
        <Item Name="協力" Prompt="協力"/>
        <Item Name="目標" Prompt="目標"/>
        <Item Name="砂時計" Prompt="砂時計"/>
        <Item Name="下がり" Prompt="下がり"/>
        <Item Name="上がり" Prompt="上がり"/>
        <Item Name="チームコラボレーション" Prompt="チームコラボレーション"/>
        <Item Name="公平" Prompt="公平"/>
        <Item Name="ランキング" Prompt="ランキング"/>
        <Item Name="電話する" Prompt="電話する"/>
        <Item Name="ペーパークリップ" Prompt="ペーパークリップ"/>
        <Item Name="電話" Prompt="電話"/>
        <Item Name="円グラフ" Prompt="円グラフ"/>
        <Item Name="円グラフ" Prompt="円グラフ"/>
        <Item Name="USBメモリ" Prompt="USBメモリ"/>
        <Item Name="押しピン" Prompt="押しピン"/>
        <Item Name="ネットワーク" Prompt="ネットワーク"/>
        <Item Name="電卓" Prompt="電卓"/>
        <Item Name="ファイル" Prompt="ファイル"/>
        <Item Name="シールド" Prompt="シールド"/>
        <Item Name="宝" Prompt="宝"/>
        <Item Name="USD" Prompt="USD"/>
        <Item Name="レジスター" Prompt="レジスター"/>
        <Item Name="名刺" Prompt="名刺"/>
        <Item Name="事務員" Prompt="事務員"/>
        <Item Name="チーム" Prompt="チーム"/>
        <Item Name="メモ帳" Prompt="メモ帳"/>
        <Item Name="分析" Prompt="分析"/>
        <Item Name="フォルダー" Prompt="フォルダー"/>
        <Item Name="領収書" Prompt="領収書"/>
        <Item Name="貯金箱" Prompt="貯金箱"/>
        <Item Name="拡声器" Prompt="拡声器"/>
        <Item Name="競合" Prompt="競合"/>
        <Item Name="競合" Prompt="競合"/>
        <Item Name="トロフィー" Prompt="トロフィー"/>
        <Item Name="メダル" Prompt="メダル"/>
        <Item Name="賞" Prompt="賞"/>
        <Item Name="スライド" Prompt="スライド"/>
        <Item Name="スライド" Prompt="スライド"/>
        <Item Name="スライド" Prompt="スライド"/>
        <Item Name="傘" Prompt="傘"/>
    </Lib>
	<Lib Path="./Symbols/Plant.mdt">
    <Item Name="木" Prompt="木"/>
    <Item Name="花" Prompt="花"/>
    <Item Name="花" Prompt="花"/>
    <Item Name="草" Prompt="草"/>
    <Item Name="木" Prompt="木"/>
    <Item Name="クローバー" Prompt="クローバー"/>
    <Item Name="木" Prompt="木"/>
    <Item Name="バンヤン樹" Prompt="バンヤン樹"/>
    <Item Name="杉" Prompt="杉"/>
    <Item Name="葉" Prompt="葉"/>
    <Item Name="葉" Prompt="葉"/>
    <Item Name="葉" Prompt="葉"/>
    <Item Name="カクタス" Prompt="カクタス"/>
    <Item Name="キノコ" Prompt="キノコ"/>
    <Item Name="鉢植えの植物" Prompt="鉢植えの植物"/>
    <Item Name="鉢植えの植物" Prompt="鉢植えの植物"/>
    <Item Name="鉢植えの植物" Prompt="鉢植えの植物"/>
    <Item Name="鉢植えの植物" Prompt="鉢植えの植物"/>
    <Item Name="カクタス" Prompt="カクタス"/>
    <Item Name="カクタス" Prompt="カクタス"/>
    <Item Name="葉" Prompt="葉"/>
    <Item Name="葉" Prompt="葉"/>
    <Item Name="葉" Prompt="葉"/>
    <Item Name="葉" Prompt="葉"/>
    <Item Name="葉" Prompt="葉"/>
    <Item Name="葉" Prompt="葉"/>
</Lib>
<Lib Path="./Symbols/Professions.mdt">
    <Item Name="女性社員" Prompt="女性社員"/>
    <Item Name="女教師" Prompt="女教師"/>
    <Item Name="バスケットボール選手" Prompt="バスケットボール選手"/>
    <Item Name="女性卒業生" Prompt="女性卒業生"/>
    <Item Name="女性医師" Prompt="女性医師"/>
    <Item Name="男性医師" Prompt="男性医師"/>
    <Item Name="歯科医" Prompt="歯科医"/>
    <Item Name="料理人" Prompt="料理人"/>
    <Item Name="大統領" Prompt="大統領"/>
    <Item Name="プログラマー" Prompt="プログラマー"/>
    <Item Name="学生" Prompt="学生"/>
    <Item Name="顧客サービス" Prompt="顧客サービス"/>
    <Item Name="男性社員" Prompt="男性社員"/>
    <Item Name="ヘアスタイリスト" Prompt="ヘアスタイリスト"/>
    <Item Name="サンタクロース" Prompt="サンタクロース"/>
    <Item Name="祭司" Prompt="祭司"/>
    <Item Name="裁判官" Prompt="裁判官"/>
    <Item Name="労働者" Prompt="労働者"/>
    <Item Name="警察官" Prompt="警察官"/>
    <Item Name="母" Prompt="母"/>
    <Item Name="ラッパー" Prompt="ラッパー"/>
    <Item Name="女子学生" Prompt="女子学生"/>
</Lib>
<Lib Path="./Symbols/RoadSign.mdt">
    <Item Name="指定方向進行禁止" Prompt="指定方向進行禁止"/>
    <Item Name="指定方向進行禁止" Prompt="指定方向進行禁止"/>
    <Item Name="転回禁止" Prompt="転回禁止"/>
    <Item Name="指定方向進行禁止" Prompt="指定方向進行禁止"/>
    <Item Name="指定方向進行禁止" Prompt="指定方向進行禁止"/>
    <Item Name="歩行者通行止め" Prompt="歩行者通行止め"/>
    <Item Name="追越し禁止" Prompt="追越し禁止"/>
    <Item Name="進入禁止" Prompt="進入禁止"/>
    <Item Name="指定方向進行禁止" Prompt="指定方向進行禁止"/>
    <Item Name="自転車禁止" Prompt="自転車禁止"/>
    <Item Name="二輪の自動車禁止" Prompt="二輪の自動車禁止"/>
    <Item Name="大型貨物自動車禁止" Prompt="大型貨物自動車禁止"/>
    <Item Name="二方向交通" Prompt="二方向交通"/>
    <Item Name="＋形道路 交差点あり" Prompt="＋形道路 交差点あり"/>
    <Item Name="┣形道路交差点 あり" Prompt="┣形道路交差点 あり"/>
    <Item Name="┫形道路交差点 あり" Prompt="┫形道路交差点 あり"/>
    <Item Name="信号機あり" Prompt="信号機あり"/>
    <Item Name="ワイヤーあり" Prompt="ワイヤーあり"/>
    <Item Name="Ｔ形道路 交差点あり" Prompt="Ｔ形道路 交差点あり"/>
    <Item Name="Ｙ形道路 交差点あり" Prompt="Ｙ形道路 交差点あり"/>
    <Item Name="太鼓橋あり" Prompt="太鼓橋あり"/>
    <Item Name="その他の危険" Prompt="その他の危険"/>
    <Item Name="転落注意" Prompt="転落注意"/>
    <Item Name="自転車注意" Prompt="自転車注意"/>
    <Item Name="ロータリーあり" Prompt="ロータリーあり"/>
    <Item Name="幅員減少" Prompt="幅員減少"/>
    <Item Name="太鼓橋" Prompt="太鼓橋"/>
    <Item Name="馬注意" Prompt="馬注意"/>
    <Item Name="高さ制限" Prompt="高さ制限"/>
    <Item Name="落石のおそれあり" Prompt="落石のおそれあり"/>
    <Item Name="すべりやすい" Prompt="すべりやすい"/>
    <Item Name="学校、幼稚園、保育園等あり" Prompt="学校、幼稚園、保育園等あり"/>
    <Item Name="動物が飛び出すおそれあり" Prompt="動物が飛び出すおそれあり"/>
    <Item Name="動物が飛び出すおそれあり" Prompt="動物が飛び出すおそれあり"/>
    <Item Name="下り急勾配あり" Prompt="下り急勾配あり"/>
    <Item Name="上り急勾配あり" Prompt="上り急勾配あり"/>
    <Item Name="その他の危険" Prompt="その他の危険"/>
    <Item Name="通行禁止" Prompt="通行禁止"/>
    <Item Name="優先道路" Prompt="優先道路"/>
    <Item Name="右(又は左) 方屈曲あり" Prompt="右(又は左) 方屈曲あり"/>
    <Item Name="右(又は左) つづら折りあり" Prompt="右(又は左) つづら折りあり"/>
    <Item Name="二方向交通" Prompt="二方向交通"/>
    <Item Name="橋あり" Prompt="橋あり"/>
    <Item Name="信号機あり" Prompt="信号機あり"/>
    <Item Name="横断歩道" Prompt="横断歩道"/>
    <Item Name="道路工事中" Prompt="道路工事中"/>
    <Item Name="通行止め" Prompt="通行止め"/>
    <Item Name="徐行" Prompt="徐行"/>
    <Item Name="交差点" Prompt="交差点"/>
    <Item Name="通行止め" Prompt="通行止め"/>
    <Item Name="車両進入禁止" Prompt="車両進入禁止"/>
    <Item Name="通行止め" Prompt="通行止め"/>
    <Item Name="歩行者通行止め" Prompt="歩行者通行止め"/>
    <Item Name="大型乗用自動車等通行止め" Prompt="大型乗用自動車等通行止め"/>
    <Item Name="けん引/トレーラー等通行止め" Prompt="けん引/トレーラー等通行止め"/>
    <Item Name="指定重量以上の大型貨物自動車通行止め" Prompt="指定重量以上の大型貨物自動車通行止め"/>
    <Item Name="指定長さ以上の大型貨物自動車通行止め" Prompt="指定長さ以上の大型貨物自動車通行止め"/>
    <Item Name="自転車通行止め" Prompt="自転車通行止め"/>
    <Item Name="二輪の自動車通行止め" Prompt="二輪の自動車・ 原動機付自転車通行止め"/>
    <Item Name="自転車以外の 軽車両通行止め" Prompt="自転車以外の 軽車両通行止め"/>
    <Item Name="二輪の自動車以外の自動車通行止め" Prompt="二輪の自動車以外の自動車通行止め"/>
    <Item Name="車両(組合せ)通行止め" Prompt="車両(組合せ)通行止め"/>
    <Item Name="通行止め" Prompt="通行止め"/>
    <Item Name="危険物輸送の車両通行止め" Prompt="危険物輸送の車両通行止め"/>
    <Item Name="転回禁止" Prompt="転回禁止"/>
    <Item Name="駐車禁止" Prompt="駐車禁止"/>
    <Item Name="指定方向進行禁止" Prompt="指定方向進行禁止"/>
    <Item Name="指定方向進行禁止" Prompt="指定方向進行禁止"/>
    <Item Name="最高速度" Prompt="最高速度"/>
    <Item Name="高さ制限" Prompt="高さ制限"/>
    <Item Name="高さ制限" Prompt="高さ制限"/>
    <Item Name="駐車禁止" Prompt="駐車禁止"/>
    <Item Name="重量制限" Prompt="重量制限"/>
    <Item Name="環状の交差点における右回り通行" Prompt="環状の交差点における右回り通行"/>
    <Item Name="自転車専用" Prompt="自転車専用"/>
    <Item Name="指定方向進行可" Prompt="指定方向進行可"/>
    <Item Name="指定方向進行可" Prompt="指定方向進行可"/>
    <Item Name="自転車及び歩行者専用" Prompt="自転車及び歩行者専用"/>
    <Item Name="歩行者と自転車専用車線分離" Prompt="歩行者と自転車専用車線分離"/>
    <Item Name="最低速度" Prompt="最低速度"/>
    <Item Name="ガソリンスタンド" Prompt="ガソリンスタンド"/>
    <Item Name="ホテル" Prompt="ホテル"/>
    <Item Name="横断歩道" Prompt="横断歩道"/>
    <Item Name="便所" Prompt="便所"/>
    <Item Name="レストラン" Prompt="レストラン"/>
    <Item Name="駐車場" Prompt="駐車場"/>
    <Item Name="非常電話" Prompt="非常電話"/>
</Lib>
<Lib Path="./Symbols/SeaLife.mdt">
    <Item Name="カニ" Prompt="カニ"/>
    <Item Name="ロブスター" Prompt="ロブスター"/>
    <Item Name="いか" Prompt="いか"/>
    <Item Name="海藻" Prompt="海藻"/>
    <Item Name="海馬" Prompt="海馬"/>
    <Item Name="巻き貝" Prompt="巻き貝"/>
    <Item Name="ナマコ" Prompt="ナマコ"/>
    <Item Name="昆布" Prompt="昆布"/>
    <Item Name="ロブスター" Prompt="ロブスター"/>
    <Item Name="巻き貝" Prompt="巻き貝"/>
    <Item Name="貝" Prompt="貝"/>
    <Item Name="貝" Prompt="貝"/>
    <Item Name="クラゲ" Prompt="クラゲ"/>
    <Item Name="ヒトデ" Prompt="ヒトデ"/>
    <Item Name="金魚" Prompt="金魚"/>
    <Item Name="魚" Prompt="魚"/>
    <Item Name="魚" Prompt="魚"/>
    <Item Name="セイウチ" Prompt="セイウチ"/>
    <Item Name="クジラ" Prompt="クジラ"/>
    <Item Name="シール" Prompt="シール"/>
    <Item Name="イルカ" Prompt="イルカ"/>
    <Item Name="バットフィッシュ" Prompt="バットフィッシュ"/>
    <Item Name="たこ" Prompt="たこ"/>
    <Item Name="ウミガメ" Prompt="ウミガメ"/>
    <Item Name="ペンギン" Prompt="ペンギン"/>
</Lib>
<Lib Path="./Symbols/Sport.mdt">
    <Item Name="バスケットボール" Prompt="バスケットボール"/>
    <Item Name="バレーボール" Prompt="バレーボール"/>
    <Item Name="サッカー" Prompt="サッカー"/>
    <Item Name="野球" Prompt="野球"/>
    <Item Name="ヨガボール" Prompt="ヨガボール"/>
    <Item Name="スカッシュ" Prompt="スカッシュ"/>
    <Item Name="ビリヤード" Prompt="ビリヤード"/>
    <Item Name="テニス" Prompt="テニス"/>
    <Item Name="スポーツウェア" Prompt="スポーツウェア"/>
    <Item Name="クリケット" Prompt="クリケット"/>
    <Item Name="ラグビー" Prompt="ラグビー"/>
    <Item Name="バドミントン" Prompt="バドミントン"/>
    <Item Name="スケートボード" Prompt="スケートボード"/>
    <Item Name="卓球ラケット" Prompt="卓球ラケット"/>
    <Item Name="野球" Prompt="野球"/>
    <Item Name="スケートシューズ" Prompt="スケートシューズ"/>
    <Item Name="スイミングゴーグル" Prompt="スイミングゴーグル"/>
    <Item Name="ローラースケート" Prompt="ローラースケート"/>
    <Item Name="ダンベル" Prompt="ダンベル"/>
    <Item Name="ボクシンググローブ" Prompt="ボクシンググローブ"/>
    <Item Name="ボウリングボール" Prompt="ボウリングボール"/>
    <Item Name="フラフープ" Prompt="フラフープ"/>
    <Item Name="表彰台" Prompt="表彰台"/>
    <Item Name="救命ブイ" Prompt="救命ブイ"/>
    <Item Name="フラグ" Prompt="フラグ"/>
    <Item Name="ヘルメット" Prompt="ヘルメット"/>
    <Item Name="ジムバッグ" Prompt="ジムバッグ"/>
    <Item Name="バーベル" Prompt="バーベル"/>
    <Item Name="ホイッスル" Prompt="ホイッスル"/>
    <Item Name="ローイングボート" Prompt="ローイングボート"/>
    <Item Name="バスケットボールコート" Prompt="バスケットボールコート"/>
    <Item Name="メダル" Prompt="メダル"/>
    <Item Name="潜水器" Prompt="潜水器"/>
    <Item Name="ロープスキッピング" Prompt="ロープスキッピング"/>
    <Item Name="フェンシング" Prompt="フェンシング"/>
    <Item Name="テコンドーユニフォーム" Prompt="テコンドーユニフォーム"/>
    <Item Name="ゴルフ" Prompt="ゴルフ"/>
    <Item Name="握力計" Prompt="握力計"/>
    <Item Name="ヨガマット" Prompt="ヨガマット"/>
    <Item Name="トロフィー" Prompt="トロフィー"/>
</Lib>
 <Lib Path="./Symbols/Technology.mdt">
    <Item Name="エイリアン" Prompt="エイリアン"/>
    <Item Name="打ち上げタワー" Prompt="打ち上げタワー"/>
    <Item Name="ロボット" Prompt="ロボット"/>
    <Item Name="惑星" Prompt="惑星"/>
    <Item Name="ロケット" Prompt="ロケット"/>
    <Item Name="衛星" Prompt="衛星"/>
    <Item Name="光" Prompt="光"/>
    <Item Name="コンピューター" Prompt="コンピューター"/>
    <Item Name="分子構造" Prompt="分子構造"/>
    <Item Name="顕微鏡" Prompt="顕微鏡"/>
    <Item Name="カメラ" Prompt="カメラ"/>
    <Item Name="データコネクタ" Prompt="データコネクタ"/>
    <Item Name="IPod" Prompt="IPod"/>
    <Item Name="マウス" Prompt="マウス"/>
    <Item Name="フラスコ" Prompt="フラスコ"/>
    <Item Name="衛星" Prompt="衛星"/>
    <Item Name="衛星" Prompt="衛星"/>
    <Item Name="ヘッドセット" Prompt="ヘッドセット"/>
    <Item Name="ルーター" Prompt="ルーター"/>
    <Item Name="カメラ" Prompt="カメラ"/>
    <Item Name="マイクロフォン" Prompt="マイクロフォン"/>
    <Item Name="シグナルタワー" Prompt="シグナルタワー"/>
    <Item Name="拡声器" Prompt="拡声器"/>
    <Item Name="天体望遠鏡" Prompt="天体望遠鏡"/>
</Lib>
 <Lib Path="./Symbols/Tourism.mdt">
    <Item Name="銀行カード" Prompt="銀行カード"/>
    <Item Name="財布" Prompt="財布"/>
    <Item Name="メモ帳" Prompt="メモ帳"/>
    <Item Name="時計" Prompt="時計"/>
    <Item Name="切符" Prompt="切符"/>
    <Item Name="スノーマウンテン" Prompt="スノーマウンテン"/>
    <Item Name="コンパス" Prompt="コンパス"/>
    <Item Name="買い物袋" Prompt="買い物袋"/>
    <Item Name="航空券" Prompt="航空券"/>
    <Item Name="ビザ" Prompt="ビザ"/>
    <Item Name="タクシー" Prompt="タクシー"/>
    <Item Name="カメラ" Prompt="カメラ"/>
    <Item Name="荷物" Prompt="荷物"/>
    <Item Name="ホテル" Prompt="ホテル"/>
    <Item Name="フルーツジュース" Prompt="フルーツジュース"/>
    <Item Name="椰子の木" Prompt="椰子の木"/>
    <Item Name="アイスクリーム" Prompt="アイスクリーム"/>
    <Item Name="通貨換算" Prompt="通貨換算"/>
    <Item Name="アイスクリーム" Prompt="アイスクリーム"/>
    <Item Name="地図" Prompt="地図"/>
    <Item Name="食べ物" Prompt="食べ物"/>
    <Item Name="ビーチサンダル" Prompt="ビーチサンダル"/>
    <Item Name="熱気球" Prompt="熱気球"/>
    <Item Name="道路標識" Prompt="道路標識"/>
    <Item Name="傘" Prompt="傘"/>
    <Item Name="電車" Prompt="電車"/>
    <Item Name="二階建てバス" Prompt="二階建てバス"/>
    <Item Name="サンハット" Prompt="サンハット"/>
    <Item Name="バックパック" Prompt="バックパック"/>
    <Item Name="位置" Prompt="位置"/>
    <Item Name="ラゲッジカート" Prompt="ラゲッジカート"/>
</Lib>
<Lib Path="./Symbols/Transportation.mdt">
    <Item Name="飛行機" Prompt="飛行機"/>
    <Item Name="電気自動車" Prompt="電気自動車"/>
    <Item Name="セダン" Prompt="セダン"/>
    <Item Name="地下鉄" Prompt="地下鉄"/>
    <Item Name="交通信号機" Prompt="交通信号機"/>
    <Item Name="バス" Prompt="バス"/>
    <Item Name="電気自動車" Prompt="電気自動車"/>
    <Item Name="汽船" Prompt="汽船"/>
    <Item Name="ヨット" Prompt="ヨット"/>
    <Item Name="トラック" Prompt="トラック"/>
    <Item Name="トラクター" Prompt="トラクター"/>
    <Item Name="自転車" Prompt="自転車"/>
    <Item Name="ヨット" Prompt="ヨット"/>
    <Item Name="ロギングホイール" Prompt="ロギングホイール"/>
    <Item Name="潜水艦" Prompt="潜水艦"/>
    <Item Name="オートバイ" Prompt="オートバイ"/>
    <Item Name="車" Prompt="車"/>
    <Item Name="電気自動車" Prompt="電気自動車"/>
    <Item Name="バス" Prompt="バス"/>
    <Item Name="ロケット" Prompt="ロケット"/>
    <Item Name="救急車" Prompt="救急車"/>
    <Item Name="バス" Prompt="バス"/>
    <Item Name="ヘリコプター" Prompt="ヘリコプター"/>
</Lib>
    <Lib Path="./Symbols/Weather.mdt">
        <Item Name="雲" Prompt="雲"/>
    <Item Name="晴れ" Prompt="晴れ"/>
    <Item Name="曇り" Prompt="曇り"/>
    <Item Name="曇り空" Prompt="曇り空"/>
    <Item Name="雨後晴" Prompt="雨後晴"/>
    <Item Name="大雨" Prompt="大雨"/>
    <Item Name="小雨" Prompt="小雨"/>
    <Item Name="薄雪" Prompt="薄雪"/>
    <Item Name="大雪" Prompt="大雪"/>
    <Item Name="霙" Prompt="霙"/>
    <Item Name="竜巻" Prompt="竜巻"/>
    <Item Name="夜" Prompt="夜"/>
    <Item Name="星空" Prompt="星空"/>
    <Item Name="雷雨" Prompt="雷雨"/>
    <Item Name="稲妻" Prompt="稲妻"/>
    <Item Name="霧" Prompt="霧"/>
    <Item Name="霧" Prompt="霧"/>
    <Item Name="ひょう" Prompt="ひょう"/>
    <Item Name="フライアッシュ" Prompt="フライアッシュ"/>
    <Item Name="暴風" Prompt="暴風"/>
    <Item Name="風方向インジケーター" Prompt="風方向インジケーター"/>
    <Item Name="雪の夜" Prompt="雪の夜"/>
    <Item Name="曇りの夜" Prompt="曇りの夜"/>
    <Item Name="竜巻の夜" Prompt="竜巻の夜"/>
    <Item Name="雨の夜" Prompt="雨の夜"/>
    <Item Name="霧の夜" Prompt="霧の夜"/>
    <Item Name="虹" Prompt="虹"/>
    <Item Name="ダストテスター" Prompt="ダストテスター"/>
    </Lib>
</Libraries>
