<?xml version="1.0" encoding="utf-8"?>
<Names>
    <LibNames Version="7.0">
        <Library NameU="Animal" Name="動物"/>
        <Library NameU="Education" Name="教育"/>
        <Library NameU="Electronic Devices" Name="電子設備"/>
        <Library NameU="Environmental Protection" Name="環境保護"/>
        <Library NameU="Expressions" Name="表情"/>
        <Library NameU="Food" Name="食べ物"/>
        <Library NameU="Holiday" Name="祝い日"/>
        <Library NameU="Insect" Name="昆虫"/>
        <Library NameU="Medical" Name="医療"/>
        <Library NameU="Office" Name="オフィス"/>
        <Library NameU="Plant" Name="植物"/>
        <Library NameU="Professions" Name="職業"/>
        <Library NameU="RoadSign" Name="道路標識"/>
        <Library NameU="Sea Life" Name="海洋生物"/>
        <Library NameU="Sport" Name="スポーツ"/>
        <Library NameU="Technology" Name="科技"/>
        <Library NameU="Tourism" Name="旅行"/>
        <Library NameU="Transportation" Name="交通機関"/>
        <Library NameU="Weather" Name="天気"/>
    </LibNames>
    <Gallaries>
        <Gallary NameU="Animal" Name="動物"/>
        <Gallary NameU="Business" Name="ビジネス"/>
        <Gallary NameU="Education" Name="教育"/>
        <Gallary NameU="Festival" Name="祝い日"/>
        <Gallary NameU="Food" Name="食べ物"/>
        <Gallary NameU="General" Name="常用"/>
        <Gallary NameU="Nature" Name="自然"/>
        <Gallary NameU="People" Name="人物"/>
        <Gallary NameU="Social Life" Name="社会生活"/>
        <Gallary NameU="Sports" Name="スポーツ"/>
        <Gallary NameU="Technology" Name="科技"/>
        <Gallary NameU="Transportation" Name="交通"/>
    </Gallaries>
</Names>
