<?xml version="1.0" encoding="utf-8"?>
<Names>
    <LibNames Version="7.0">
        <Library NameU="Animal" Name="动物"/>
        <Library NameU="Education" Name="教育"/>
        <Library NameU="Electronic Devices" Name="电子设备"/>
        <Library NameU="Environmental Protection" Name="环境保护"/>
        <Library NameU="Expressions" Name="表情"/>
        <Library NameU="Food" Name="食品"/>
        <Library NameU="Holiday" Name="节日"/>
        <Library NameU="Insect" Name="昆虫"/>
        <Library NameU="Medical" Name="医疗"/>
        <Library NameU="Office" Name="商务办公"/>
        <Library NameU="Plant" Name="植物"/>
        <Library NameU="Professions" Name="职业"/>
        <Library NameU="RoadSign" Name="路标"/>
		<Library NameU="Road Sign" Name="路标"/>
        <Library NameU="Sea Life" Name="海洋生物"/>
        <Library NameU="Sport" Name="体育器材"/>
        <Library NameU="Technology" Name="科技"/>
        <Library NameU="Tourism" Name="旅行"/>
        <Library NameU="Transportation" Name="交通工具"/>
        <Library NameU="Weather" Name="天气"/>
    </LibNames>
    <Gallaries>
        <Gallary NameU="Animal" Name="动物"/>
        <Gallary NameU="Business" Name="商业"/>
        <Gallary NameU="Education" Name="教育"/>
        <Gallary NameU="Festival" Name="节日"/>
        <Gallary NameU="Food" Name="食品"/>
        <Gallary NameU="General" Name="常用"/>
        <Gallary NameU="Nature" Name="自然"/>
        <Gallary NameU="People" Name="人物"/>
        <Gallary NameU="Social Life" Name="社会生活"/>
        <Gallary NameU="Sports" Name="体育"/>
        <Gallary NameU="Technology" Name="技术"/>
        <Gallary NameU="Transportation" Name="交通"/>
    </Gallaries>
</Names>
