﻿<Gallery NameU= "Mind Map" Name= "思维导图" Version= "1.0" Description= "创建思维导图、树状图、组织结构图等。">
    <Template NameU= "Radial Map" Name= "思维导图" Layout= "8" Theme= "31" DarkTheme= "9" Icon= "./radial_map.png" Description= "采用图文并茂的方式创建思维导图，快速表达发散性思维。">
    </Template>

    <Template NameU= "Right Map" Name= "单向导图" Layout= "6" Theme= "31" DarkTheme= "9" Icon= "./right_map.png" Description= "单向导图偏向于描述信息流，常用于分析问题，查找原因等。">
    </Template>

    <Template NameU= "Tree Map" Name= "树状图" Layout= "3" Theme= "31" DarkTheme= "9" Icon= "./tree_map.png" Description= "树状图以父子层次结构来组织对象。常用于归纳，枚举，总结等。">
    </Template>

    <Template NameU= "Org-Chart Map" Name= "组织架构图" Layout= "2" Theme= "32" DarkTheme= "3" Icon= "./org_map.png" Description= "组织架构图是一种展示公司结构的图表样式，常用于展示人力资源管理、员工结构、办公行政和管理结构等。">
    </Template>

    <Template NameU= "Fish Bone Right" Name= "鱼骨图(头向左)" Layout= "24" Theme= "31" DarkTheme= "3" Icon= "./right_fishbone.png" Description= "鱼骨图是一种发现问题“根本原因”的方法,它也可以称之为“因果图”。">
    </Template>

    <Template NameU= "Fish Bone Left" Name= "鱼骨图(头向右)" Layout= "23" Theme= "31" DarkTheme= "3" Icon= "./left_fishbone.png" Description= "鱼骨图是一种发现问题“根本原因”的方法,它也可以称之为“因果图”。">
    </Template>

    <Template NameU= "Horizontal Timeline" Name= "水平时间线" Layout= "17" Theme= "31" DarkTheme= "9" Icon= "./line_horizontal.png" Description= 
	"时间线是我们的大脑对过去及未来所发生的事情有一个方向上的编码。">
    </Template>

    <Template NameU= "Winding Timeline" Name= "S型时间线" Layout= "18" Theme= "31" DarkTheme= "9" Icon= "./line_turn.png" Description= 
	"时间线是我们的大脑对过去及未来所发生的事情有一个方向上的编码。">
    </Template>

    <Template NameU= "Vertical Timeline" Name= "垂直时间线" Layout= "19" Theme= "31" DarkTheme= "9" Icon= "./line_vertical.png" Description= 
	"时间线是我们的大脑对过去及未来所发生的事情有一个方向上的编码。">
    </Template>
	
	<Template NameU= "Circle Map" Name= "圆圈图" Layout= "32" Theme= "31" DarkTheme= "3" Icon= "./circle.png" Description= 
	"圆圈图这种发散式导图，常用于定义某事、清单或者联想（头脑风暴）。">
    </Template>
	
	<Template NameU= "Bubble Map" Name= "气泡图" Layout= "31" Theme= "31" DarkTheme= "3" Icon= "./bubble.png" Description= 
	"气泡图可以用来比较概念，识别区域，或者应用于规划设计和开发策略等信息展示。">
    </Template>
	
	<Template NameU= "Sector Map" Name= "扇形放射图" Layout= "30" Theme= "31" DarkTheme= "3" Icon= "./sector.png" Description= 
	"扇形放射图可以层次清晰的展现创意。">
    </Template>
	
	<!-- <Template NameU= "Markdown" Name= "Markdown" Layout= "31" Theme= "16" DarkTheme= "15" Icon= "./sector.png" Description=  -->
	<!-- "摆脱排版的困扰，专注于写作"> -->
    <!-- </Template> -->
</Gallery>