﻿<Gallery NameU= "Mind Map" Name= "Mind Map" Version= "1.0" Help= "create-mind-map.php" Description= "Create mind maps (graphical representations of thought processes) for brainstorming, problem solving, rational analysis, and decision marking.">
    <Template NameU= "Radial Map" Name= "Radial Map" Layout= "8" Theme= "31" DarkTheme= "9" Icon= "./radial_map.png" Description= "Create mind maps to represent ideas and concepts.">
    </Template>

    <Template NameU= "Right Map" Name= "Right Map" Layout= "6" Theme= "31" DarkTheme= "9" Icon= "./right_map.png" Description= "Create mind maps with right hierarchical layout.">
    </Template>

    <Template NameU= "Tree Map" Name= "Tree Map" Layout= "3" Theme= "31" DarkTheme= "9" Icon= "./tree_map.png" Description= "Tree map is ideal for displaying large amounts of hierarchically structured information.">
    </Template>

    <Template NameU= "Org-Chart Map" Name= "Org-Chart Map" Layout= "2" Theme= "32" DarkTheme= "3" Icon= "./org_map.png" Description= "Organizational chart shows the structure of an organization and the relationships and relative ranks of its parts and positions.">
    </Template>

    <Template NameU= "Fish Bone Right" Name= "Fishbone Right" Layout= "24" Theme= "31" DarkTheme= "3" Icon= "./right_fishbone.png" Description= "Fishbone diagrams is used to find out the root cause of an issue. It can also be called as Cause and Effect diagram.">
    </Template>

    <Template NameU= "Fish Bone Left" Name= "Fishbone Left" Layout= "23" Theme= "31" DarkTheme= "3" Icon= "./left_fishbone.png" Description= "Fishbone diagrams is used to find out the root cause of an issue. It can also be called as Cause and Effect diagram.">
    </Template>

    <Template NameU= "Horizontal Timeline" Name= "Horizontal Timeline" Layout= "17" Theme= "31" DarkTheme= "9" Icon= "./line_horizontal.png" Description= "Timelines is a kind of code generated from human brain to record past events.">
    </Template>

    <Template NameU= "Winding Timeline" Name= "Winding Timeline" Layout= "18" Theme= "31" DarkTheme= "9" Icon= "./line_turn.png" Description= "Timelines is a kind of code generated from human brain to record past events.">
    </Template>

    <Template NameU= "Vertical Timeline" Name= "Vertical Timeline" Layout= "19" Theme= "31" DarkTheme= "9" Icon= "./line_vertical.png" Description= "Timelines is a kind of code generated from human brain to record past events.">
    </Template>
  
	<Template NameU= "Circle Map" Name= "Circular Map" Layout= "32" Theme= "31" DarkTheme= "3" Icon= "./circle.png" Description= 
	"Circular diagrams are divergent and are used to define, list out or think (brainstorm) events.">
    </Template>
  
	<Template NameU= "Bubble Map" Name= "Bubble Map" Layout= "31" Theme= "31" DarkTheme= "3" Icon= "./bubble.png" Description= 
	"Bubble maps can be used to compare concepts, recognize areas, or apply to planning and development strategies etc.">
    </Template>
  
	<Template NameU= "Sector Map" Name= "Sector Map" Layout= "30" Theme= "31" DarkTheme= "3" Icon= "./sector.png" Description= 
	"Sector maps can clearly display well-structured creative ideas.">
    </Template>
	
	<!-- <Template NameU= "Markdown" Name= "Markdown" Layout= "31" Theme= "16" DarkTheme= "15" Icon= "./sector.png" Description=  -->
	<!-- "Get rid of typography and focus on writing"> -->
    <!-- </Template> -->
</Gallery>