﻿<Gallery NameU= "Mind Map" Name= "Mindmap" Version= "1.0" Description= "Erstellen Sie Mindmaps, Baumansicht Mindmaps, Organigramm Mindmaps usw.">
    <Template NameU= "Radial Map" Name= "Mindmap" Layout= "8" Theme= "31" DarkTheme= "9" Icon= "./radial_map.png" Description= "Eine Mindmap durch die Verwendung von Illustrationen zu erstellen, und dann Ihre Denkens schnell auszudrücken.">
    </Template>

    <Template NameU= "Right Map" Name= "Einseitige Mindmap" Layout= "6" Theme= "31" DarkTheme= "9" Icon= "./right_map.png" Description= "Einseitige Mindmaps dienen dazu, den Informationsfluss zu beschreiben, die Probleme zu analysieren und die Gründe zu finden.">
    </Template>

    <Template NameU= "Tree Map" Name= "Baumansicht Mindmap" Layout= "3" Theme= "31" DarkTheme= "9" Icon= "./tree_map.png" Description= "Die Baumansicht Mindmaps organisiert Objekte mit übergeordneten und untergeordneten Hierarchien. Gemeinsame benutzt zur Aufzählung, Zusammenfassung und so weiter.">
    </Template>

    <Template NameU= "Org-Chart Map" Name= "Organigramm Mindmap" Layout= "2" Theme= "32" DarkTheme= "3" Icon= "./org_map.png" Description= "Organigramm ist ein Diagramm, das die Struktur des Unternehmens zeigt, das häufig verwendet wird, um Personalmanagement, Personalstruktur, Büroverwaltung und Managementstruktur usw. zu zeigen.">
    </Template>

	<Template NameU= "Fish Bone Right" Name= "Fischgrätendiagramm(Links)" Layout= "24" Theme= "31" DarkTheme= "9" Icon= "./right_fishbone.png" Description= "Fischgrätendiagramm ist eine Möglichkeit, die Ursache eines Problems zu finden. Es kann auch als Ursche-Wirkungs-Diagramm bezeichnet werden.">
	</Template>

	<Template NameU= "Fish Bone Left" Name= "Fischgrätendiagramm(Rechts)" Layout= "23" Theme= "31" DarkTheme= "9" Icon= "./left_fishbone.png" Description= "Fischgrätendiagramm ist eine Möglichkeit, die Ursache eines Problems zu finden. Es kann auch als Ursche-Wirkungs-Diagramm bezeichnet werden.">
	</Template>

	<Template NameU= "Horizontal Timeline" Name= "Horizontal Zeitleiste" Layout= "17" Theme= "31" DarkTheme= "9" Icon= "./line_horizontal.png" Description= "Die Zeitleiste ist eine Richtungscodierung dessen, was unser Gehirn in der Vergangenheit und in der Zukunft getan hat.">
	</Template>
	
	<Template NameU= "Winding Timeline" Name= "S Zeitleiste" Layout= "18" Theme= "31" DarkTheme= "9" Icon= "./line_turn.png" Description= "Die Zeitleiste ist eine Richtungscodierung dessen, was unser Gehirn in der Vergangenheit und in der Zukunft getan hat.">
	</Template>

	<Template NameU= "Vertical Timeline" Name= "Vertikal Zeitleiste" Layout= "19" Theme= "31" DarkTheme= "9" Icon= "./line_vertical.png" Description= "Die Zeitleiste ist eine Richtungscodierung dessen, was unser Gehirn in der Vergangenheit und in der Zukunft getan hat.">
	</Template>
	
	<Template NameU= "Circle Map" Name= "Kreis Map" Layout= "32" Theme= "31" DarkTheme= "3" Icon= "./circle.png" Description= 
	"Eine Kreis Map wird häufig verwendet, um etwas, eine Liste oder eine Zuordnung zu definieren(Brainstorming).">
    </Template>
	
	<Template NameU= "Bubble Map" Name= "Blasen Map" Layout= "31" Theme= "31" DarkTheme= "3" Icon= "./bubble.png" Description= 
	"Mit Blasen Map können Sie Konzepte vergleichen, Bereiche identifizieren oder Informationen wie Planungsdesign und Entwicklungsstrategien anwenden.">
    </Template>
	
	<Template NameU= "Sector Map" Name= "Sektor Map" Layout= "30" Theme= "31" DarkTheme= "3" Icon= "./sector.png" Description= 
	"Die Sektor Map zeigen die Kreativität in einer klaren Hierarchie.">
    </Template>
	
	<!-- <Template NameU= "Markdown" Name= "Markdown" Layout= "31" Theme= "16" DarkTheme= "15" Icon= "./sector.png" Description=  -->
	<!-- "摆脱排版的困扰，专注于写作"> -->
    <!-- </Template> -->
</Gallery>