﻿<Gallery NameU= "Mind Map" Name= "Mappa Mentale" Version= "1.0" Help= "create-mind-map.php" Description= "Le mappe mentali (rappresentazioni grafiche dei processi cognitivi) possono essere usate per brainstorming, risoluzione di problemi, analisi razionale e attività decisionale.">
    <Template NameU= "Radial Map" Name= "Mappa Radiale" Layout= "8" Theme= "31" DarkTheme= "9" Icon= "./radial_map.png" Description= "Creazione di mappe mentali che rappresentino idee e concetti.">
    </Template>

    <Template NameU= "Right Map" Name= "Mappa Destra" Layout= "6" Theme= "31" DarkTheme= "9" Icon= "./right_map.png" Description= "Creazione di mappe mentali con struttura gerarchica sviluppata a destra.">
    </Template>

    <Template NameU= "Tree Map" Name= "Mappa ad Albero" Layout= "3" Theme= "31" DarkTheme= "9" Icon= "./tree_map.png" Description= "Le mappe ad albero sono ideali per rappresentare grandi quantità di informazioni gerarchicamente strutturate.">
    </Template>

    <Template NameU= "Org-Chart Map" Name= "Organigramma" Layout= "2" Theme= "32" DarkTheme= "3" Icon= "./org_map.png" Description= "Gli organigramma mostrano la struttura di un'organizzazione, le relazioni e i relativi ranghi delle sue parti e posizioni.">
    </Template>

    <Template NameU= "Fish Bone Right" Name= "A Lisca di Pesce Destra" Layout= "24" Theme= "31" DarkTheme= "3" Icon= "./right_fishbone.png" Description= "I diagrammi a lisca di pesce si utilizzano per trovare la causa prima di un problema. Sono anche chiamati Diagrammi di Causa ed Effetto.">
    </Template>

    <Template NameU= "Fish Bone Left" Name= "A Lisca di Pesce Sinistra" Layout= "23" Theme= "31" DarkTheme= "3" Icon= "./left_fishbone.png" Description= "I diagrammi a lisca di pesce si utilizzano per trovare la causa prima di un problema. Sono anche chiamati Diagrammi di Causa ed Effetto.">
    </Template>

    <Template NameU= "Horizontal Timeline" Name= "Sequenza Temporale Orizzontale" Layout= "17" Theme= "31" DarkTheme= "9" Icon= "./line_horizontal.png" Description= "Le sequenze temporali costituiscono codici generati dal cervello umano per registrare eventi del passato.">
    </Template>

    <Template NameU= "Winding Timeline" Name= "Sequenza Temporale non Lineare" Layout= "18" Theme= "31" DarkTheme= "9" Icon= "./line_turn.png" Description= "Le sequenze temporali costituiscono codici generati dal cervello umano per registrare eventi del passato.">
    </Template>

    <Template NameU= "Vertical Timeline" Name= "Sequenza Temporale Verticale" Layout= "19" Theme= "31" DarkTheme= "9" Icon= "./line_vertical.png" Description= "Le sequenze temporali costituiscono codici generati dal cervello umano per registrare eventi del passato.">
    </Template>
  
	<Template NameU= "Circle Map" Name= "Mappa Circolare" Layout= "32" Theme= "31" DarkTheme= "3" Icon= "./circle.png" Description= 
	"I diagrammi circolari sono divergenti e sono utilizzare per definire, elencare o ideare (tramite brainstorm) eventi.">
    </Template>
  
	<Template NameU= "Bubble Map" Name= "Mappa a Bolla" Layout= "31" Theme= "31" DarkTheme= "3" Icon= "./bubble.png" Description= 
	"Le mappe a bolla possono essere usate per confrontare concetti, riconoscere aree, per pianificare e sviluppare strategie, ecc.">
    </Template>
  
	<Template NameU= "Sector Map" Name= "Mappa Settoriale" Layout= "30" Theme= "31" DarkTheme= "3" Icon= "./sector.png" Description= 
	"Le mappe settoriali sono in grado di rappresentare idee creative complesse e ben strutturate.">
    </Template>
	
	<!-- <Template NameU= "Markdown" Name= "Markdown" Layout= "31" Theme= "16" DarkTheme= "15" Icon= "./sector.png" Description=  -->
	<!-- "Metti da parte la tipografia e concentrati sulla scrittura"> -->
    <!-- </Template> -->
</Gallery>